customer_id,first_name,last_name,email,city,state,date_of_birth,customer_segment,registration_date
C000001,Vedika,Pau,dhriti41@example.net,Panchkula,Odisha,1993-09-04,Standard,2026-02-14
C000002,Suhani,Lal,sheremadhav@example.net,Singrauli,Uttarakhand,1991-03-11,Business,2025-08-09
C000003,Ishwar,Keer,bathnaksh@example.net,Bardhaman,Maharashtra,1977-09-23,Business,2025-01-14
C000004,William,Savant,shravya98@example.com,Delhi,Goa,1968-07-13,Business,2024-07-30
C000005,Fiyaz,Gade,chatterjeeisaac@example.net,Allahabad,Karnataka,1959-01-23,Business,2021-08-10
C000006,Yamini,Mander,isha45@example.net,Fatehpur,Arunachal Pradesh,2006-07-28,Standard,2022-07-02
C000007,Yug,Jain,jalsasrivastava@example.org,Guntur,Uttarakhand,1960-12-05,Standard,2025-12-14
C000008,Siya,Vig,batraviraj@example.net,Gwalior,Uttar Pradesh,2000-04-03,Business,2024-11-11
C000009,Krish,Raja,mukhopadhyayfaris@example.com,Raichur,Assam,1999-05-01,Standard,2021-11-26
C000010,Tejas,Modi,esule@example.com,Vasai-Virar,Madhya Pradesh,1970-10-22,Premium,2022-03-27
C000011,Dev,Bawa,,Haridwar,Manipur,1967-06-11,Standard,2023-02-17
C000012,Krish,Oommen,victor28@example.org,Gwalior,Chhattisgarh,2003-11-01,Premium,2023-02-18
C000013,Pranav,Ramachandran,purohitom@example.com,Bharatpur,Maharashtra,1947-01-05,Standard,2025-06-08
C000014,Jason,Kurian,elijah79@example.org,Pudukkottai,Telangana,1981-05-18,Standard,2022-08-13
C000015,Nandini,Hari,yuvraj15@example.net,Pondicherry,Assam,1983-09-07,Standard,2026-03-18
C000016,Aashi,Kohli,tanviloke@example.com,Mathura,Odisha,1958-09-02,Standard,2022-03-05
C000017,Udyati,Ramanathan,nsunder@example.net,Parbhani,Haryana,1982-02-02,Business,2023-02-11
C000018,Krishna,Bath,arunima89@example.net,Bhavnagar,Nagaland,1998-07-27,Standard,2024-12-31
C000019,Thomas,Varghese,wlad@example.org,Kamarhati,Madhya Pradesh,1956-07-16,Premium,2025-07-21
C000020,Riya,Konda,mchowdhury@example.com,Solapur,Arunachal Pradesh,1950-07-23,Standard,2023-01-11
C000021,Frederick,Gala,hemangmalhotra@example.com,Malegaon,Odisha,1989-07-01,Premium,2024-01-08
C000022,Radhika,Nayak,ganeshcharles@example.net,Malegaon,Rajasthan,1963-08-12,Standard,2025-11-30
C000023,Bachittar,Sarraf,jhalak36@example.net,Motihari,Karnataka,2005-09-11,Business,2023-04-04
C000024,Vrinda,Parikh,kritika67@example.net,Pudukkottai,Kerala,1951-04-22,Standard,2026-03-15
C000025,Maya,Nagy,meghakakar@example.com,Udaipur,Madhya Pradesh,1950-07-01,Premium,2023-03-01
C000026,Kashvi,Desai,advikabahri@example.net,Katni,Assam,1984-02-24,Standard,2025-11-18
C000027,Chakradhar,Koshy,chaudharyjeevika@example.com,Surat,Assam,1970-08-01,Standard,2022-06-06
C000028,Timothy,Peri,ekbal42@example.org,Ahmedabad,Odisha,1963-05-14,Business,2022-10-20
C000029,Arin,Kohli,caurora@example.net,Meerut,Bihar,1991-10-12,Standard,2023-12-10
C000030,Sanya,Nair,eiravati75@example.net,Kottayam,Uttar Pradesh,1982-10-19,Standard,2022-06-07
C000031,Yahvi,Kapadia,oram@example.org,Kolkata,Sikkim,1963-08-15,Business,2022-03-21
C000032,Vamakshi,Jani,radhika96@example.org,Sri Ganganagar,Assam,1979-12-07,Business,2025-05-19
C000033,Madhav,Johal,pranavmody@example.org,Gurgaon,Uttar Pradesh,1945-08-30,Standard,2022-06-10
C000034,Hemal,Sehgal,widisha51@example.net,Tenali,Tripura,1987-09-27,Business,2024-12-14
C000035,Balendra,Nath,rverma@example.com,Kakinada,Kerala,1966-03-03,Standard,2025-11-20
C000036,Anusha,Chaudhari,michaelnaidu@example.org,Jalna,Chhattisgarh,1966-03-02,premium,2024-05-23
C000037,Janya,Varma,zinalsarin@example.org,Bijapur,Karnataka,1947-06-02,Business,2024-11-23
C000038,Mohammed,Bahri,akaur@example.com,Rohtak,Gujarat,1960-07-31,Premium,2022-11-11
C000039,Aarini,Bains,daliamanbir@example.net,Ichalkaranji,Mizoram,1983-02-27,Standard,2024-05-07
C000040,Wahab,Kalita,tlad@example.com,Suryapet,Punjab,1984-11-03,standard,2025-04-22
C000041,Sarthak,Bobal,zzacharia@example.com,Jehanabad,Assam,1994-04-19,Premium,2022-02-28
C000042,Sai,Sha,unnatikeer@example.org,Jalgaon,Kerala,1952-09-04,Standard,2022-04-11
C000043,Nathaniel,Jayaraman,,Gangtok,Nagaland,1996-09-06,Business,2026-08-02
C000044,Darpan,Sastry,ekantadutt@example.net,Kollam,West Bengal,1966-10-31,Standard,2025-12-25
C000045,Onveer,Mital,yashawinikrishnamurthy@example.org,Sri Ganganagar,Gujarat,1980-09-07,Business,2025-05-26
C000046,Chanchal,Singh,dugalyoshita@example.net,Proddatur,Rajasthan,1990-10-14,Premium,2022-07-22
C000047,Zinal,Chaudhari,vanshagill@example.com,Hindupur,Arunachal Pradesh,1999-05-29,Standard,2025-08-13
C000048,Odika,Manda,esubramaniam@example.com,Madurai,Mizoram,1979-04-14,Premium,2024-09-09
C000049,Eshana,Konda,krishna53@example.org,Dehri,Goa,1955-01-09,Standard,2023-09-28
C000050,Wriddhish,Prashad,wishimanne@example.com,Karimnagar,Assam,1990-11-07,Standard,2026-03-26
C000051,Gavin,Sachar,xitisetty@example.net,Gulbarga,Gujarat,1958-11-18,Business,2023-10-16
C000052,Oliver,Om,qchoudhry@example.net,Pune,Tamil Nadu,1947-04-30,Premium,2024-10-26
C000053,Omkaar,Minhas,banjeet40@example.com,Naihati,Telangana,1983-12-06,Standard,2025-09-26
C000054,Advaith,Manda,hseshadri@example.com,Gulbarga,Sikkim,1950-08-20,Business,2021-11-07
C000055,Bakhshi,Srinivasan,krishraghav@example.net,Lucknow,Nagaland,1950-08-10,Standard,2022-07-17
C000056,Avi,Vaidya,jeremiahtoor@example.com,Muzaffarnagar,Odisha,1972-10-26,Business,2025-07-10
C000057,Yuvraj,Yogi,loyalzaitra@example.org,Tiruppur,Punjab,1951-09-30,Standard,2024-07-08
C000058,Hemani,Mand,xbatta@example.com,Ramgarh,Sikkim,1960-04-18,Business,2022-10-29
C000059,Logan,Dua,rsuresh@example.org,Secunderabad,Karnataka,1954-06-17,Business,2024-05-12
C000060,Omisha,Shenoy,xalak55@example.net,Raurkela Industrial Township,Meghalaya,2006-04-22,Premium,2023-10-26
C000061,Jacob,Bora,groverisaac@example.net,Chittoor,Chhattisgarh,1979-09-04,Premium,2023-09-15
C000062,Quincy,Ahluwalia,oatwal@example.net,Nagercoil,Uttar Pradesh,1989-08-26,Premium,2025-12-02
C000063,Vihaan,Jaggi,gnagy@example.com,Bardhaman,Arunachal Pradesh,1981-08-27,Business,2021-09-10
C000064,Yochana,Chowdhury,libninath@example.com,Uluberia,Himachal Pradesh,1967-12-06,Standard,2025-05-19
C000065,Ikshita,De,inadig@example.org,Guntakal,Karnataka,1978-01-02,Premium,2024-10-05
C000066,Gopal,Varghese,atandon@example.com,Shimla,Odisha,1956-10-18,Business,2023-04-16
C000067,Viraj,Deol,bhattiwyatt@example.com,Ujjain,Punjab,2002-11-11,Premium,2022-08-07
C000068,Jalsa,Rajan,fnanda@example.org,Tenali,Bihar,1963-02-04,Standard,2023-07-24
C000069,Isaac,Din,khareindira@example.net,Sri Ganganagar,Madhya Pradesh,1991-01-15,Standard,2026-01-11
C000070,Barkha,Datta,indira47@example.com,Navi Mumbai,Maharashtra,1994-10-08,Standard,2024-06-05
C000071,Yug,Solanki,waliwatika@example.com,Akola,Nagaland,1951-07-25,Premium,2023-08-12
C000072,Chaitaly,Mukhopadhyay,odika89@example.org,Jehanabad,Telangana,1978-04-06,Standard,2026-04-08
C000073,Hemal,Borah,shettyneha@example.net,Kota,Tripura,2002-08-06,Business,2025-10-01
C000074,Qadim,Pai,kamalanarayan@example.com,Shahjahanpur,Madhya Pradesh,2008-02-21,Premium,2023-12-19
C000075,Nidhi,Sanghvi,ewalia@example.com,Tirupati,Uttarakhand,1997-11-24,Business,2022-09-19
C000076,Kalpit,Prasad,xkar@example.com,Hazaribagh,Telangana,1954-06-08,Business,2023-06-12
C000077,Pushti,Patel,rajatabahl@example.com,Raipur,Telangana,1980-09-07,Premium,2022-06-22
C000078,Thomas,Ganesh,panini05@example.org,Katni,Odisha,2005-01-30,Premium,2022-12-22
C000079,Vidhi,Narasimhan,etasubramanian@example.com,Kanpur,Mizoram,1962-11-09,Premium,2024-11-04
C000080,Aashi,Suri,ira39@example.com,Kadapa,Nagaland,1985-08-08,Premium,2022-04-12
C000081,Darika,Gera,bosetamanna@example.org,Barasat,Kerala,1984-12-20,Standard,2024-04-24
C000082,Vincent,Gala,ubika03@example.net,Morbi,Arunachal Pradesh,1971-06-10,Business,2023-12-26
C000083,Urvi,Chada,farajrao@example.org,Hindupur,Bihar,1964-12-29,Business,2022-02-28
C000084,Nirja,Bahri,xvasa@example.org,Durg,Andhra Pradesh,1998-03-17,Premium,2023-06-21
C000085,Kavya,Tank,yahvinair@example.com,Varanasi,Haryana,1948-07-28,Business,2026-05-27
C000086,Atharv,Purohit,purohityadavi@example.org,Bareilly,Nagaland,1975-11-28,Business,2026-01-25
C000087,Bhavini,Deep,somnaveen@example.com,Ujjain,Haryana,1957-01-20,Premium,2023-04-06
C000088,Ucchal,Pillay,hiralkamdar@example.net,Srikakulam,Mizoram,1964-10-19,Standard,2022-03-05
C000089,Saksham,Agate,atichakrabarti@example.org,Ludhiana,Arunachal Pradesh,2007-08-31,Business,2026-04-15
C000090,Sanya,Wali,waziragrawal@example.com,Patna,Maharashtra,2000-04-12,Premium,2023-06-03
C000091,Watika,Goel,memonzarna@example.com,Nadiad,Assam,1970-09-07,Business,2024-02-19
C000092,Zaid,Mand,zkhare@example.com,Khora ,Haryana,1979-11-16,Standard,2025-03-27
C000093,Ishani,Parmer,tataluke@example.com,Mango,Sikkim,1966-02-25,Premium,2022-09-21
C000094,Lavanya,Prashad,blad@example.net,Dharmavaram,Punjab,2005-02-28,Business,2023-07-16
C000095,Zashil,Kalita,maanas88@example.org,Bally,Kerala,1981-04-28,Premium,2025-03-26
C000096,Tanay,Sachdev,adwetakant@example.net,Nadiad,Sikkim,1960-02-08,Business,2023-03-22
C000097,Ucchal,Karpe,jagvidhar@example.com,Bhiwandi,Tamil Nadu,2003-06-23,Standard,2023-11-12
C000098,Chameli,Agarwal,pbhardwaj@example.org,Durgapur,Arunachal Pradesh,1966-11-22,Premium,2025-07-10
C000099,Suhani,Loke,yatansangha@example.org,Agra,Odisha,1958-10-25,Premium,2024-05-01
C000100,Turvi,Grover,epandey@example.net,Ballia,Karnataka,1989-01-26,Business,2021-11-18
C000101,Ayushman,Sahota,abadal@example.net,Karimnagar,Chhattisgarh,1970-12-23,Standard,2022-02-10
C000102,Oeshi,Madan,akshay72@example.com,Barasat,Maharashtra,2007-12-04,Standard,2026-03-31
C000103,Luke,Suri,usrivastava@example.com,Agartala,Andhra Pradesh,1955-05-20,Standard,2026-04-19
C000104,Turvi,Bajaj,zbhargava@example.com,Gulbarga,Assam,1965-04-20,Premium,2023-07-21
C000105,Garima,Mohan,shethishita@example.org,Bilaspur,West Bengal,1978-10-17,Business,2024-09-07
C000106,Viraj,Sankaran,jdey@example.org,Nagpur,Goa,1997-08-02,Premium,2023-08-24
C000107,Ishita,Dara,rdubey@example.com,Jamalpur,Karnataka,2005-01-06,Premium,2023-01-03
C000108,Abha,Bains,chamanpanchal@example.net,Gopalpur,Punjab,1969-09-19,business,2025-05-01
C000109,Jalsa,Tak,xchatterjee@example.com,Shimla,Mizoram,2004-05-25,Standard,2022-05-23
C000110,Hemangini,Raju,farisbarad@example.org,Patna,Andhra Pradesh,1952-02-11,Business,2023-10-23
C000111,Hema,Bedi,vasashravya@example.com,Chittoor,Sikkim,1972-02-19,Premium,2025-03-10
C000112,Neelima,Mukhopadhyay,mittaltriveni@example.net,Guwahati,Maharashtra,1997-05-20,Standard,2023-10-27
C000113,Lavanya,Zachariah,oshamagar@example.com,Mathura,Bihar,1966-06-13,Premium,2024-01-26
C000114,Anusha,Mahajan,wableabhiram@example.org,Rajkot,Rajasthan,1965-05-24,Premium,2025-06-05
C000115,Ganga,Brar,pahalsalvi@example.com,Haldia,Arunachal Pradesh,1964-04-18,Standard,2025-12-26
C000116,Meera,Chacko,vshetty@example.com,Haridwar,Tamil Nadu,2006-05-17,Standard,2025-04-16
C000117,Nicholas,Tata,nikitabanik@example.net,Hosur,Meghalaya,1949-08-14,Premium,2024-12-10
C000118,Lavanya,Saraf,udarsh08@example.org,Arrah,Goa,1980-05-25,Premium,2021-10-09
C000119,Ucchal,Tella,raaginidua@example.net,Kirari Suleman Nagar,Punjab,1966-04-28,Standard,2024-07-10
C000120,Chasmum,Bhatia,tejassawhney@example.org,Cuttack,Tripura,1946-02-12,Premium,2025-04-10
C000121,Jatin,Pai,victor42@example.org,Hapur,Punjab,1961-04-26,Business,2025-12-08
C000122,Leela,Saini,wdada@example.net,Giridih,Goa,1992-07-02,Premium,2021-10-09
C000123,Tamanna,Raja,oliver55@example.org,Ambarnath,Punjab,2008-08-01,Premium,2026-06-06
C000124,Arunima,Dani,aishani57@example.com,Mau,Meghalaya,1978-06-24,Premium,2022-05-18
C000125,Osha,Chander,bhattadya@example.net,Anantapuram,Tripura,1990-08-14,Standard,2024-07-23
C000126,Charles,Mangal,nkannan@example.com,Arrah,Tamil Nadu,2003-10-16,Standard,2023-12-13
C000127,Urvi,Varghese,harshil71@example.net,Udaipur,Uttar Pradesh,1967-09-12,Premium,2025-02-02
C000128,Tanveer,Biswas,chhabravrinda@example.org,Belgaum,Uttarakhand,1974-01-20,Standard,2025-03-08
C000129,Chatresh,Sastry,chavvikakar@example.net,Ongole,Chhattisgarh,2007-04-12,Standard,2023-03-30
C000130,Yashawini,Jayaraman,aditya96@example.net,Ajmer,Telangana,1969-09-29,Business,2026-04-06
C000131,Krishna,Kumar,borahmaanav@example.com,Maheshtala,Kerala,2006-04-04,Premium,2025-09-17
C000132,Arunima,Bandi,ikbalwable@example.net,Katihar,Haryana,1945-12-13,Premium,2025-08-22
C000133,Inaya,Zachariah,bainsekapad@example.org,Dharmavaram,Maharashtra,1974-09-08,Business,2022-02-21
C000134,Gautam,Shroff,maniabhimanyu@example.com,Shivpuri,Gujarat,1977-04-02,Premium,2022-03-16
C000135,Chatresh,Choudhry,niharika82@example.net,Farrukhabad,Kerala,2000-03-29,Business,2025-01-28
C000136,Chavvi,Nadig,loyalmeera@example.org,Jalgaon,Tripura,1972-01-06,Premium,2023-11-28
C000137,Shaurya,Bhatnagar,arunima32@example.com,South Dumdum,Nagaland,1952-09-29,Business,2024-12-22
C000138,Vanya,Vaidya,viraj43@example.org,Rajkot,Madhya Pradesh,1953-01-07,Standard,2025-03-31
C000139,Aditya,Rattan,hamsinivenkataraman@example.com,Mira-Bhayandar,Assam,1992-08-31,Business,2024-05-16
C000140,Zashil,Chada,schhabra@example.net,Nadiad,Jharkhand,2007-09-28,Business,2023-09-08
C000141,Tejas,Bhatt,sonioeshi@example.net,Thanjavur,Bihar,1986-08-08,Premium,2023-12-11
C000142,Yachana,Rajan,maharajkrish@example.net,Satara,Uttar Pradesh,1988-02-09,Premium,2024-08-08
C000143,Anthony,Ramaswamy,gautamideo@example.org,Sambalpur,Odisha,1946-01-30,Business,2022-02-13
C000144,Mitesh,Bhatia,garima44@example.com,Hazaribagh,Sikkim,1993-03-28,Premium,2022-06-11
C000145,Balvan,Mann,tanmayibanik@example.net,Surendranagar Dudhrej,Manipur,1981-05-06,Business,2023-05-08
C000146,Ojasvi,Karan,sanya05@example.org,Ichalkaranji,Tripura,1959-04-23,Standard,2022-12-25
C000147,Mason,Karpe,chaudhryaishani@example.net,Rohtak,Meghalaya,1971-09-29,Standard,2026-05-03
C000148,Janaki,Pillay,osangha@example.net,Dharmavaram,West Bengal,1950-04-10,Standard,2025-10-05
C000149,Wriddhish,Chada,shamekhala@example.net,Panihati,Chhattisgarh,1985-03-18,Standard,2025-09-20
C000150,Bhavini,Thaker,patilhiral@example.net,Hosur,Andhra Pradesh,1973-10-28,Standard,2024-12-09
C000151,Tarak,Bajaj,dadarudra@example.org,Uluberia,Sikkim,1988-04-23,Premium,2026-06-29
C000152,Bhavika,Ben,sidhusamuel@example.org,Munger,Tripura,1997-04-11,Standard,2022-05-18
C000153,Mekhala,Natt,yogijairaj@example.net,Dehradun,Meghalaya,1953-11-30,Premium,2023-05-09
C000154,Benjamin,Mall,vinayasarna@example.org,Hindupur,Tamil Nadu,1969-10-18,Premium,2021-11-05
C000155,Hardik,Shere,vansha72@example.org,Raipur,Kerala,1966-07-10,Premium,2021-11-16
C000156,Manan,Mani,faqid60@example.com,Begusarai,Gujarat,2005-04-08,Business,2025-12-16
C000157,Nidhi,Salvi,jkaran@example.net,Shahjahanpur,Nagaland,2008-04-18,Premium,2024-01-14
C000158,Varsha,Thakur,sai34@example.com,Saharsa,Bihar,1979-06-12,Business,2024-05-16
C000159,Vincent,Nair,victor13@example.com,Kalyan-Dombivli,Jharkhand,1980-03-21,Business,2024-08-09
C000160,Chaitanya,Keer,kloke@example.org,Malegaon,Tripura,1983-05-02,Standard,2025-08-28
C000161,Ekiya,Nigam,nkoshy@example.net,Khammam,Bihar,1979-09-07,Business,2026-04-23
C000162,Barkha,Behl,issacmohammed@example.com,Panipat,Maharashtra,1950-03-16,Standard,2024-02-22
C000163,Wazir,Sankaran,georgeshan@example.com,Bahraich,Punjab,1972-06-21,Premium,2023-08-21
C000164,Ira,Loyal,sreddy@example.org,Hazaribagh,Karnataka,1970-01-18,Premium,2026-03-05
C000165,Yasti,Mohanty,ucheema@example.com,Aizawl,Gujarat,1986-04-25,Standard,2023-01-03
C000166,Eta,Patla,finnganguly@example.com,Kamarhati,Goa,1996-05-20,Standard,2026-08-01
C000167,Leela,Arya,udarshghose@example.com,Raurkela Industrial Township,Meghalaya,1972-05-07,Standard,2021-10-08
C000168,Dalaja,Goswami,parekhjagat@example.com,Sangli-Miraj & Kupwad,Goa,1972-04-06,Premium,2023-11-29
C000169,Faqid,Butala,anmol79@example.net,Bhatpara,Jharkhand,1978-01-28,Standard,2025-04-20
C000170,Tristan,Soni,cmuni@example.com,Bidhannagar,Uttar Pradesh,1965-07-27,Premium,2026-05-05
C000171,Nathan,Sarraf,ananda@example.net,Mathura,Chhattisgarh,1987-01-28,Standard,2022-08-04
C000172,Triya,Sahni,xdoshi@example.com,Ambarnath,Tripura,1976-03-15,Standard,2025-11-19
C000173,Benjamin,Sant,grovervarenya@example.net,Unnao,Telangana,1947-06-08,Premium,2023-12-09
C000174,Aarna,Nayar,harrisonsengupta@example.net,Pudukkottai,Andhra Pradesh,1960-01-28,Premium,2022-12-12
C000175,Christopher,Palla,sudikshasarin@example.org,Panchkula,Uttarakhand,1946-11-03,Business,2025-12-14
C000176,Advay,Sarkar,brijesh03@example.com,Rampur,Jharkhand,1978-08-14,Standard,2023-07-17
C000177,Arin,Rastogi,sachichoudhry@example.com,Guna,Goa,2004-12-26,Standard,2022-12-29
C000178,Jhalak,Sandhu,qushi03@example.com,Korba,Maharashtra,2001-05-01,Premium,2023-09-25
C000179,Omisha,Pillai,oscartalwar@example.org,Jaipur,Tamil Nadu,1949-03-15,Premium,2021-11-25
C000180,Ekaraj,Kaul,dattaekalinga@example.com,Siliguri,Uttar Pradesh,1991-12-02,Business,2022-06-19
C000181,Xiti,Nagy,badalcharan@example.net,Chandrapur,Himachal Pradesh,2000-03-30,Premium,2023-10-07
C000182,Wazir,Lalla,mannantriya@example.net,Parbhani,Mizoram,1947-03-25,Standard,2022-11-27
C000183,Jai,Tripathi,chameli36@example.com,Vellore,Goa,1949-06-25,Business,2024-06-07
C000184,Tara,Nadig,calebravel@example.net,Kanpur,Rajasthan,2006-12-09,Standard,2023-01-01
C000185,Amara,Mukhopadhyay,shivansh51@example.com,Shimla,Andhra Pradesh,1952-03-20,Business,2025-11-10
C000186,Logan,Narayan,guhadamini@example.com,Gudivada,Madhya Pradesh,1954-04-01,Business,2022-05-16
C000187,Luke,Atwal,rajyamini@example.net,Durgapur,Andhra Pradesh,1954-07-17,Business,2024-04-22
C000188,Nirja,Saraf,contractorupasna@example.com,Rohtak,Tripura,1957-10-06,Premium,2022-10-08
C000189,Janya,Balan,nsodhi@example.net,Tadepalligudem,Meghalaya,1953-11-22,Standard,2022-07-03
C000190,Kalpit,Chaudhari,mchacko@example.net,Surendranagar Dudhrej,Tripura,1965-06-18,Business,2022-04-01
C000191,Ansh,Kar,rkapur@example.net,Jamshedpur,Gujarat,1970-03-20,Premium,2022-02-04
C000192,Bhavika,Mammen,rajeshri77@example.com,Udupi,Madhya Pradesh,1967-11-09,Premium,2024-01-21
C000193,Lila,Rastogi,radhavarughese@example.com,Saharsa,Punjab,1963-05-27,Business,2023-02-28
C000194,Udyati,Shanker,bdass@example.com,Gaya,Maharashtra,1946-06-28,Premium,2026-01-22
C000195,Rehaan,Saran,paninibhagat@example.com,Anand,Tripura,1969-01-13,Premium,2022-11-14
C000196,Ekavir,Bora,meghanarajagopal@example.net,Nizamabad,Sikkim,1956-09-11,Standard,2025-04-18
C000197,Krish,Sehgal,ashetty@example.org,Ratlam,Telangana,2007-03-24,Premium,2022-03-01
C000198,Aashi,Sarna,ekalinga22@example.net,Kamarhati,West Bengal,1992-02-22,Premium,2023-07-16
C000199,Damini,Biswas,cbhavsar@example.com,Karimnagar,Gujarat,1999-10-22,Premium,2025-08-15
C000200,Veda,Shenoy,bhatnagarnisha@example.com,Hosur,Chhattisgarh,1991-10-28,Business,2024-06-18
C000201,Ethan,Iyengar,narayangaurika@example.net,Bhusawal,Mizoram,1991-01-21,Premium,2023-12-19
C000202,Priya,Karan,bhavini20@example.net,Ajmer,Uttarakhand,2006-06-04,Standard,2021-11-03
C000203,Rajata,Gulati,naiduneha@example.com,Hospet,Uttarakhand,1955-07-14,Premium,2023-02-14
C000204,Nicholas,Iyer,xvarkey@example.net,Secunderabad,Punjab,1950-12-14,Premium,2025-07-13
C000205,Jason,Choudhry,bswaminathan@example.com,Karimnagar,Sikkim,1974-12-15,Premium,2024-12-18
C000206,Netra,Gole,udant73@example.net,Kollam,Gujarat,1994-11-10,Business,2023-10-26
C000207,Kiaan,Sampath,amruta33@example.net,Giridih,Uttar Pradesh,1990-05-02,Business,2025-02-13
C000208,Aryan,Goda,boradhriti@example.net,Medininagar,Kerala,2001-10-08,Business,2025-04-12
C000209,Ikbal,Swamy,meghanadesai@example.net,Farrukhabad,Karnataka,1979-01-30,Premium,2021-08-11
C000210,Triya,Choudhary,jairaj38@example.net,Madhyamgram,Odisha,1970-11-05,Premium,2023-06-12
C000211,Gopal,Mallick,yagneshbawa@example.org,Burhanpur,Andhra Pradesh,1986-03-16,Standard,2025-10-30
C000212,Qarin,Chawla,hayrefaras@example.net,Vijayawada,Sikkim,1989-11-26,Business,2021-09-03
C000213,Jai,Vala,nagyabhimanyu@example.net,Bardhaman,Chhattisgarh,1962-04-04,Business,2025-11-01
C000214,Falguni,D’Alia,lmajumdar@example.org,Morbi,Meghalaya,1952-07-29,Standard,2026-05-22
C000215,Shivansh,Prabhu,yahvikapur@example.org,Aligarh,Tripura,1986-06-30,Premium,2023-10-16
C000216,Nathan,Din,inaya62@example.net,Hospet,Telangana,1958-12-07,Business,2025-03-29
C000217,Mitali,Vaidya,bariadarika@example.org,Bijapur,Andhra Pradesh,2008-04-16,Business,2021-10-26
C000218,Chandresh,Saran,kpatil@example.org,Ahmednagar,Rajasthan,1983-10-26,Standard,2021-10-09
C000219,Manya,Mallick,kdhaliwal@example.net,Tiruppur,Gujarat,1980-06-24,Business,2024-10-28
C000220,Theodore,Hora,kabirrai@example.net,Ulhasnagar,Andhra Pradesh,1992-10-04,Standard,2022-07-30
C000221,Yashoda,Kalla,ybhat@example.net,Gwalior,Rajasthan,2000-08-29,Premium,2024-09-12
C000222,Krishna,Sethi,samarth20@example.com,Guna,Sikkim,1988-03-29,Premium,2025-02-13
C000223,Priya,Ray,gavin08@example.com,Agartala,Goa,2005-06-14,Premium,2025-11-08
C000224,Damini,Kakar,vcheema@example.net,Loni,Goa,1973-04-08,Business,2025-12-21
C000225,Bakhshi,Barad,xavier99@example.net,Kirari Suleman Nagar,West Bengal,1974-01-14,Business,2022-04-17
C000226,Ekansh,Bala,michael04@example.org,Yamunanagar,Sikkim,1954-07-03,Standard,2022-06-22
C000227,Chaman,Bhatnagar,vihaan94@example.net,Bilaspur,Himachal Pradesh,1994-08-10,Business,2023-12-15
C000228,Gaurang,Bal,manyabora@example.org,Karnal,Rajasthan,1979-11-24,Business,2026-01-25
C000229,Nihal,Palla,dkhanna@example.org,Rohtak,Tripura,1961-03-05,Business,2024-04-09
C000230,Jeremiah,Nori,osha95@example.net,Karaikudi,Karnataka,1991-01-21,Standard,2025-02-25
C000231,Chanchal,Prashad,mukhopadhyayudant@example.org,Salem,Uttarakhand,1951-06-14,Business,2025-04-15
C000232,Hamsini,Purohit,boseisaac@example.net,Noida,Chhattisgarh,1947-05-28,Business,2026-08-02
C000233,Leena,Chahal,vradhakrishnan@example.org,Shivpuri,Tripura,2004-11-02,Premium,2022-05-19
C000234,Robert,Sharaf,jeremiah67@example.net,Udupi,Uttarakhand,2005-01-20,Premium,2024-02-13
C000235,Sneha,Solanki,jhayer@example.com,Sasaram,Chhattisgarh,1991-09-05,Business,2024-07-04
C000236,Chandresh,Tak,siddharth79@example.net,Bilaspur,Karnataka,1977-07-08,Premium,2023-09-03
C000237,Lakshit,Sane,vanyachoudhury@example.com,Kottayam,Meghalaya,1987-05-27,Premium,2023-10-02
C000238,Girik,Acharya,abhalla@example.net,Panvel,Haryana,1950-09-04,Business,2021-12-13
C000239,Lakshit,Sem,bhattlaban@example.net,Nashik,Chhattisgarh,1996-08-14,Standard,2021-09-21
C000240,Edhitha,Mander,dattaadvika@example.net,Ozhukarai,Uttarakhand,1967-07-22,Premium,2023-07-12
C000241,Vasatika,Bala,ikshita43@example.com,Raiganj,Andhra Pradesh,1985-04-26,Business,2021-08-08
C000242,Kritika,Sem,khuranaabeer@example.com,Jamnagar,Karnataka,1958-12-18,Business,2022-12-23
C000243,Wridesh,Wagle,jyotisingh@example.org,Raurkela Industrial Township,Haryana,1952-12-31,Business,2021-08-25
C000244,Rushil,Badal,nprasad@example.net,Tadepalligudem,Uttarakhand,1971-10-17,Business,2021-11-30
C000245,Madhav,Jain,varkeyadvika@example.net,Nashik,Bihar,1954-09-29,Standard,2024-05-11
C000246,Brijesh,Palan,omajadeol@example.org,Patna,Chhattisgarh,1975-06-16,Standard,2026-03-20
C000247,Qadim,Vohra,turvi68@example.org,Malegaon,Meghalaya,1957-10-09,Premium,2026-02-24
C000248,Aachal,Yohannan,khatriharshil@example.com,Meerut,Punjab,2005-11-09,Business,2021-11-15
C000249,Aahana,Chhabra,amarachahal@example.net,Chandrapur,Jharkhand,1991-09-16,Standard,2023-11-20
C000250,Adweta,Hora,lekhakapoor@example.org,Tenali,Bihar,1982-04-17,Premium,2026-03-04
C000251,Vedhika,Patil,jnarula@example.com,Howrah,Nagaland,1958-07-11,Business,2025-12-02
C000252,Ekani,Datta,tara29@example.org,Kamarhati,Madhya Pradesh,1976-06-27,business,2024-04-28
C000253,Kevin,Sarin,hiteshthakur@example.net,Sasaram,Sikkim,1992-02-12,Business,2026-04-02
C000254,Madhavi,Parekh,sudikshachatterjee@example.com,Miryalaguda,Maharashtra,1950-09-30,Business,2023-07-16
C000255,Reyansh,Barad,varenya02@example.com,Tiruchirappalli,Goa,1999-09-01,Standard,2024-08-13
C000256,Alexander,Batra,sethioeshi@example.net,Bhopal,Himachal Pradesh,2004-03-21,Standard,2025-07-16
C000257,Falguni,Vasa,luckyacharya@example.com,Nashik,Punjab,1994-08-01,Standard,2022-11-17
C000258,Ria,Yogi,maanas19@example.org,Parbhani,Assam,1987-04-01,Business,2022-06-25
C000259,Manan,Gera,ekaraj97@example.org,Katni,Odisha,1988-11-18,Premium,2023-12-01
C000260,Arya,Dara,praneel28@example.com,Ambarnath,Madhya Pradesh,1990-05-22,Premium,2024-07-18
C000261,Rachita,Sekhon,tanvidada@example.com,Hapur,Meghalaya,1956-06-08,Standard,2025-11-25
C000262,Bhanumati,Apte,eshanabahri@example.com,Kishanganj,West Bengal,1997-07-03,Premium,2025-02-15
C000263,Sudiksha,Randhawa,vgrover@example.net,Bareilly,Chhattisgarh,1952-10-05,Business,2022-05-31
C000264,Faras,Shankar,darikahora@example.net,Bathinda,Uttarakhand,1977-08-03,Standard,2026-06-16
C000265,Oviya,Trivedi,reyansh52@example.com,Suryapet,Telangana,1982-07-26,Standard,2024-02-23
C000266,Amaira,Sane,pahal19@example.org,Jaipur,Uttarakhand,1978-12-31,Premium,2023-12-28
C000267,Charita,Chhabra,anitasant@example.com,Ambattur,Maharashtra,1967-07-05,Standard,2022-01-18
C000268,Mitali,Aurora,vihaan05@example.org,Nagaon,Haryana,1993-06-29,Business,2022-05-17
C000269,Rushil,Gupta,oscarbatra@example.com,Mysore,Maharashtra,1976-06-14,Premium,2025-04-17
C000270,Advika,Om,deshpandeoviya@example.net,Katihar,Andhra Pradesh,1984-09-17,Premium,2023-02-20
C000271,Thomas,Sengupta,chandrahitesh@example.com,Aurangabad,Tamil Nadu,1973-07-01,Premium,2022-08-18
C000272,Raagini,Kanda,osen@example.net,Gaya,Gujarat,1950-06-05,Business,2022-07-19
C000273,Chandresh,Pandit,kainayak@example.org,Gurgaon,Uttar Pradesh,1967-01-12,Premium,2024-05-13
C000274,Harish,Jhaveri,daksha55@example.com,Mango,Assam,1956-12-20,Standard,2022-10-01
C000275,Aayush,Saha,treddy@example.org,Bidar,Himachal Pradesh,1962-12-14,Standard,2023-08-24
C000276,Quincy,Tank,tdeshpande@example.com,Bijapur,Arunachal Pradesh,1968-10-11,Premium,2025-01-24
C000277,Harita,Lad,poojabhargava@example.com,Ghaziabad,Punjab,2008-01-10,Business,2021-08-24
C000278,Hemani,Gara,pallarudra@example.net,Kishanganj,Kerala,1970-03-20,Business,2026-05-01
C000279,Vidhi,Raju,chaitaly99@example.net,Bettiah,Andhra Pradesh,1974-07-28,Business,2026-02-28
C000280,Kamya,Mohanty,kevin02@example.net,Panihati,Sikkim,1966-05-04,Premium,2021-09-21
C000281,Ekanta,Sharma,wsahota@example.net,Aligarh,Mizoram,2000-05-04,Business,2026-03-07
C000282,Krishna,Patla,omisha55@example.com,Maheshtala,Assam,1959-08-28,Business,2023-01-10
C000283,Sara,Subramanian,zchaudhry@example.org,Bhatpara,Meghalaya,2006-04-19,Standard,2024-11-29
C000284,Rachana,Goda,chakradhar23@example.org,Baranagar,Mizoram,1956-12-20,Business,2021-08-11
C000285,Zilmil,Chaudhari,msrinivasan@example.net,Madhyamgram,Telangana,1987-08-11,Business,2021-10-11
C000286,Vidhi,Andra,xavier02@example.org,Bhavnagar,West Bengal,1949-10-05,Premium,2026-02-11
C000287,Viraj,Rastogi,george68@example.com,Hajipur,Uttarakhand,1965-07-22,Standard,2024-03-20
C000288,Azad,Mani,harinakshi34@example.net,Jamnagar,Telangana,1948-11-17,Premium,2025-09-12
C000289,Ojasvi,Rajagopal,ipatel@example.org,Bhavnagar,Gujarat,1969-02-07,Premium,2024-10-01
C000290,Pranit,Reddy,tmerchant@example.net,Srikakulam,Odisha,1973-05-31,Premium,2024-12-05
C000291,Unni,Chadha,sraghavan@example.org,Jaipur,Maharashtra,2002-04-19,Premium,2021-08-18
C000292,Qadim,Kapoor,rishijoshi@example.org,Hubli–Dharwad,Sikkim,1949-10-01,Business,2022-03-14
C000293,Urvi,Narain,zrout@example.net,Bahraich,Telangana,1989-05-07,Business,2025-06-20
C000294,Michael,Mohan,baghyawati99@example.com,Rewa,Haryana,1955-09-12,Premium,2025-04-11
C000295,Rushil,Dash,kashvishetty@example.org,Haldia,Manipur,2003-04-24,Standard,2021-09-10
C000296,Bahadurjit,Mittal,nkakar@example.net,Nizamabad,Punjab,1979-11-07,Premium,2024-02-01
C000297,Ojas,Mahajan,tanmayi74@example.com,Jamalpur,Tripura,1999-12-17,Business,2026-02-26
C000298,Shravya,Chauhan,falak47@example.org,Giridih,Haryana,1988-11-10,Premium,2024-06-23
C000299,Kala,Zacharia,widisha81@example.net,Danapur,Tamil Nadu,1989-06-16,Business,2023-06-29
C000300,Urvashi,Keer,kothariaayush@example.org,Proddatur,Assam,1980-08-31,Standard,2023-07-08
C000301,Anmol,Kalla,pallavisandal@example.net,Tadipatri,Uttar Pradesh,1983-11-02,Business,2025-01-16
C000302,Jyoti,Ben,horachandran@example.org,Pudukkottai,Meghalaya,1954-09-14,Premium,2023-11-09
C000303,Pahal,Warrior,theodore99@example.net,Mau,Karnataka,2007-03-03,Business,2025-11-13
C000304,Samarth,Pandit,champak57@example.net,Shivpuri,West Bengal,2004-09-12,Premium,2025-05-23
C000305,Ekaraj,D’Alia,luthrachakradev@example.net,Maheshtala,Madhya Pradesh,1998-03-30,Standard,2025-07-13
C000306,Nitesh,Gill,wyatt33@example.com,Bhalswa Jahangir Pur,Jharkhand,1998-07-28,Standard,2023-10-24
C000307,Xalak,Sami,jalsayadav@example.com,Tirunelveli,Meghalaya,1968-09-30,Standard,2023-09-04
C000308,Logan,Som,nkarpe@example.org,Gandhinagar,Tamil Nadu,1970-02-28,Premium,2024-10-06
C000309,Yutika,Pau,lakshmikade@example.net,Jhansi,Rajasthan,1961-06-15,Premium,2022-07-21
C000310,Ladli,Goel,urvi65@example.net,Kolhapur,Uttar Pradesh,1970-03-25,Business,2023-02-07
C000311,Yamini,Jhaveri,akshayvirk@example.org,Chittoor,Karnataka,1992-11-01,Standard,2022-02-08
C000312,Vaishnavi,Bali,garima16@example.net,Agra,Kerala,1955-12-15,Business,2026-04-01
C000313,Kamala,Dara,dhruvshan@example.org,Noida,Bihar,2007-06-18,Premium,2026-04-17
C000314,Qarin,Cheema,yashasvi86@example.com,Patna,Tamil Nadu,1951-01-04,Standard,2025-08-02
C000315,Chavvi,Korpal,pjain@example.com,Uluberia,Arunachal Pradesh,1946-06-01,Premium,2023-04-28
C000316,Indrajit,Hans,borraonkar@example.net,Adoni,Jharkhand,1988-06-21,Business,2022-11-26
C000317,Amol,Prabhu,thakerkamala@example.org,Bhalswa Jahangir Pur,Manipur,1965-12-05,Premium,2024-09-26
C000318,Aradhana,Mohan,gdeshmukh@example.com,Bhavnagar,Rajasthan,1987-08-30,Standard,2022-11-26
C000319,Shaurya,Seth,varenyanagar@example.net,Ichalkaranji,Punjab,1995-04-06,Premium,2023-05-06
C000320,Ekapad,Kala,aarushgaba@example.com,Jehanabad,Nagaland,1987-12-15,Standard,2025-02-26
C000321,Frederick,Shankar,tanishmammen@example.net,Kharagpur,Assam,1971-12-12,Standard,2023-04-25
C000322,Samesh,Luthra,parikhvictor@example.net,Phagwara,Sikkim,2002-11-18,premium,2025-05-31
C000323,Isha,Shan,iryatripathi@example.com,Phagwara,Maharashtra,1983-11-12,Business,2025-12-31
C000324,Riya,Kakar,atharvgara@example.org,Kishanganj,Manipur,1963-01-12,Standard,2024-07-06
C000325,Darika,Dube,khoslaati@example.org,Bahraich,Punjab,1980-12-01,Business,2021-09-14
C000326,Deepa,Reddy,gagrawal@example.com,Hospet,Odisha,1960-12-22,Standard,2023-04-23
C000327,Bhavya,Choudhury,kkarnik@example.com,Bardhaman,Goa,1987-07-03,Standard,2023-08-26
C000328,Vasatika,Roy,xalak62@example.org,Raichur,Chhattisgarh,1952-10-10,Standard,2025-10-19
C000329,Janani,Sem,cdeol@example.net,Belgaum,Maharashtra,1972-08-13,Business,2022-10-24
C000330,Guneet,Ganguly,jeevika56@example.net,Raiganj,Madhya Pradesh,2007-04-30,Business,2026-03-01
C000331,Onveer,Ben,charan77@example.com,Bhusawal,Gujarat,2000-07-02,Standard,2026-06-14
C000332,Dayamai,Ramesh,birchandani@example.com,Bidar,Tamil Nadu,1948-11-06,Business,2022-03-08
C000333,Kavya,Palan,qadimdani@example.com,Vadodara,Uttar Pradesh,2008-08-03,Premium,2022-05-24
C000334,Vrishti,Thaman,osha77@example.org,Jamnagar,Rajasthan,1972-10-20,Standard,2026-04-19
C000335,Yashvi,Khosla,cchopra@example.net,Bhilwara,Telangana,1953-08-12,Premium,2023-06-12
C000336,Bakhshi,Handa,qdave@example.net,Jaipur,Kerala,1976-01-14,Business,2022-01-25
C000337,Amol,Anand,luckybatta@example.net,Gandhidham,Sikkim,1967-06-16,Premium,2024-12-20
C000338,Warinder,Bhat,haritasandhu@example.com,Kalyan-Dombivli,Gujarat,1947-08-21,Standard,2023-09-24
C000339,Yagnesh,Chaudhry,xdate@example.net,Raebareli,Arunachal Pradesh,1954-02-25,Standard,2024-04-27
C000340,Dev,Palla,doranirja@example.net,Guntakal,Kerala,1956-04-29,Standard,2026-01-16
C000341,Ayush,Mittal,wridesh09@example.net,Haldia,Kerala,1950-06-11,Standard,2022-05-06
C000342,Dipta,Merchant,wishi64@example.org,South Dumdum,Jharkhand,1950-09-22,Standard,2022-03-30
C000343,Kevin,Kale,dhritigrewal@example.com,Nashik,Meghalaya,2006-11-01,Premium,2026-01-30
C000344,Tanish,Kalita,chackotanvi@example.com,Kanpur,Kerala,1983-12-31,Standard,2026-05-17
C000345,Leena,Nanda,ikbal96@example.com,Satna,Assam,2000-09-04,Premium,2021-09-30
C000346,Ekani,Saran,gopalsarthak@example.com,Munger,Madhya Pradesh,1960-12-19,Standard,2025-09-08
C000347,Dalaja,Kapur,finn40@example.org,Aurangabad,Chhattisgarh,1997-07-03,Premium,2024-11-23
C000348,Yashodhara,Loyal,elijahchaudhuri@example.com,Udupi,Andhra Pradesh,1954-10-03,Premium,2022-08-29
C000349,Jeremiah,Kant,aahanadani@example.net,Sambhal,Assam,1993-08-17,Business,2023-11-10
C000350,Zayan,Soman,gaurora@example.org,Anantapur,Jharkhand,1968-01-07,Premium,2022-07-24
C000351,Sanya,Jani,diyasastry@example.net,Mau,Assam,1966-06-08,Business,2025-08-31
C000352,Ikbal,Buch,kurianjacob@example.com,Shimoga,Odisha,1960-12-10,Business,2024-02-11
C000353,Matthew,Nagar,udyatikunda@example.com,Gorakhpur,Manipur,1953-08-12,Premium,2021-11-25
C000354,Pahal,Shah,sarkarbrinda@example.net,Sasaram,Haryana,1956-09-02,Premium,2025-03-21
C000355,Krisha,Balay,omyakant@example.org,Fatehpur,Punjab,1998-09-23,Business,2026-06-24
C000356,Bhavya,Bail,nrau@example.com,Nashik,Goa,1971-07-15,Standard,2022-08-17
C000357,Vanya,Raj,urvi78@example.net,Chapra,Karnataka,1951-02-16,Premium,2026-06-08
C000358,Ansh,Cherian,teerth15@example.net,Kanpur,Meghalaya,1969-11-11,Business,2025-08-23
C000359,Bhavika,Lall,chandernitesh@example.com,Sultan Pur Majra,West Bengal,1992-08-17,Business,2026-01-30
C000360,Umang,More,bimalasankar@example.org,Erode,Arunachal Pradesh,1970-09-01,Standard,2025-05-29
C000361,Hamsini,Doctor,forumkumar@example.com,Agra,Sikkim,1962-03-06,Business,2026-03-24
C000362,Prisha,Sinha,bhattacharyyadayamai@example.org,Bihar Sharif,Uttarakhand,1970-02-21,Standard,2023-12-04
C000363,Upadhriti,Raju,advay22@example.com,Mehsana,Bihar,1983-11-26,Standard,2024-09-21
C000364,Gunbir,Gour,achandran@example.org,Hindupur,Arunachal Pradesh,1975-07-27,Premium,2023-12-30
C000365,Ishanvi,Purohit,mgokhale@example.org,Haridwar,Goa,1956-12-13,Premium,2024-04-16
C000366,Udarsh,Rao,dadapooja@example.com,Tirupati,Kerala,1999-04-26,Standard,2026-08-03
C000367,Dakshesh,Lad,shivansh42@example.com,Tumkur,Odisha,1965-09-23,Standard,2022-02-23
C000368,Finn,Panchal,ethanbhatia@example.net,Sangli-Miraj & Kupwad,Jharkhand,1983-03-08,Standard,2026-03-09
C000369,Frederick,Chowdhury,zinal15@example.com,Warangal,Rajasthan,1959-11-28,Premium,2021-10-28
C000370,Hiral,Bhatia,neha05@example.com,Barasat,West Bengal,1974-08-05,Business,2022-06-12
C000371,Aarnav,Sant,dmohanty@example.com,Bhopal,Telangana,1988-06-30,Premium,2022-06-29
C000372,Zashil,Rattan,masonray@example.net,Vasai-Virar,Maharashtra,1954-12-06,Standard,2024-08-03
C000373,Om,Chandra,jkannan@example.net,Davanagere,Gujarat,1983-02-15,Standard,2024-09-01
C000374,Noah,Madan,simonprasad@example.org,Jalna,Manipur,1982-02-16,Business,2025-05-03
C000375,Kevin,Doctor,yoshita24@example.net,Nizamabad,Jharkhand,1963-06-23,Business,2023-03-05
C000376,Bhavika,Khurana,tanmayi27@example.net,Warangal,Punjab,1978-05-08,Premium,2022-08-23
C000377,Vedant,Puri,deydarika@example.net,Medininagar,Goa,1961-12-02,Premium,2021-10-08
C000378,Diya,Ray,rbalakrishnan@example.org,Khora ,Telangana,1987-12-12,Premium,2025-02-22
C000379,Tanmayi,Bhalla,hansgeorge@example.net,New Delhi,Nagaland,1984-10-22,Standard,2023-07-29
C000380,Jyoti,Lad,jraval@example.net,Ballia,Karnataka,1974-12-22,Premium,2021-10-27
C000381,Bahadurjit,Dhingra,chaudharijai@example.org,Raichur,Rajasthan,1991-07-31,Standard,2023-03-01
C000382,Siya,Rattan,borahaarush@example.com,Chandrapur,Sikkim,1980-09-04,Premium,2024-03-21
C000383,Aayush,Barman,zachariadivya@example.org,Jaipur,West Bengal,2007-07-11,Business,2023-01-13
C000384,Oliver,Ram,yuvraj83@example.net,Nagaon,Andhra Pradesh,1958-02-10,Premium,2021-11-03
C000385,Adweta,Sunder,olal@example.org,Chittoor,Manipur,1961-05-22,Standard,2024-08-20
C000386,Urishilla,Lal,wbehl@example.com,Jabalpur,Himachal Pradesh,2005-06-23,Standard,2023-11-09
C000387,Balvan,Shere,hayeryashica@example.net,Noida,Goa,2003-10-28,Business,2023-12-30
C000388,Edhitha,Sheth,khalsaanirudh@example.net,Raipur,Tripura,1970-10-17,Premium,2024-12-10
C000389,Anmol,Gokhale,jonathanmannan@example.net,Mango,Arunachal Pradesh,1979-10-08,Standard,2025-04-29
C000390,Azaan,Lala,kevin74@example.net,Kirari Suleman Nagar,Manipur,1961-12-18,Business,2024-09-19
C000391,Dalaja,Palla,csridhar@example.org,Avadi,Nagaland,1977-08-06,Business,2025-06-05
C000392,Vivaan,Bansal,ygarg@example.net,Munger,Haryana,1989-06-17,Premium,2022-02-07
C000393,Zehaan,Vyas,tristan09@example.net,Barasat,Tamil Nadu,2003-10-10,Premium,2026-07-03
C000394,Onveer,Khare,anusha59@example.com,Kulti,Nagaland,1972-05-13,Premium,2025-08-06
C000395,Vaishnavi,Kumar,avig@example.org,Vadodara,Mizoram,1948-12-16,Premium,2025-09-23
C000396,Lekha,Nagi,maanasahluwalia@example.org,Udaipur,Himachal Pradesh,1999-04-15,Premium,2025-06-26
C000397,Sai,Boase,veergoda@example.com,Vijayawada,Assam,1963-11-06,Premium,2025-03-12
C000398,Ria,Varghese,saumya50@example.com,Ambattur,Haryana,1972-04-15,Standard,2022-08-07
C000399,Yash,Bobal,chaudrytriya@example.org,Faridabad,Tamil Nadu,1999-09-10,Premium,2025-07-30
C000400,Onkar,Sundaram,wprabhakar@example.org,Madhyamgram,Tamil Nadu,1946-06-22,Premium,2026-06-18
C000401,Yuvraj,Suresh,wbala@example.org,Kota,Uttar Pradesh,1955-04-27,Standard,2022-02-08
C000402,Qushi,Tella,hemalgera@example.com,Amritsar,West Bengal,1970-11-24,Standard,2022-02-02
C000403,Damini,Pillai,wadhwajatin@example.net,Amaravati,Haryana,1961-05-07,Standard,2022-06-14
C000404,Anvi,Kari,uppalkavya@example.com,Imphal,Mizoram,1975-11-07,Business,2025-07-13
C000405,Yamini,Wable,lsagar@example.com,Nangloi Jat,Assam,1956-11-12,Premium,2023-08-15
C000406,Gayathri,Din,ckadakia@example.com,Mira-Bhayandar,Jharkhand,1972-03-21,Premium,2022-08-19
C000407,Neelima,Bajaj,pushti21@example.org,Bilaspur,Punjab,1971-05-31,Standard,2024-09-30
C000408,Yochana,Dugar,jzacharia@example.org,Dehri,Uttarakhand,1996-05-06,Standard,2023-03-23
C000409,Arin,Rau,lnarain@example.net,Bidhannagar,Kerala,1977-08-28,Premium,2023-01-12
C000410,Benjamin,Gade,balaymitali@example.net,Bhagalpur,Arunachal Pradesh,1995-05-06,Standard,2022-06-10
C000411,Vedika,Chanda,vganesan@example.org,Faridabad,Andhra Pradesh,1997-10-23,Premium,2025-05-30
C000412,Falak,Agate,jacksonbadal@example.net,Karnal,West Bengal,1996-06-14,Standard,2021-12-12
C000413,Charvi,Bassi,bishakha38@example.org,Hindupur,Mizoram,1961-06-28,Business,2023-09-25
C000414,Adya,Varughese,osarraf@example.net,Morena,Kerala,1993-12-05,Premium,2021-10-31
C000415,Daksha,Naidu,hemaniluthra@example.net,Deoghar,Andhra Pradesh,1985-08-24,Premium,2021-09-21
C000416,Manya,Mannan,kmahal@example.net,Dhule,Madhya Pradesh,1959-07-02,Business,2022-12-31
C000417,Jyoti,Tandon,yrao@example.com,Ambala,Himachal Pradesh,1949-08-28,Standard,2025-03-10
C000418,Divya,Issac,balmason@example.com,Nizamabad,Jharkhand,1993-04-17,Premium,2022-04-10
C000419,Vaishnavi,Gala,breddy@example.com,Bangalore,Odisha,1969-12-02,Standard,2023-10-25
C000420,Ishanvi,Kanda,samakshsarraf@example.net,Srikakulam,Bihar,1958-08-15,Standard,2025-04-10
C000421,Jack,Tailor,bishakha91@example.org,Ratlam,Haryana,2006-07-21,Business,2024-12-29
C000422,Yash,Sachdeva,urmiyohannan@example.org,Jaipur,Sikkim,1976-11-11,Standard,2025-07-13
C000423,Abeer,Kant,kalanathan@example.org,Nangloi Jat,Odisha,2003-07-11,Standard,2024-08-15
C000424,Rachit,Bahri,simonkeer@example.com,Sultan Pur Majra,Meghalaya,1981-10-30,Standard,2024-12-23
C000425,Vritti,Badal,boseaadi@example.org,Baranagar,Goa,1973-08-10,Standard,2025-05-04
C000426,Adweta,Pall,eiravatiluthra@example.net,Madurai,Tamil Nadu,2004-06-28,Business,2025-05-26
C000427,Sanaya,Sura,bhavini88@example.com,Vadodara,Assam,1998-12-02,Premium,2025-11-30
C000428,Ekbal,Ray,jacob81@example.org,Hyderabad,Bihar,1974-04-23,Standard,2025-01-11
C000429,Hema,Dey,jhaharish@example.net,Kurnool,Himachal Pradesh,1959-05-13,Premium,2024-08-08
C000430,Qarin,Srivastava,rajazansi@example.org,Ambarnath,Goa,1980-09-11,Business,2021-12-01
C000431,Farhan,Chakraborty,patrick62@example.net,Vellore,Rajasthan,1959-07-15,Business,2025-10-22
C000432,Mugdha,Dasgupta,dpandit@example.net,Durgapur,Odisha,1990-01-05,Standard,2024-08-28
C000433,Zayyan,Vig,liam14@example.com,Nanded,Sikkim,2007-07-18,Business,2024-12-31
C000434,Pavani,Memon,choudharyayush@example.com,Jaipur,Punjab,1992-11-21,Business,2023-12-14
C000435,Wakeeta,Sampath,fchatterjee@example.org,Surat,Tripura,1995-11-14,Premium,2023-05-29
C000436,Zarna,Bains,sachdevnathan@example.net,South Dumdum,Arunachal Pradesh,1949-10-16,Business,2026-02-23
C000437,Jairaj,Bali,isathe@example.net,Buxar,Mizoram,1979-09-10,Standard,2023-10-16
C000438,Ekaraj,Mani,modivarenya@example.com,Farrukhabad,Odisha,1953-05-01,Premium,2022-08-04
C000439,Andrew,Suri,rehaan73@example.com,Latur,Nagaland,1967-10-08,Standard,2024-05-04
C000440,Zaid,Kamdar,wakeeta17@example.com,Patiala,Meghalaya,1950-04-05,standard,2025-03-25
C000441,Vasudha,Arya,snehanadkarni@example.com,Baranagar,Bihar,1990-06-29,Premium,2026-06-30
C000442,Teerth,Hayer,ojasvi57@example.com,Jamnagar,Goa,1976-08-10,Premium,2024-06-01
C000443,Netra,Om,karora@example.org,Sambalpur,Uttar Pradesh,1987-03-11,Premium,2022-07-09
C000444,Vaishnavi,Oza,vyanjanakulkarni@example.com,Loni,West Bengal,1957-10-05,Premium,2022-04-08
C000445,Deepa,Shenoy,ikbal48@example.org,Buxar,Arunachal Pradesh,1997-05-17,Premium,2024-07-02
C000446,Radha,Krishnamurthy,vdeep@example.org,Chandigarh,Chhattisgarh,1997-06-28,Business,2025-03-08
C000447,Pushti,Badal,deepa56@example.com,Satna,Gujarat,1947-04-19,Premium,2024-01-19
C000448,Yashvi,Mammen,qbobal@example.org,Ramagundam,Tamil Nadu,1964-07-31,Standard,2023-05-28
C000449,Vansha,Chand,mukhopadhyayrobert@example.net,Sangli-Miraj & Kupwad,Himachal Pradesh,1960-05-25,Standard,2025-04-28
C000450,Jairaj,Chadha,tganesan@example.com,Mira-Bhayandar,Tamil Nadu,1960-05-04,Premium,2022-05-11
C000451,Garima,Gour,hmorar@example.com,Hindupur,Manipur,1981-07-13,Premium,2022-07-02
C000452,Teerth,Acharya,krishna86@example.org,Ajmer,Chhattisgarh,2007-06-01,Business,2022-09-02
C000453,Chaitanya,Malhotra,vyasalexander@example.org,Pudukkottai,Assam,1966-02-04,Business,2021-10-03
C000454,Thomas,Bhatnagar,ekalingashere@example.com,Sirsa,Karnataka,1964-11-29,Premium,2025-09-03
C000455,Pratyush,Seshadri,dasradha@example.com,South Dumdum,Haryana,1980-09-08,Standard,2022-11-04
C000456,Tara,Nayar,kashyapmason@example.net,Bally,Telangana,1946-10-10,Business,2022-08-20
C000457,Niharika,Gulati,ibansal@example.com,Raebareli,Mizoram,1990-10-31,Business,2022-11-30
C000458,Girish,Walia,chanaomya@example.org,Maheshtala,Jharkhand,1952-01-08,Premium,2022-03-28
C000459,Janani,Chanda,valaleena@example.org,Khammam,Tamil Nadu,2006-10-16,Standard,2026-08-04
C000460,Bhavini,Gill,jagat31@example.com,Navi Mumbai,Goa,1950-09-22,Standard,2024-04-21
C000461,Reyansh,Gill,jchaudhry@example.net,Tumkur,Assam,1983-07-21,Premium,2022-11-23
C000462,Tripti,Prabhu,chatura71@example.org,Belgaum,Rajasthan,1984-05-24,Premium,2021-09-26
C000463,Zashil,Verma,biswaschandran@example.com,Surendranagar Dudhrej,Manipur,1964-03-21,Business,2025-01-17
C000464,Tarak,Luthra,hchandran@example.net,Nangloi Jat,Kerala,1982-04-24,Premium,2023-05-24
C000465,Pranav,Grewal,santnidhi@example.net,Alwar,Sikkim,1946-10-11,Standard,2022-02-28
C000466,Parth,Gulati,amrita09@example.org,Anantapur,Bihar,2004-07-11,Business,2024-12-04
C000467,Radhika,Yohannan,,Surat,Kerala,1966-03-11,Premium,2022-07-22
C000468,Chakradhar,Kumar,vasudharastogi@example.net,Gangtok,Himachal Pradesh,1983-04-26,Business,2025-07-04
C000469,Vedika,Andra,hvohra@example.com,Ahmednagar,Tripura,1998-08-25,Standard,2023-07-16
C000470,Jeevika,Magar,bajajanusha@example.net,Nadiad,Manipur,1957-05-24,Premium,2023-06-19
C000471,Onveer,Ravi,hraval@example.net,Allahabad,Tamil Nadu,1978-07-31,Business,2025-01-28
C000472,Januja,Bandi,ikshita32@example.org,Kulti,Karnataka,1985-09-08,Premium,2023-08-06
C000473,Qabil,Sharma,jkoshy@example.org,Haldia,Gujarat,1967-10-10,Premium,2024-05-07
C000474,Aarav,Prakash,mpillay@example.org,New Delhi,West Bengal,1952-05-23,Standard,2024-11-04
C000475,Yadavi,Agate,ramaswamydarpan@example.org,Ahmedabad,Nagaland,1999-04-17,Premium,2026-05-06
C000476,Gavin,Kothari,pnayar@example.com,Bettiah,Rajasthan,1957-09-19,Business,2025-10-09
C000477,Irya,Uppal,kalitajanani@example.com,Madanapalle,Nagaland,1957-03-12,Business,2025-12-02
C000478,Yadavi,Ravi,chandharini@example.org,Sonipat,Arunachal Pradesh,1988-01-11,Standard,2023-11-17
C000479,Bahadurjit,Sidhu,zdutt@example.org,Madanapalle,Tripura,2001-09-02,Premium,2024-03-11
C000480,Elijah,Nagi,teerthsachdeva@example.org,Shimoga,Jharkhand,1964-10-06,Standard,2026-01-02
C000481,Yashawini,Swaminathan,golewakeeta@example.com,Gandhinagar,Madhya Pradesh,1979-02-05,Premium,2025-12-07
C000482,Mohini,Khalsa,kmandal@example.com,Unnao,Odisha,1963-06-20,Business,2024-07-14
C000483,Lohit,Venkatesh,veerswamy@example.net,Visakhapatnam,Haryana,1981-06-09,Business,2023-06-06
C000484,Dhruv,Chakraborty,hritik75@example.net,Mumbai,Mizoram,1956-01-30,Business,2023-07-02
C000485,Vrinda,Taneja,asingh@example.com,Gopalpur,West Bengal,1983-10-07,Premium,2022-04-13
C000486,Shaurya,Sridhar,ati29@example.com,Jaipur,Telangana,2005-09-15,Premium,2022-07-16
C000487,Samaksh,Shankar,mangatamrita@example.net,Medininagar,Uttarakhand,1971-02-07,Premium,2021-08-24
C000488,Veer,Karnik,rbadami@example.net,Yamunanagar,Telangana,1965-11-03,Standard,2025-05-17
C000489,Ati,Varkey,nnadig@example.net,Gwalior,Chhattisgarh,1986-12-08,Standard,2026-05-30
C000490,Urvashi,Chad,sahafitan@example.org,Jalandhar,Maharashtra,1947-11-18,Standard,2026-07-31
C000491,Zansi,Chowdhury,wableanirudh@example.org,Unnao,Punjab,1999-08-17,Standard,2021-10-04
C000492,Qadim,Banik,wyattthaker@example.net,Avadi,Chhattisgarh,1996-02-16,Standard,2022-09-11
C000493,Vamakshi,Tata,ihora@example.org,Tiruchirappalli,Manipur,1973-11-21,Premium,2026-03-07
C000494,Dhriti,Bhagat,ysawhney@example.com,Belgaum,Assam,1989-02-06,Premium,2022-10-24
C000495,Yagnesh,Shroff,rajeshri51@example.net,Shahjahanpur,Haryana,1976-05-07,Business,2021-11-30
C000496,Shivansh,Narayanan,patiltheodore@example.org,Motihari,Maharashtra,1983-02-09,Standard,2023-10-05
C000497,Yahvi,Agrawal,oviya13@example.net,Suryapet,Maharashtra,2005-04-25,Premium,2023-05-28
C000498,Harrison,Sahota,gdugar@example.net,Bihar Sharif,Telangana,1966-07-04,Premium,2021-12-28
C000499,Anay,Joshi,poojamenon@example.com,Nanded,Madhya Pradesh,1999-06-18,Premium,2023-08-06
C000500,Devika,Krishnamurthy,minhasvedhika@example.net,Burhanpur,Tamil Nadu,2003-04-07,Premium,2025-09-06
C000501,Sanya,Hegde,hrastogi@example.org,Jamnagar,Jharkhand,1978-06-02,Business,2024-10-03
C000502,Ekani,Baria,avnirai@example.com,Tumkur,Rajasthan,1960-02-08,Standard,2026-06-23
C000503,Jai,Divan,jatin59@example.org,Ahmedabad,Gujarat,1956-11-29,Premium,2024-11-30
C000504,Shivani,Khare,tara94@example.com,Kurnool,Uttarakhand,1999-10-13,Business,2026-07-31
C000505,Aadhya,Amble,xitichad@example.com,Nanded,Haryana,1998-04-10,Standard,2026-01-02
C000506,Ekalinga,Pal,dakshesh77@example.org,Nellore,Karnataka,1995-12-06,Standard,2023-03-04
C000507,Eta,Dora,mmore@example.net,Bidar,Telangana,1990-11-11,Standard,2021-09-26
C000508,Rudra,Khosla,jacob17@example.com,Kavali,Assam,1987-09-22,Premium,2022-01-11
C000509,Upkaar,Chaudhuri,gmittal@example.net,Mirzapur,Maharashtra,1965-04-17,Premium,2024-08-13
C000510,Gopal,Naik,ubikachadha@example.org,Srinagar,Assam,2000-07-02,Standard,2023-10-20
C000511,Aadhya,Devan,luke00@example.net,Dharmavaram,Tamil Nadu,2007-06-03,Premium,2022-09-02
C000512,Ayushman,Keer,kabirshere@example.net,Bijapur,West Bengal,1969-07-27,Standard,2024-11-07
C000513,Harinakshi,Ramaswamy,dkrishnamurthy@example.org,Orai,Goa,1947-03-25,Business,2024-11-19
C000514,Benjamin,Prabhu,christopherrattan@example.org,Gwalior,Goa,2000-08-11,Premium,2025-04-05
C000515,Nitara,Pandit,xsarma@example.org,Farrukhabad,West Bengal,2007-05-18,Business,2022-06-28
C000516,Omya,Soni,epal@example.org,Aurangabad,Tripura,1994-03-09,Business,2024-09-06
C000517,Dayita,Dutta,samarth19@example.org,Bellary,Bihar,1984-01-08,Business,2023-03-06
C000518,Maanas,Rao,oshakonda@example.com,Muzaffarnagar,Maharashtra,1995-03-27,Business,2024-11-11
C000519,Aryan,Minhas,varghesegagan@example.net,Panvel,Assam,1947-02-24,Business,2021-08-26
C000520,Januja,Sekhon,hshanker@example.net,Jalna,Manipur,1969-04-04,Premium,2025-08-12
C000521,Vincent,Bhagat,wyattdesai@example.net,Nagaon,Tripura,1949-02-21,Business,2023-07-31
C000522,Omisha,Mangat,fdave@example.com,Haridwar,Bihar,1985-11-05,Business,2026-04-16
C000523,Jonathan,Mahajan,tgaba@example.org,Vijayanagaram,Meghalaya,1960-12-02,Premium,2023-11-04
C000524,Nikita,Mannan,fapte@example.com,Madurai,Kerala,1953-01-25,Standard,2023-12-12
C000525,Yashasvi,Vala,dubeojas@example.org,Pondicherry,Chhattisgarh,1995-04-17,Business,2021-08-19
C000526,Manya,Setty,yashawinigoda@example.com,Katihar,Tripura,1954-01-09,Standard,2025-02-18
C000527,Aadi,Taneja,travel@example.com,Morena,Nagaland,1971-05-24,Business,2022-05-11
C000528,Chakrika,Basak,tripathiudant@example.org,Meerut,Assam,1984-04-26,Standard,2024-05-01
C000529,Jalsa,Ahluwalia,gayathri61@example.org,Meerut,Meghalaya,1964-07-01,Business,2024-03-09
C000530,Nisha,Kapur,jpillay@example.org,Mumbai,Tripura,1984-02-10,Premium,2022-11-22
C000531,Oeshi,Anne,paurohan@example.com,Sasaram,Himachal Pradesh,1991-04-22,Standard,2024-03-30
C000532,Bahadurjit,Chahal,paisai@example.com,Rajkot,Manipur,2002-02-26,Premium,2022-12-17
C000533,Zinal,Hari,kghosh@example.org,Panipat,Uttarakhand,1974-05-22,Standard,2023-06-03
C000534,Finn,Manda,cborra@example.org,Ambala,Mizoram,1963-11-14,Standard,2024-11-20
C000535,Vasatika,Raghavan,elijah95@example.net,Morena,Uttar Pradesh,1966-03-04,Business,2025-12-15
C000536,Elijah,Panchal,vanyasathe@example.org,Alappuzha,West Bengal,1988-04-12,Standard,2023-02-04
C000537,Akshay,Chana,janujaapte@example.net,Malda,Uttarakhand,1986-03-16,Standard,2023-04-06
C000538,Daksha,Sahota,labansagar@example.com,Berhampore,Nagaland,2000-05-03,Premium,2023-12-11
C000539,Aryan,Kakar,agandhi@example.com,Saharsa,Uttar Pradesh,1983-01-19,Standard,2025-06-16
C000540,Alka,Chadha,sharmayoshita@example.org,Kalyan-Dombivli,Andhra Pradesh,2002-04-02,Business,2024-04-30
C000541,Vidhi,Batta,ltak@example.net,Guwahati,Nagaland,1993-11-03,Premium,2024-12-28
C000542,Laban,Dugal,nidhi39@example.org,Anantapur,Gujarat,1991-09-21,Standard,2022-04-21
C000543,Lavanya,Nanda,fsachdev@example.net,Rajkot,Maharashtra,2001-01-25,Premium,2024-09-02
C000544,Krishna,Hans,tnarayanan@example.net,Danapur,Uttarakhand,1976-02-19,Standard,2024-07-19
C000545,Abhimanyu,Dhillon,nathanieldeo@example.com,Raiganj,Jharkhand,1968-09-05,Business,2025-07-20
C000546,Aarini,Doshi,qapte@example.com,Sambalpur,Haryana,1990-03-13,Premium,2023-10-30
C000547,Warda,Nayak,aahanabose@example.com,Ajmer,Goa,1974-10-22,Business,2024-11-04
C000548,Forum,Sinha,ladjack@example.org,Bilaspur,Meghalaya,1995-04-24,Standard,2023-07-18
C000549,Rajeshri,Chowdhury,wardapalla@example.com,Delhi,Himachal Pradesh,2003-01-24,Business,2026-02-25
C000550,Yachana,Sundaram,adweta10@example.net,Dehradun,Meghalaya,1961-09-25,Premium,2022-06-03
C000551,Barkha,Garde,anika77@example.net,Vasai-Virar,Odisha,1985-11-04,Business,2023-07-29
C000552,Jai,Barad,gillom@example.com,Sagar,Telangana,1955-01-15,Standard,2024-07-16
C000553,Fariq,Nigam,nirja00@example.net,Sambalpur,Assam,1963-03-05,Standard,2023-08-31
C000554,Veer,Sawhney,vansha94@example.com,Nagercoil,Haryana,1993-08-10,Business,2024-12-13
C000555,Gagan,Kashyap,onkar75@example.org,Amritsar,Madhya Pradesh,1967-01-13,Standard,2024-04-03
C000556,Advay,Pandya,mitalimall@example.org,Karnal,West Bengal,1970-06-25,Premium,2024-08-21
C000557,Yashodhara,Nadkarni,ramaswamytimothy@example.net,Gudivada,Jharkhand,1997-10-08,Business,2025-09-14
C000558,Aachal,Dave,dmohanty@example.org,Bhind,Haryana,1986-09-11,Business,2025-10-12
C000559,Nimrat,Taneja,ibuch@example.org,Cuttack,Nagaland,1999-02-06,Standard,2022-02-08
C000560,Simon,Swaminathan,ridhi09@example.com,Ongole,Kerala,1963-10-05,Standard,2026-01-01
C000561,Vedant,Chahal,smahajan@example.net,Nadiad,Goa,1982-02-22,Standard,2026-03-29
C000562,Thomas,Mangal,madhavisingh@example.net,Gudivada,Uttar Pradesh,1953-02-19,Premium,2026-06-16
C000563,Girik,Nagi,valarachana@example.net,Ambarnath,Bihar,1961-03-01,Business,2025-01-21
C000564,Nitesh,Jani,janakivenkatesh@example.com,Bhilwara,Arunachal Pradesh,1982-06-17,Premium,2024-08-06
C000565,Dhruv,Dass,xradhakrishnan@example.org,Gorakhpur,Madhya Pradesh,1989-05-10,Standard,2022-08-06
C000566,Chanakya,Joshi,vyanjanavyas@example.com,Kurnool,Meghalaya,1973-08-07,Business,2026-03-05
C000567,Isha,Barad,aaravtalwar@example.org,Bhimavaram,Gujarat,1958-11-21,Standard,2024-01-10
C000568,Yashoda,Agarwal,ucchal13@example.com,Indore,Kerala,1952-02-20,Premium,2024-07-17
C000569,Siya,Seth,george39@example.com,Bikaner,Karnataka,2002-06-01,Premium,2023-01-19
C000570,Frederick,Narang,hemazacharia@example.org,Kulti,Gujarat,1996-11-08,Standard,2023-02-02
C000571,Suhani,Sarin,ssehgal@example.net,Ujjain,Chhattisgarh,1959-06-15,Premium,2025-10-09
C000572,Idika,Warrior,manyadhingra@example.net,Unnao,Andhra Pradesh,2001-01-18,Standard,2024-10-17
C000573,Yasti,Jain,pdada@example.net,Nanded,Assam,1963-08-29,Premium,2021-09-16
C000574,Chakradev,Chahal,fthakur@example.org,Rajpur Sonarpur,West Bengal,2000-12-25,Standard,2024-12-01
C000575,Qabil,Mody,farajdhingra@example.org,Nagaon,Chhattisgarh,1955-07-18,Business,2024-06-01
C000576,Qarin,Date,neelima70@example.org,Karimnagar,Himachal Pradesh,1953-12-14,Business,2021-11-20
C000577,Chandani,Sathe,unnisha@example.net,Mysore,Arunachal Pradesh,1969-07-20,premium,2021-12-08
C000578,Advaith,Mand,pmaharaj@example.com,Bidhannagar,Chhattisgarh,1970-09-01,Standard,2022-10-02
C000579,Aradhana,Goyal,chadhayatan@example.com,Secunderabad,Uttarakhand,1987-12-07,Standard,2023-06-02
C000580,Chatura,Sem,walinisha@example.org,Malegaon,Chhattisgarh,1995-10-12,Business,2023-02-02
C000581,Wahab,Suri,mprasad@example.com,Anand,Jharkhand,2007-10-15,Premium,2023-03-05
C000582,Logan,Sanghvi,wakeetaaggarwal@example.com,Gulbarga,Assam,1952-12-31,Premium,2024-01-01
C000583,Bakhshi,Goda,vasudha46@example.com,Rourkela,Madhya Pradesh,1948-02-12,business,2025-07-27
C000584,Omisha,Yadav,yahvikhalsa@example.org,Maheshtala,Punjab,1962-02-20,Business,2022-07-07
C000585,Lakshit,Krish,yashawinilall@example.com,Danapur,Mizoram,1999-06-04,Standard,2024-05-23
C000586,Andrew,Luthra,rtandon@example.org,Raichur,Karnataka,1990-11-22,Business,2024-01-31
C000587,Dominic,Chandra,abhazacharia@example.com,Mehsana,Telangana,1995-10-25,Premium,2022-09-11
C000588,Pahal,Jani,chaudhryhritik@example.com,Giridih,Karnataka,1948-10-30,Premium,2023-08-05
C000589,Alexander,Atwal,bpandit@example.com,Warangal,Tripura,2006-06-22,Premium,2026-05-30
C000590,Qarin,Prabhu,advaithdas@example.com,Karnal,Madhya Pradesh,1986-12-24,Premium,2023-03-17
C000591,Jagvi,Parmar,pshah@example.org,Shivpuri,Uttar Pradesh,1989-08-09,Business,2024-11-05
C000592,Jagvi,Patla,tatageetika@example.net,Dehri,Chhattisgarh,1946-05-30,Business,2023-03-01
C000593,Bachittar,Sinha,rameshdarika@example.net,Coimbatore,Odisha,1947-04-01,Business,2024-02-24
C000594,Chanchal,Pandit,cwalia@example.net,Bidar,Goa,1972-03-13,Premium,2022-03-25
C000595,Dakshesh,Pandya,sherewishi@example.org,Katni,Meghalaya,1959-07-10,Standard,2022-06-22
C000596,Daksha,Soman,reyansh14@example.org,Bettiah,Sikkim,1985-06-02,Standard,2023-04-28
C000597,Fitan,Char,oakamruta@example.net,Panihati,Sikkim,1982-01-21,Business,2025-12-24
C000598,Vyanjana,Mangal,faqid65@example.net,Thanjavur,Kerala,1951-11-01,Standard,2023-07-24
C000599,Theodore,Batra,omaja15@example.net,Ulhasnagar,Madhya Pradesh,1948-06-15,Business,2023-10-04
C000600,Victor,Krishna,ekanshgulati@example.net,Kollam,Manipur,1961-05-27,Standard,2026-05-24
C000601,Farhan,Chander,kgoda@example.com,Gangtok,Jharkhand,1973-03-13,Business,2023-01-01
C000602,Chasmum,Kanda,zachariadayamai@example.net,Singrauli,Chhattisgarh,1984-04-09,Premium,2026-02-07
C000603,Noah,Keer,ladzilmil@example.org,Phusro,Haryana,1979-12-31,Premium,2025-05-28
C000604,Raghav,Goel,salvivedant@example.org,Bilaspur,Uttarakhand,1984-07-08,Business,2025-01-23
C000605,Anvi,Dubey,narayananpanini@example.net,Kirari Suleman Nagar,Uttar Pradesh,1963-03-31,Standard,2024-01-30
C000606,Bakhshi,Chada,mohammeddyal@example.net,Sri Ganganagar,Haryana,1960-02-27,Premium,2025-03-11
C000607,Vritti,Jha,inaya60@example.org,Kollam,Odisha,1982-05-09,Premium,2025-08-04
C000608,Zehaan,Dani,chaudhariyashasvi@example.com,Kurnool,Uttar Pradesh,2003-09-21,Standard,2023-12-16
C000609,Garima,Bora,yutika75@example.com,Aurangabad,Jharkhand,1965-05-04,Business,2024-08-29
C000610,Dipta,Gopal,edara@example.com,Mira-Bhayandar,Chhattisgarh,1956-09-08,Standard,2022-08-10
C000611,Fiyaz,Bir,echaudhari@example.org,Bulandshahr,Punjab,1975-05-25,Business,2026-03-04
C000612,Bhavika,Lad,sai11@example.org,Avadi,Arunachal Pradesh,1987-11-11,Standard,2026-02-16
C000613,Karan,Mukherjee,ekavir76@example.org,Burhanpur,Telangana,1990-09-11,Standard,2024-03-16
C000614,Krish,Batra,daksha74@example.net,Danapur,Jharkhand,1961-08-20,Premium,2025-09-07
C000615,Wishi,Banik,aashi30@example.com,Ludhiana,Andhra Pradesh,1990-01-24,Business,2024-12-11
C000616,Dakshesh,Bali,shivanshmalhotra@example.com,Moradabad,Kerala,1961-07-22,Business,2024-08-21
C000617,Vrishti,Tiwari,zvasa@example.org,Nagercoil,Rajasthan,1961-06-21,Premium,2024-09-04
C000618,Nachiket,Tara,osha84@example.org,Rewa,Uttarakhand,1990-12-23,Standard,2025-12-24
C000619,Vasatika,Nadig,bakshiqasim@example.net,Korba,Mizoram,1969-05-05,Premium,2024-02-09
C000620,Brijesh,Chakraborty,krishnanleena@example.org,Ramgarh,Maharashtra,1999-07-14,Business,2024-05-21
C000621,Ojasvi,Ranganathan,gpatla@example.net,Kavali,Kerala,1948-02-24,Premium,2026-06-09
C000622,Indira,Rau,cboase@example.org,Surendranagar Dudhrej,Assam,1974-09-17,Standard,2023-06-20
C000623,Yashasvi,Rau,amrita61@example.net,Bharatpur,Uttar Pradesh,1997-12-19,Business,2023-12-21
C000624,Harinakshi,Sastry,shenoynimrat@example.com,Tirupati,Mizoram,1982-10-28,Business,2023-12-29
C000625,Faris,Guha,nagarajananamika@example.net,Ghaziabad,Madhya Pradesh,1962-11-05,Premium,2026-04-01
C000626,Kiaan,Jha,devnigam@example.net,Nandyal,Punjab,1955-09-25,Premium,2025-09-23
C000627,Abhimanyu,Issac,frederickbalakrishnan@example.com,Ajmer,Maharashtra,1978-04-05,Standard,2022-04-14
C000628,Shivansh,Agrawal,mayaprakash@example.net,Karnal,Haryana,1946-10-09,Premium,2021-12-03
C000629,Finn,Munshi,vincent30@example.com,Bangalore,Punjab,1985-03-25,Standard,2022-09-21
C000630,Girik,Palan,garakashvi@example.org,Mathura,Chhattisgarh,2005-12-23,Standard,2025-05-13
C000631,Mohini,Din,bhavnabhargava@example.com,Kanpur,Maharashtra,1978-12-02,Premium,2022-07-22
C000632,Dayamai,Chatterjee,dhruvjaggi@example.org,Thanjavur,Tamil Nadu,1994-03-19,Standard,2023-09-28
C000633,Jai,Chandra,megha26@example.net,Jammu,Jharkhand,1977-04-14,Business,2025-04-17
C000634,Simon,Chaudhary,ynair@example.org,New Delhi,Karnataka,1962-07-01,Premium,2026-03-02
C000635,Priya,Nagar,bhardwajniharika@example.org,Karaikudi,Jharkhand,1982-06-17,Standard,2022-05-03
C000636,Yashica,Murthy,alkadora@example.org,Arrah,Haryana,2002-03-31,Standard,2021-10-12
C000637,Simon,Kamdar,ubassi@example.com,Jammu,Gujarat,1967-03-06,Business,2025-10-17
C000638,Sudiksha,Karpe,keyamaster@example.com,Bhiwani,Haryana,1959-09-22,Standard,2025-02-05
C000639,Leela,Soni,stripathi@example.com,Guntakal,Meghalaya,1947-09-28,Standard,2021-11-06
C000640,Yochana,Kothari,nagivihaan@example.com,Haridwar,Chhattisgarh,1988-10-27,Standard,2024-05-21
C000641,Aashi,Nagarajan,wahab25@example.org,Bhiwandi,Odisha,1982-10-30,Premium,2023-05-12
C000642,Jhalak,Bhatt,cprabhu@example.net,Saharsa,Telangana,1989-02-22,Business,2023-10-12
C000643,Chatura,Mahajan,falak23@example.org,Solapur,Telangana,1948-01-04,Standard,2023-03-26
C000644,Amrita,Kalita,vanshakhanna@example.net,Mau,Odisha,1960-04-08,Business,2023-07-16
C000645,Teerth,Bhakta,adya19@example.com,Noida,Jharkhand,2004-09-04,Business,2024-10-14
C000646,Maya,Nigam,fkothari@example.net,Nagaon,Andhra Pradesh,1993-05-27,Business,2025-03-15
C000647,Teerth,Ganguly,chadhatheodore@example.net,Bidar,West Bengal,1958-08-09,Standard,2024-09-30
C000648,Ethan,Bhatt,chasmumsanghvi@example.org,Chinsurah,Telangana,1995-05-22,Premium,2024-05-14
C000649,Yashasvi,Savant,chakrabortyvarenya@example.com,Bihar Sharif,Karnataka,1963-11-17,Standard,2022-11-09
C000650,Avni,Pal,grewalyauvani@example.net,Kurnool,Uttarakhand,2001-04-21,Business,2022-06-24
C000651,Jason,Sood,manan78@example.com,Vijayanagaram,Bihar,1983-02-10,Standard,2022-11-01
C000652,Rudra,Shetty,gchadha@example.org,Bhubaneswar,Punjab,2002-05-02,Standard,2023-03-15
C000653,Parth,Sharma,buchharsh@example.net,Amritsar,West Bengal,1980-12-12,Premium,2023-04-20
C000654,Arin,Sharma,qprabhu@example.org,Ongole,Chhattisgarh,1945-10-07,Standard,2024-12-03
C000655,Aryan,Srinivas,sherepanini@example.net,Belgaum,Uttarakhand,1970-02-09,Business,2024-08-24
C000656,Vrishti,Yogi,tarak31@example.org,Anand,Madhya Pradesh,1991-11-21,Standard,2024-11-25
C000657,Tanvi,Rege,rachita19@example.org,Ulhasnagar,Tripura,1985-06-04,Premium,2025-07-26
C000658,Ansh,Hari,radhabhasin@example.com,Amaravati,Maharashtra,1965-08-09,Business,2022-02-17
C000659,Laban,Bera,sampathfalan@example.org,Raiganj,Meghalaya,2007-02-03,Standard,2026-02-15
C000660,Harsh,Kala,iyengarlaban@example.com,Tiruvottiyur,Telangana,1962-07-18,Business,2021-09-11
C000661,Kavya,Memon,madhavoak@example.org,Ulhasnagar,Rajasthan,1978-06-16,Standard,2022-05-13
C000662,Dakshesh,Barad,simon30@example.com,Kozhikode,Tamil Nadu,1987-01-07,Standard,2023-07-26
C000663,Tejas,Nagarajan,tataurvi@example.org,Solapur,Punjab,1993-06-25,Premium,2025-09-06
C000664,Kritika,Wason,psamra@example.com,Karnal,Uttarakhand,1950-02-27,Business,2024-09-29
C000665,Tejas,Warrior,jhaverimeera@example.org,Kulti,Tamil Nadu,2006-01-02,Premium,2025-05-19
C000666,Gabriel,Ghose,wdatta@example.org,Haridwar,Mizoram,1986-07-31,Business,2021-09-07
C000667,Ubika,Taneja,wbrar@example.org,Kadapa,Manipur,2000-04-20,Business,2024-01-30
C000668,Sneha,Bahl,ekalinga43@example.org,Nangloi Jat,Kerala,1978-01-12,Business,2025-12-12
C000669,Ati,Chauhan,munimekhala@example.com,Panvel,Goa,1971-12-13,Premium,2022-03-10
C000670,Devika,Pandit,jai94@example.com,Malegaon,Uttarakhand,1968-03-02,Standard,2023-06-28
C000671,Alka,Sabharwal,maniaishani@example.org,Warangal,Assam,1982-09-10,Standard,2025-02-12
C000672,Warda,Nath,kotharijagdish@example.com,Bidar,Goa,2000-08-15,Premium,2024-10-01
C000673,Arjun,Krishnamurthy,vrinda63@example.org,Thane,Mizoram,1966-09-18,Business,2025-06-05
C000674,Chanakya,Batta,obatra@example.net,Kulti,Kerala,1965-04-25,Standard,2024-10-25
C000675,Lavanya,Subramanian,fpal@example.com,Meerut,Kerala,1969-10-23,Standard,2023-10-21
C000676,Amara,Sinha,jmander@example.org,Mahbubnagar,Karnataka,2007-08-19,Standard,2024-04-25
C000677,Ganga,Brahmbhatt,darpan57@example.org,Nadiad,Assam,1951-09-17,Premium,2021-10-20
C000678,Waida,Sant,dhaliwaljagat@example.org,Bidar,Bihar,1955-12-01,Standard,2024-04-02
C000679,Nachiket,Sibal,xahuja@example.org,Darbhanga,Kerala,1976-03-06,Business,2022-02-06
C000680,Yug,Deshmukh,patrickmahajan@example.com,Ajmer,Kerala,1978-02-08,Standard,2023-10-17
C000681,Abhiram,Mallick,matwal@example.com,Pali,Telangana,1983-08-04,Standard,2022-09-14
C000682,Bhavini,Shroff,udarshgola@example.org,Dehradun,Tripura,1966-01-23,Standard,2026-06-25
C000683,Gautami,Wali,bhatchasmum@example.com,Bhind,Tamil Nadu,1955-10-03,Premium,2021-10-20
C000684,Faris,Radhakrishnan,yashvi11@example.com,Kamarhati,Nagaland,1954-07-15,Standard,2022-03-30
C000685,Darpan,Khalsa,lsom@example.com,Tumkur,Meghalaya,1980-06-28,Standard,2021-10-23
C000686,Parth,Sachar,laban97@example.com,Jaipur,Madhya Pradesh,2001-01-03,Business,2026-02-19
C000687,Vanya,Sarin,fbansal@example.org,Madurai,Tamil Nadu,1964-01-12,Business,2025-08-13
C000688,Lakshmi,Nath,ekta74@example.com,Hubli–Dharwad,Nagaland,1975-11-17,Premium,2023-06-15
C000689,Kritika,Khalsa,gsant@example.com,Panvel,Jharkhand,1989-06-04,Business,2021-08-12
C000690,Rudra,Kulkarni,henry52@example.com,Allahabad,Punjab,1988-06-29,Standard,2024-07-24
C000691,Pahal,Kohli,anushanarasimhan@example.net,Sambhal,Nagaland,1958-01-08,Premium,2022-01-09
C000692,Darsh,Chahal,qdeo@example.org,Akola,Manipur,1978-03-08,Premium,2026-05-10
C000693,Samarth,Kunda,qarin37@example.com,Sirsa,Uttarakhand,1970-04-24,Business,2022-11-11
C000694,Megha,Seth,pallranveer@example.com,Madanapalle,Maharashtra,1949-08-04,Business,2026-01-02
C000695,Maanav,Wadhwa,,Amravati,Mizoram,1996-03-12,Business,2023-08-02
C000696,Chakrika,Jha,udarsh73@example.net,Durg,Madhya Pradesh,1959-06-12,Premium,2025-10-24
C000697,Mahika,Kar,singhrajeshri@example.com,Surendranagar Dudhrej,Karnataka,1991-06-07,Standard,2023-04-15
C000698,Chaaya,Majumdar,pranaviyer@example.org,Tiruchirappalli,Tamil Nadu,1959-07-20,Standard,2026-06-13
C000699,Irya,Chand,nimrat59@example.net,Mehsana,Meghalaya,1963-07-29,Business,2025-03-24
C000700,Nidra,Chaudhry,tchacko@example.org,Bhalswa Jahangir Pur,Telangana,1976-01-28,Premium,2024-04-02
C000701,Gautam,Raghavan,kallawilliam@example.org,Jaunpur,Mizoram,1967-10-04,Premium,2022-01-26
C000702,Jhalak,Saran,ekajacheema@example.com,Barasat,Tamil Nadu,1989-06-04,Premium,2023-07-15
C000703,Ronith,Bakshi,talwarabdul@example.org,Arrah,Tripura,1998-11-28,Premium,2022-02-10
C000704,Gautam,Mann,balannathan@example.net,Anantapuram,Himachal Pradesh,2002-03-04,Standard,2025-04-08
C000705,Leena,Shenoy,nihal70@example.net,Kolhapur,Bihar,1995-12-19,Standard,2024-06-13
C000706,Gaurika,Chahal,behlsimon@example.net,Tiruppur,Karnataka,1969-03-08,Premium,2022-10-09
C000707,Girish,Mital,mallickgirik@example.com,Gopalpur,Meghalaya,1998-04-25,Business,2024-09-07
C000708,Atharv,Savant,omkaar33@example.net,Thiruvananthapuram,Jharkhand,1980-06-09,Business,2022-10-20
C000709,Niharika,Sharma,maanas33@example.com,Hyderabad,Haryana,2000-07-09,Business,2026-01-06
C000710,Neha,Madan,anjali05@example.net,Tezpur,Goa,1951-12-15,Business,2022-03-18
C000711,Nidhi,Thaker,atharvlad@example.net,Vijayawada,Uttarakhand,1978-12-07,Premium,2024-09-14
C000712,Kashish,Bava,simonsoman@example.org,Ichalkaranji,Uttarakhand,2000-04-12,Standard,2021-09-13
C000713,Ryan,Wadhwa,cmaharaj@example.com,Lucknow,Uttarakhand,1991-11-08,Standard,2025-07-08
C000714,Chameli,Saraf,jmandal@example.com,Tinsukia,Chhattisgarh,1993-05-10,Business,2024-02-07
C000715,Anay,Bhasin,mayabasak@example.org,Bhimavaram,Chhattisgarh,1972-06-01,Premium,2025-12-28
C000716,Aradhana,Goyal,vivaan62@example.com,Gudivada,Nagaland,1974-12-07,Premium,2026-01-29
C000717,Jagat,Srinivasan,kalpitbhalla@example.com,Gandhinagar,Mizoram,1994-04-10,Business,2024-05-14
C000718,Barkha,Dada,isaiah63@example.net,Sagar,Arunachal Pradesh,1993-06-11,Premium,2026-02-15
C000719,Akshay,Sem,farhan49@example.net,Asansol,Goa,1963-03-02,Business,2026-02-09
C000720,Aditya,Sankaran,idika34@example.net,Dharmavaram,Himachal Pradesh,1970-03-31,Standard,2022-02-15
C000721,Falan,Sawhney,knarula@example.net,Ballia,Assam,1973-03-17,Standard,2024-10-22
C000722,Oliver,Tank,triya79@example.net,Gwalior,Odisha,1996-06-16,Standard,2023-01-08
C000723,Vincent,Kakar,raaginiluthra@example.net,Bhimavaram,Uttarakhand,1948-04-30,Standard,2024-08-17
C000724,Shaurya,Banik,krishnautkarsh@example.net,Sikar,Haryana,2005-05-11,Business,2025-02-10
C000725,Wishi,Patel,bailamaira@example.net,Moradabad,Tripura,1976-09-01,Standard,2025-01-30
C000726,Lakshit,Khanna,gben@example.com,Sambalpur,Manipur,1946-10-01,Business,2022-10-02
C000727,Jeet,Jaggi,abalan@example.net,Kishanganj,Arunachal Pradesh,1981-03-14,Premium,2022-04-25
C000728,Vincent,Shenoy,bhasinshivani@example.net,Anand,Telangana,1991-03-15,Business,2025-10-25
C000729,Amol,Suri,vargheseladli@example.org,Madurai,Tamil Nadu,1979-03-28,Premium,2025-08-03
C000730,Rayaan,Cherian,fshukla@example.org,Haridwar,Telangana,1980-03-07,Standard,2022-07-02
C000731,Raksha,Uppal,hritiksolanki@example.com,Erode,Tripura,1968-12-08,Premium,2024-12-06
C000732,Krisha,Halder,shivani34@example.net,Jabalpur,Telangana,1950-06-12,Standard,2023-10-27
C000733,Upma,Sama,nathfalak@example.org,Siwan,Assam,1959-12-24,Standard,2023-03-15
C000734,Krisha,Srivastava,jbrar@example.com,Khora ,Telangana,1977-09-27,Premium,2022-10-29
C000735,Saumya,Kaur,gaurangrajagopal@example.net,Dhanbad,Meghalaya,1995-11-05,Premium,2022-01-18
C000736,Yutika,Krishnamurthy,niteshbatra@example.net,Kishanganj,Telangana,1976-07-02,Business,2024-12-24
C000737,Anmol,Sunder,vpau@example.net,Cuttack,Assam,1952-11-07,Business,2024-07-30
C000738,Varsha,Saha,williammishra@example.net,Mysore,Himachal Pradesh,1956-05-17,Business,2024-01-04
C000739,Ronith,Bhandari,pallaurishilla@example.net,Ichalkaranji,Haryana,1997-05-07,Premium,2023-04-10
C000740,Dayita,Lata,avni21@example.org,Jaunpur,Tripura,1972-08-25,Business,2025-12-13
C000741,Abdul,Suresh,hemal16@example.com,Fatehpur,Tamil Nadu,2000-01-02,Premium,2025-05-28
C000742,Hema,Tripathi,avi91@example.org,Haldia,Sikkim,1969-03-18,Premium,2021-09-18
C000743,Simon,Karpe,urattan@example.org,Proddatur,Assam,1978-11-11,Standard,2026-04-22
C000744,Zarna,Sha,narayanankashvi@example.net,Srinagar,Bihar,1999-04-27,Business,2023-07-22
C000745,Shivansh,Nagi,pmangal@example.org,Mahbubnagar,Assam,1994-05-28,Business,2022-05-16
C000746,Chaaya,Balakrishnan,faraj85@example.com,Shimoga,Madhya Pradesh,1998-08-01,Premium,2024-06-09
C000747,Chavvi,Mukherjee,mishraguneet@example.org,Satara,Rajasthan,1953-06-22,Standard,2026-07-10
C000748,Harinakshi,Lall,sanya90@example.com,Surat,Bihar,2000-11-18,Business,2025-05-26
C000749,Chasmum,Narain,samar89@example.org,Agra,Assam,1997-07-15,Standard,2022-07-18
C000750,Balhaar,Barman,irya23@example.com,Delhi,Goa,1954-05-27,Business,2022-12-07
C000751,Jeevika,Rau,fshetty@example.com,Madhyamgram,West Bengal,1998-01-13,Premium,2023-05-28
C000752,Ganga,Bandi,rajata64@example.org,Panchkula,Gujarat,1981-10-03,Standard,2024-02-23
C000753,Meghana,Anand,pahalsha@example.net,Bettiah,Jharkhand,1991-03-17,Business,2024-02-15
C000754,Arya,Balay,jagdish42@example.net,Mau,Odisha,1972-12-17,Standard,2025-03-10
C000755,Dhriti,Om,varenyapalla@example.net,Kolkata,Karnataka,1974-04-12,Premium,2024-11-14
C000756,Tejas,Dyal,chaitaly26@example.com,Sasaram,Karnataka,1982-08-23,Standard,2023-11-24
C000757,Fariq,Buch,arorareyansh@example.net,Medininagar,Meghalaya,1996-01-26,Business,2023-09-18
C000758,Ikshita,Jhaveri,pradhandayamai@example.net,Bharatpur,Rajasthan,2003-06-09,Standard,2023-04-18
C000759,Elijah,Kar,yahvichoudhary@example.com,Vijayawada,Rajasthan,1960-11-28,Business,2023-12-10
C000760,Darika,Behl,williamwali@example.org,Hubli–Dharwad,Karnataka,1999-11-07,Business,2022-03-05
C000761,Gayathri,Acharya,okunda@example.com,Nadiad,Chhattisgarh,1993-11-14,Standard,2021-12-16
C000762,Dalbir,Prashad,fmenon@example.org,Ozhukarai,Sikkim,1961-08-08,Business,2024-08-31
C000763,Zehaan,Narula,deshmukhdalbir@example.com,Junagadh,Tamil Nadu,1973-08-25,Business,2025-05-15
C000764,Dalaja,Bahl,tnaik@example.net,Siwan,Bihar,1959-04-17,Business,2022-11-18
C000765,Ekbal,Doctor,msarin@example.org,Ozhukarai,Karnataka,1981-10-18,Business,2023-05-30
C000766,Hema,Shenoy,waliarishi@example.com,Sirsa,Manipur,1996-04-29,Premium,2024-12-05
C000767,Mugdha,Bassi,bosegirindra@example.net,Srinagar,Nagaland,2008-06-07,Standard,2026-04-11
C000768,Yochana,Yohannan,ridhi91@example.com,Kollam,Mizoram,1964-08-07,Premium,2025-03-21
C000769,Jatin,Krishna,tejassahota@example.com,Dewas,Tripura,1993-08-07,Premium,2022-12-10
C000770,Faraj,Konda,daksharama@example.net,Shivpuri,Meghalaya,1983-10-18,Standard,2026-02-15
C000771,Laksh,Mahal,edate@example.com,Narasaraopet,Tripura,1983-02-23,Business,2021-09-01
C000772,Anay,Anne,nishakhatri@example.net,Nadiad,Uttar Pradesh,1966-08-20,Premium,2023-07-29
C000773,Samesh,Gole,katavinaya@example.net,Mau,Arunachal Pradesh,1999-12-16,Business,2026-02-04
C000774,Vinaya,Loyal,ishaanseth@example.org,Thoothukudi,Manipur,1994-01-12,Standard,2023-03-15
C000775,Harish,Venkataraman,epingle@example.org,Ranchi,Nagaland,1953-05-31,Standard,2022-12-02
C000776,Samar,Kara,jmishra@example.net,Kurnool,Chhattisgarh,1983-03-18,Business,2023-01-03
C000777,Daksha,Narasimhan,khannadiya@example.org,Panipat,Punjab,1979-05-21,Premium,2025-05-07
C000778,Pratyush,Shan,handawazir@example.org,Gulbarga,Uttarakhand,2000-01-03,Standard,2024-10-12
C000779,Xalak,Tailor,yohannancharles@example.org,Dehri,Odisha,1989-03-25,Standard,2025-10-28
C000780,Warhi,Dubey,dgolla@example.com,Agartala,Jharkhand,1952-03-20,Business,2022-05-08
C000781,Orinder,Bail,vihaan09@example.org,Sikar,Jharkhand,1949-02-03,Standard,2025-04-16
C000782,Sanaya,Kanda,neha76@example.org,Dewas,Gujarat,1982-10-19,Standard,2022-07-24
C000783,Bahadurjit,Raju,riya88@example.net,Sangli-Miraj & Kupwad,Andhra Pradesh,1971-08-23,Premium,2021-12-11
C000784,Bhavna,Kibe,pperi@example.net,Gandhinagar,Uttar Pradesh,2007-01-30,Premium,2024-10-28
C000785,Luke,Handa,gaurangisur@example.org,Patiala,Odisha,1973-02-26,Standard,2023-07-09
C000786,Noah,Kanda,rajatananda@example.net,Davanagere,Bihar,1999-04-14,Premium,2026-04-18
C000787,Ekansh,Uppal,nathaniel03@example.com,Farrukhabad,Uttarakhand,1951-05-23,Premium,2023-07-09
C000788,George,Chadha,dhruv40@example.org,Nagaon,Arunachal Pradesh,1998-07-09,Standard,2024-06-26
C000789,Lopa,Brahmbhatt,gopaldass@example.org,Sambalpur,Mizoram,1949-09-02,Business,2022-09-24
C000790,Yatin,Chhabra,mukhopadhyayupkaar@example.org,Sambhal,Haryana,1985-06-29,Business,2024-10-01
C000791,Thomas,Kunda,bathchaman@example.org,Nagercoil,Goa,1989-06-16,Standard,2025-06-02
C000792,Wyatt,Karan,bahadurjitshan@example.com,Jalgaon,Sikkim,1978-02-15,Standard,2025-02-09
C000793,Udant,Sha,srivastavawaida@example.org,Rajkot,Tripura,1970-09-06,Standard,2023-09-06
C000794,Nathan,Som,jacobyogi@example.com,Mirzapur,Jharkhand,1968-07-23,Standard,2023-09-01
C000795,Joshua,Patla,kalpit26@example.net,Sambalpur,Odisha,1963-04-06,Standard,2021-08-27
C000796,Nicholas,Rege,noah17@example.com,Sultan Pur Majra,Himachal Pradesh,1948-12-12,Business,2021-11-05
C000797,Jagdish,Kumar,deshmukhdarika@example.com,Morena,Kerala,1974-11-30,Standard,2026-06-24
C000798,Turvi,Kale,anirudhedwin@example.org,Khammam,Tamil Nadu,1953-06-01,Standard,2025-01-11
C000799,Guneet,Bedi,zayanuppal@example.com,Pallavaram,Gujarat,1966-08-17,Standard,2022-10-16
C000800,Sai,Venkataraman,aryan12@example.net,Bihar Sharif,Odisha,1948-05-10,premium,2025-12-02
C000801,Jairaj,Gaba,noahchar@example.com,Nagercoil,West Bengal,1954-05-02,Premium,2021-12-22
C000802,Zinal,Sarraf,orinder48@example.com,Loni,Bihar,1945-12-20,Business,2023-01-07
C000803,Caleb,Yadav,shahlogan@example.com,Visakhapatnam,Tamil Nadu,1991-07-28,Premium,2024-10-18
C000804,Shivansh,Borde,basupavani@example.com,Arrah,Odisha,1997-07-11,Premium,2026-02-10
C000805,Bhavya,Palla,zayanchaudhry@example.net,Gorakhpur,Madhya Pradesh,1956-02-29,Premium,2022-12-22
C000806,Mugdha,Karnik,om11@example.org,Alappuzha,Madhya Pradesh,1994-01-10,Business,2021-09-18
C000807,Falan,Kanda,vohranilima@example.com,Kolhapur,Manipur,2006-09-08,Business,2023-04-19
C000808,Balhaar,Chandran,bhatianimrat@example.org,Bikaner,Uttar Pradesh,1978-11-21,Business,2026-07-23
C000809,Pavani,Jhaveri,urishilla56@example.org,Sonipat,Mizoram,1947-04-29,Premium,2023-07-19
C000810,Devika,Dash,ayushman53@example.org,Tumkur,Jharkhand,1987-11-25,Standard,2021-12-31
C000811,Abhiram,Mistry,hchaudhuri@example.net,Secunderabad,Karnataka,2001-10-29,Business,2023-05-20
C000812,Ronith,Anne,sulelaksh@example.com,Sultan Pur Majra,Karnataka,1982-04-06,Premium,2022-06-15
C000813,Riya,Kunda,triptichanda@example.com,Hazaribagh,Gujarat,2004-11-17,Premium,2021-09-25
C000814,Balendra,Garde,ngulati@example.net,Akola,Telangana,1970-08-08,Standard,2021-09-26
C000815,Luke,Saini,padmanabhanoscar@example.com,Tiruchirappalli,Maharashtra,1973-09-06,Business,2025-10-27
C000816,Timothy,Kala,lsastry@example.org,Munger,Nagaland,1990-09-09,Business,2024-08-13
C000817,Mohini,Bhasin,yoshita20@example.com,Jaunpur,Chhattisgarh,1952-03-05,Premium,2026-01-06
C000818,Yasti,Sekhon,harrisonbrar@example.net,Sirsa,Maharashtra,1999-01-05,Standard,2022-02-07
C000819,Ishaan,Nazareth,omishashanker@example.net,Jodhpur,Karnataka,1989-03-27,Business,2025-11-25
C000820,Gabriel,Gopal,widishaedwin@example.net,Mathura,Goa,1951-01-05,Standard,2025-03-09
C000821,Balvan,Zachariah,upmasandhu@example.org,Bellary,Goa,2001-01-31,Standard,2022-04-05
C000822,Saumya,Bhatt,bajwabanjeet@example.org,Bathinda,Andhra Pradesh,1960-10-30,Premium,2026-03-17
C000823,Liam,Mohan,anay30@example.org,Kumbakonam,Maharashtra,1960-10-28,Business,2021-08-23
C000824,Isha,Ramanathan,hsuresh@example.org,Bijapur,Sikkim,1963-10-04,Business,2025-07-05
C000825,Dipta,Sethi,puriomaja@example.com,Gandhidham,Tripura,1987-08-29,Business,2022-05-26
C000826,Girik,Dara,nisha98@example.com,Ichalkaranji,Assam,1970-10-19,Standard,2022-06-23
C000827,Oviya,Sawhney,andrajackson@example.net,Bhusawal,Mizoram,1947-11-16,Business,2024-05-01
C000828,Bhavani,Buch,yashawini25@example.net,Jamalpur,Odisha,1999-05-22,Business,2024-10-24
C000829,Kavya,Sharaf,settynicholas@example.net,Aizawl,Assam,1952-09-19,Business,2026-05-30
C000830,Adweta,Aggarwal,ahujaurmi@example.org,Dharmavaram,Telangana,1974-02-24,Premium,2024-06-01
C000831,Sathvik,Deol,mukherjeeojas@example.net,Bhiwandi,Manipur,2004-05-31,Standard,2023-12-06
C000832,Suhani,Lal,patlainaya@example.net,Gandhinagar,Odisha,1955-09-25,Business,2021-11-01
C000833,Ridhi,Mohan,yhans@example.net,New Delhi,Jharkhand,1996-07-04,Premium,2023-05-28
C000834,Praneel,Gandhi,falan10@example.com,Bardhaman,Manipur,1954-11-09,Premium,2025-04-24
C000835,Kamya,Andra,hemanginijain@example.org,Raiganj,Karnataka,1974-12-16,Standard,2023-04-07
C000836,Dalaja,Kakar,jaipandya@example.com,Sambhal,Haryana,1977-08-03,Premium,2026-04-16
C000837,Ekani,Keer,srinivasangeorge@example.com,Raurkela Industrial Township,Odisha,1948-03-16,Business,2023-09-19
C000838,Gayathri,Parmer,unnigokhale@example.com,Sonipat,Madhya Pradesh,1975-09-19,Premium,2024-10-03
C000839,Timothy,Madan,jatinmunshi@example.com,Solapur,Arunachal Pradesh,1973-12-10,Premium,2021-09-16
C000840,Jai,Saha,upasnamerchant@example.com,Kozhikode,Manipur,1967-11-15,Standard,2023-05-09
C000841,Sai,Rege,kibeindrajit@example.org,Kavali,Kerala,1999-12-07,Standard,2022-08-30
C000842,Hema,Bawa,yachana50@example.net,Raipur,Uttar Pradesh,1959-02-06,Premium,2024-02-10
C000843,Vanya,Chatterjee,gokhaleekantika@example.net,Raipur,Uttarakhand,2002-06-29,Business,2022-01-07
C000844,Bhavya,Murty,tdeol@example.com,Kalyan-Dombivli,Manipur,1961-03-26,Standard,2023-07-22
C000845,Rehaan,Chaudry,vohraxalak@example.net,Ozhukarai,Karnataka,1999-01-22,Premium,2025-05-17
C000846,Vyanjana,Mannan,aishani81@example.net,Guwahati,Rajasthan,1964-03-05,Business,2022-10-03
C000847,Ekanta,Shah,vrindanatarajan@example.net,Bhopal,Nagaland,1953-09-06,Premium,2026-03-05
C000848,Andrew,Kar,suhani67@example.org,Alappuzha,Meghalaya,1958-03-11,Business,2023-09-22
C000849,Jason,Roy,balajacob@example.org,Kota,West Bengal,1953-07-21,Premium,2023-01-04
C000850,Upasna,Dave,farissinghal@example.org,Vadodara,Odisha,2008-06-28,Business,2023-06-07
C000851,Victor,Dey,sachi13@example.net,Hapur,Maharashtra,1960-01-13,Standard,2026-04-19
C000852,Widisha,Nadig,anthony32@example.com,Durg,Mizoram,2001-03-30,Premium,2026-01-23
C000853,Chasmum,Varughese,karleela@example.org,Srinagar,Tripura,1997-11-04,Business,2023-05-04
C000854,Michael,Mohanty,ncheema@example.org,Kharagpur,Assam,1951-03-01,Business,2025-04-16
C000855,Onkar,Aurora,qparikh@example.com,Gangtok,Sikkim,1968-07-14,Business,2023-01-18
C000856,Rajeshri,Narasimhan,amann@example.net,Raichur,Madhya Pradesh,1973-07-30,Premium,2023-03-18
C000857,Charvi,Iyer,madhavbumb@example.org,Ajmer,Rajasthan,2008-07-10,Business,2024-07-20
C000858,Idika,Shetty,onkarnair@example.com,Raurkela Industrial Township,Goa,1975-12-13,Premium,2024-05-25
C000859,Januja,Dave,adwetasahota@example.net,Ujjain,Odisha,2005-11-14,Standard,2023-05-06
C000860,Omya,Chauhan,guneet99@example.org,Jalgaon,Haryana,1995-12-11,Standard,2024-06-23
C000861,Faras,Malhotra,goyalfarhan@example.net,Cuttack,West Bengal,1987-06-24,Business,2026-03-23
C000862,Vedhika,Mann,yoshita19@example.net,Parbhani,Uttarakhand,2007-05-03,Premium,2024-06-28
C000863,Manbir,Shetty,ysharma@example.com,Chennai,Telangana,2007-07-08,Standard,2023-07-30
C000864,Raghav,Basu,siyadua@example.org,Bhiwandi,Haryana,1960-09-13,Premium,2025-04-18
C000865,Irya,Bhandari,hiteshpingle@example.org,Ichalkaranji,Chhattisgarh,1990-01-31,Standard,2024-10-14
C000866,Kashish,Hayre,ldara@example.org,Bhusawal,Maharashtra,1965-08-30,Business,2024-12-20
C000867,Chaaya,Krish,nehakar@example.org,Ranchi,Nagaland,1982-09-17,Premium,2023-11-28
C000868,Divya,Khosla,keya15@example.com,Motihari,Arunachal Pradesh,1999-02-04,Business,2022-01-14
C000869,Dev,Mistry,maanasbuch@example.com,Dibrugarh,West Bengal,1990-06-22,Premium,2021-12-13
C000870,Bhavini,Sani,gmukhopadhyay@example.net,Nagpur,Chhattisgarh,1962-05-02,Premium,2022-05-08
C000871,Tejas,Narula,teerthborra@example.net,Kamarhati,Andhra Pradesh,1949-09-11,Premium,2022-07-04
C000872,Ansh,Bahri,wazir27@example.org,Parbhani,West Bengal,1961-03-03,Premium,2025-01-10
C000873,Omisha,Baria,garima81@example.net,Machilipatnam,West Bengal,1987-02-01,Business,2025-05-07
C000874,Unni,Natt,irya01@example.com,Medininagar,Uttarakhand,2001-06-13,Standard,2024-08-27
C000875,Chandani,Nagy,mohammednarasimhan@example.org,Phagwara,Nagaland,2003-05-02,Business,2025-07-31
C000876,Omkaar,Bhalla,kavyajaggi@example.net,Panipat,Madhya Pradesh,1952-06-13,Business,2024-12-05
C000877,Alka,Vig,jhalak35@example.net,Bhiwani,Arunachal Pradesh,1968-07-07,Standard,2025-04-27
C000878,Rachit,Sen,dakshalad@example.org,Ulhasnagar,Arunachal Pradesh,1954-01-27,Standard,2022-09-30
C000879,Rayaan,Rai,deepa49@example.org,Bhalswa Jahangir Pur,Karnataka,1946-07-08,Business,2026-06-29
C000880,Dhruv,Chandra,ikbaltara@example.net,Etawah,Telangana,1948-03-16,Standard,2025-07-12
C000881,Laban,Mann,yuvrajiyer@example.com,Kirari Suleman Nagar,Meghalaya,1994-06-19,Standard,2024-04-29
C000882,Sanya,Halder,vkala@example.org,Amroha,Nagaland,1977-03-20,Premium,2026-01-09
C000883,Vasatika,Mander,ishitamagar@example.com,Kolhapur,Goa,1986-04-09,Standard,2021-12-13
C000884,Samar,Sarkar,divanekaja@example.org,Tenali,Himachal Pradesh,1959-05-05,Premium,2024-02-24
C000885,Lila,Gera,deepnathan@example.com,Ghaziabad,Arunachal Pradesh,1961-11-13,Premium,2022-12-24
C000886,Kai,Mannan,pmistry@example.net,Medininagar,Mizoram,1949-10-28,Standard,2026-07-01
C000887,Vivaan,Bajwa,nandini64@example.org,Tiruppur,Bihar,1989-08-25,Business,2023-01-16
C000888,Kavya,Viswanathan,ebuch@example.net,Kulti,Karnataka,1977-10-17,Standard,2025-01-15
C000889,Jeevika,Padmanabhan,shahyug@example.net,Hospet,Rajasthan,1965-01-29,Business,2026-01-27
C000890,Tanveer,Rajan,charles04@example.net,Jammu,Maharashtra,1966-04-15,Standard,2024-10-15
C000891,Varenya,Shankar,vasatika14@example.net,Bhalswa Jahangir Pur,Rajasthan,1954-11-04,Business,2024-01-26
C000892,Advik,Kala,jdalia@example.org,Bhavnagar,Jharkhand,2007-10-31,Business,2024-03-10
C000893,Sarthak,Rastogi,majumdarryan@example.com,Kolhapur,Nagaland,1995-03-08,Business,2025-07-03
C000894,Omaja,Kulkarni,nachiket39@example.net,Bhimavaram,Arunachal Pradesh,1988-07-10,Business,2024-07-28
C000895,Chandani,Bhakta,david49@example.net,Kulti,Haryana,1994-08-09,Standard,2024-10-11
C000896,Abeer,Wable,schakraborty@example.org,Nagaon,Manipur,2001-06-15,Business,2023-08-04
C000897,Lucky,Behl,emitra@example.com,Bokaro,Arunachal Pradesh,1980-08-13,Standard,2024-11-30
C000898,Yatan,Doctor,advaith72@example.com,Ongole,Andhra Pradesh,1980-01-15,Business,2021-09-03
C000899,Kabir,Rajagopal,rattabalveer@example.net,Alwar,Kerala,1991-11-19,Premium,2026-03-15
C000900,Ekavir,Anne,aarini48@example.com,Dehri,Rajasthan,1968-01-29,Standard,2022-10-29
C000901,Sarthak,Ganesh,pchaudhry@example.com,Guna,Andhra Pradesh,1949-10-20,Premium,2021-11-29
C000902,Hritik,Batta,darika29@example.com,Sangli-Miraj & Kupwad,Manipur,2003-08-27,Business,2025-06-25
C000903,Anusha,Dara,bbobal@example.com,Jabalpur,Odisha,1954-12-28,Premium,2024-09-08
C000904,George,Bhatnagar,dravi@example.net,Khandwa,Sikkim,1976-04-24,Standard,2022-07-14
C000905,Kalpit,Kade,trivedioni@example.org,Sonipat,Goa,1957-10-11,Business,2026-05-07
C000906,Kiaan,Shroff,pkalla@example.org,Korba,Uttarakhand,2005-02-07,Business,2025-06-05
C000907,Zinal,Sahni,sarantarak@example.com,Mumbai,Andhra Pradesh,1976-09-23,Premium,2026-07-27
C000908,Sachi,Oak,hmody@example.net,Darbhanga,Himachal Pradesh,1947-08-01,Business,2023-05-08
C000909,Samesh,Vaidya,mangatsai@example.org,Bellary,Tripura,1950-10-10,Premium,2026-03-02
C000910,Jeremiah,Dugal,shankarekalinga@example.net,Ajmer,Karnataka,1950-02-09,Business,2022-02-06
C000911,Lila,Raman,sunderisaac@example.org,Sonipat,Arunachal Pradesh,1955-02-10,Business,2023-08-31
C000912,Vidhi,Sule,leela84@example.org,Arrah,Odisha,1966-08-02,Premium,2021-10-09
C000913,Hemal,Seshadri,brama@example.com,Dhule,Haryana,1966-12-25,Business,2023-05-14
C000914,Deepa,Bahl,gsundaram@example.com,Haridwar,Tripura,1951-03-01,Business,2023-05-28
C000915,Balendra,Pandit,anshmander@example.org,Tiruppur,Uttarakhand,1975-06-29,Standard,2023-04-03
C000916,Arjun,Chandran,samuel84@example.org,Satna,Maharashtra,1996-10-09,Premium,2024-08-21
C000917,Hemal,Jha,sarnasanya@example.org,Dharmavaram,Tripura,1965-11-19,Premium,2025-04-11
C000918,Harsh,Patla,bhardwajreva@example.org,Tiruppur,Tamil Nadu,1958-08-02,Standard,2022-11-26
C000919,Neha,Gole,mason32@example.com,Bhopal,Kerala,1983-08-15,Premium,2026-03-27
C000920,Gaurika,Patla,xitideshmukh@example.org,Karnal,Uttarakhand,1993-03-24,Business,2025-12-06
C000921,Pavani,Reddy,wasondalaja@example.org,Adoni,Tamil Nadu,1997-10-19,Standard,2022-04-17
C000922,Manthan,Bera,raghavanjhalak@example.org,Chapra,Jharkhand,1956-10-23,Standard,2022-07-18
C000923,Vinaya,Toor,arin49@example.org,Mau,Tamil Nadu,1967-01-15,Standard,2024-08-10
C000924,Hitesh,Parsa,akshaysoni@example.com,Howrah,Rajasthan,1951-08-12,Standard,2026-04-15
C000925,Omisha,Nigam,bhandarichakradhar@example.org,Coimbatore,Uttarakhand,1960-11-13,Business,2025-12-04
C000926,Yamini,Anne,inayakamdar@example.com,Coimbatore,Madhya Pradesh,1992-01-16,Premium,2026-07-10
C000927,Ekantika,Bava,brijesh15@example.net,Bongaigaon,Assam,1994-02-14,Premium,2024-01-23
C000928,Zayyan,Barad,golaavi@example.net,Kulti,Sikkim,2001-01-06,Premium,2024-03-12
C000929,Daksh,Kala,hmitra@example.org,Jaunpur,Jharkhand,1957-03-28,Business,2026-06-08
C000930,Guneet,Sathe,sanghakabir@example.net,Chapra,Telangana,1990-08-27,Standard,2022-11-09
C000931,Saanvi,Pant,jsankaran@example.com,Ichalkaranji,Mizoram,1995-08-12,Business,2023-05-22
C000932,Saanvi,Kade,hredhaan91@example.org,Lucknow,Haryana,1975-01-20,Standard,2024-11-17
C000933,Yash,Pathak,butalaadvik@example.com,Jorhat,Telangana,1959-10-13,Standard,2023-11-06
C000934,Gaurika,Bajwa,vdave@example.net,Medininagar,Tripura,1980-11-25,Premium,2021-10-31
C000935,Rishi,Ganesh,siyadeo@example.net,Ballia,Maharashtra,1997-02-01,Standard,2026-06-03
C000936,Noah,Khanna,ubalan@example.org,Dibrugarh,Arunachal Pradesh,1962-06-12,Premium,2025-08-06
C000937,Nandini,Vaidya,forum57@example.org,Chennai,West Bengal,1997-09-14,Business,2025-11-26
C000938,Geetika,Sarraf,qadim56@example.com,Jamnagar,Manipur,1978-04-14,Premium,2025-12-04
C000939,Tanmayi,Misra,arya11@example.net,Darbhanga,Karnataka,1992-02-20,Business,2024-10-07
C000940,Aarav,Basu,zagrawal@example.org,Guntakal,Madhya Pradesh,1970-06-02,Business,2026-07-19
C000941,Udyati,Shan,koshynidra@example.com,Saharanpur,Punjab,2004-12-12,Standard,2026-04-29
C000942,Ryan,Devi,lohitbora@example.net,Kavali,Bihar,1999-07-20,Business,2022-07-14
C000943,Hemang,Chanda,radhika10@example.com,Chapra,Uttarakhand,1954-09-02,Business,2024-09-21
C000944,Faqid,Sibal,ehanda@example.com,Fatehpur,Rajasthan,1978-03-14,Standard,2025-04-01
C000945,Lohit,Kapoor,ukunda@example.com,Kochi,Haryana,1965-05-19,Premium,2024-04-04
C000946,Lajita,Uppal,batrasarthak@example.net,Shivpuri,Karnataka,2008-07-04,Business,2025-04-09
C000947,Christopher,Bath,pillayleena@example.org,Nangloi Jat,Tamil Nadu,1946-11-11,Premium,2025-11-23
C000948,Dalaja,Vig,liambhardwaj@example.org,Eluru,Arunachal Pradesh,1992-04-08,Standard,2025-09-04
C000949,Dakshesh,Batta,dtailor@example.org,Tiruppur,Punjab,1967-01-02,Standard,2024-01-24
C000950,Janya,Chokshi,gsaran@example.net,Ghaziabad,Tripura,1960-01-08,Business,2021-11-06
C000951,Oviya,Sabharwal,fgopal@example.com,Korba,Karnataka,1947-07-13,Standard,2026-03-16
C000952,Darika,Char,chaudhurianya@example.net,Imphal,Karnataka,1997-02-18,Standard,2024-09-17
C000953,Manthan,Ahuja,ansh61@example.com,Kakinada,Tripura,1949-10-13,business,2025-12-07
C000954,Chanakya,Munshi,dvarkey@example.com,Bettiah,Nagaland,1999-07-03,Business,2023-02-23
C000955,Veda,Munshi,ranveer00@example.com,Berhampur,Uttarakhand,1959-09-08,Premium,2026-07-13
C000956,Praneel,Divan,atikala@example.com,Kurnool,Gujarat,1987-11-30,Business,2025-05-10
C000957,Yochana,Ramesh,xgandhi@example.net,Bidar,West Bengal,1988-03-05,Standard,2024-06-05
C000958,Chanchal,Ramesh,balendrasaraf@example.org,Bathinda,Goa,1949-07-18,Standard,2025-12-21
C000959,Amrita,Thakur,samarpadmanabhan@example.net,Mathura,Nagaland,1946-07-02,Standard,2024-10-09
C000960,Zehaan,Chander,daminiprabhu@example.org,Medininagar,Kerala,1986-07-27,Standard,2021-12-14
C000961,Anusha,Sood,baghyawati36@example.org,Raiganj,Sikkim,1949-07-23,Business,2023-04-16
C000962,Azad,Keer,praneel78@example.net,Sasaram,Sikkim,1980-02-13,Premium,2022-06-11
C000963,Edhitha,Chad,merchantzansi@example.org,Panihati,Odisha,1990-05-09,Business,2022-07-22
C000964,Pranit,Bhatt,pallameera@example.com,Kolkata,Goa,1964-08-31,Premium,2022-03-06
C000965,Tristan,Thakur,vinayabatta@example.com,Machilipatnam,Maharashtra,1965-06-21,Business,2024-12-20
C000966,Rachita,Golla,benkavya@example.com,Kozhikode,Nagaland,1956-12-20,Standard,2023-11-26
C000967,Vanya,Narasimhan,bravel@example.org,Munger,Madhya Pradesh,2007-08-02,Standard,2021-11-17
C000968,Yochana,Nadkarni,cbhardwaj@example.com,Khammam,Nagaland,1980-01-12,Premium,2022-07-02
C000969,Kavya,Deol,sanaya31@example.com,Thrissur,Telangana,1984-10-20,Standard,2022-04-28
C000970,Daniel,Behl,krishnagy@example.net,Agra,Rajasthan,1997-12-01,Premium,2025-01-31
C000971,Adweta,Aurora,ramhiral@example.com,Pondicherry,Andhra Pradesh,1964-10-22,Business,2024-08-26
C000972,Jacob,Swamy,nagivarsha@example.com,Gaya,Chhattisgarh,1956-04-07,premium,2024-10-20
C000973,Yahvi,Loyal,nandaeshana@example.com,Thane,Andhra Pradesh,1991-03-04,Business,2024-09-10
C000974,Raagini,Thaman,lohitmanne@example.org,Gurgaon,Meghalaya,1954-04-07,Premium,2025-07-17
C000975,Yashica,Patla,gulatifinn@example.org,Tenali,Uttarakhand,1991-04-03,Standard,2021-12-04
C000976,Yauvani,Dhaliwal,odikavirk@example.org,Gurgaon,Uttarakhand,1963-02-06,Business,2024-01-09
C000977,Caleb,Nayak,devasana@example.net,Jodhpur,Himachal Pradesh,2006-03-06,Premium,2024-10-25
C000978,Chakradhar,Atwal,aarnavchada@example.org,Akola,Uttarakhand,1946-11-02,Business,2025-01-12
C000979,Vansha,Grewal,yjani@example.org,Cuttack,Mizoram,1956-09-26,Premium,2022-08-02
C000980,Krishna,Choudhury,balvan90@example.org,Rohtak,Himachal Pradesh,1956-04-26,Business,2022-09-21
C000981,Lekha,Kulkarni,manan50@example.org,Tiruchirappalli,Mizoram,1993-09-26,Premium,2025-07-28
C000982,Ansh,Oza,ysahota@example.net,Pimpri-Chinchwad,Chhattisgarh,1959-07-28,Business,2025-06-06
C000983,Vincent,Jaggi,nirja27@example.com,Tezpur,Meghalaya,1962-09-01,Standard,2022-09-25
C000984,Advaith,Taneja,epradhan@example.net,North Dumdum,Rajasthan,1986-01-31,Business,2021-12-16
C000985,Chakrika,Deep,ishaanbhat@example.net,Tiruchirappalli,Goa,1947-05-10,Standard,2023-12-18
C000986,Ekanta,Borah,dugalmegha@example.net,Nangloi Jat,Madhya Pradesh,2004-10-01,Business,2026-05-19
C000987,Megha,Kunda,balhaar22@example.net,Chittoor,Arunachal Pradesh,1965-10-30,Business,2024-07-31
C000988,Indrajit,Bajaj,handachaitaly@example.net,Darbhanga,Odisha,2002-12-12,Business,2025-10-07
C000989,Madhavi,Sani,boasearjun@example.net,Guntur,West Bengal,1985-09-25,Business,2023-03-16
C000990,Waida,Luthra,lallchaaya@example.net,Parbhani,Mizoram,1984-06-25,Premium,2023-04-07
C000991,Kevin,Salvi,madhavikrishnan@example.com,Ajmer,Maharashtra,1958-06-07,Standard,2025-05-10
C000992,Maya,Nadkarni,ebose@example.net,Dehri,Rajasthan,1985-09-13,Premium,2024-11-20
C000993,Advaith,Hari,anamikaramesh@example.org,Ambattur,Tamil Nadu,1976-04-28,Standard,2021-10-29
C000994,Bhavani,Contractor,harinigoyal@example.org,Rajahmundry,Himachal Pradesh,1968-01-02,Business,2025-11-25
C000995,Warinder,Saxena,viraj71@example.com,Ozhukarai,Sikkim,1962-11-05,Business,2026-01-25
C000996,Amaira,Dada,vigomisha@example.com,Loni,Chhattisgarh,1992-03-27,Premium,2021-12-16
C000997,Dalbir,Narasimhan,aashigoswami@example.com,Jhansi,Bihar,1965-05-30,Business,2022-02-20
C000998,Nidra,Munshi,zbadami@example.org,Katihar,Maharashtra,1992-06-22,Standard,2022-08-23
C000999,Yuvraj,Bhattacharyya,nanne@example.net,Rohtak,Madhya Pradesh,1997-06-28,Business,2025-10-21
C001000,Janaki,Ganguly,kadezaitra@example.org,Dhanbad,Karnataka,1980-06-17,Business,2022-04-18
C001001,Geetika,Hari,charkai@example.com,Phagwara,Goa,1985-04-02,Business,2025-01-17
C001002,Nirja,Batra,umadan@example.com,Agra,Tamil Nadu,1966-08-02,Business,2023-05-01
C001003,Oscar,Hora,bordetarak@example.com,Bidhannagar,Mizoram,1980-10-18,Standard,2023-08-24
C001004,Alka,Rai,solankiijaya@example.net,Hospet,Jharkhand,1953-09-08,Standard,2026-08-07
C001005,Watika,Aggarwal,advika86@example.com,Ambattur,Uttarakhand,2001-12-07,Premium,2025-12-14
C001006,Azaan,Sule,umang17@example.com,Karawal Nagar,Meghalaya,1972-08-30,Business,2022-12-12
C001007,Wridesh,Dani,fsolanki@example.com,Machilipatnam,Bihar,1991-02-13,Business,2025-03-05
C001008,Naveen,Nagy,sulegaurika@example.net,Tinsukia,Tamil Nadu,2004-07-04,Standard,2025-08-09
C001009,Yoshita,Mukhopadhyay,karannilima@example.com,Kalyan-Dombivli,West Bengal,1980-03-20,Premium,2023-03-11
C001010,Gauri,Kamdar,dmaharaj@example.net,Dehri,Meghalaya,1953-08-03,Premium,2025-05-12
C001011,Triya,Lala,ahujagautam@example.org,Bardhaman,Nagaland,1957-01-03,Premium,2024-01-15
C001012,Girindra,Vyas,pahal41@example.org,Pudukkottai,Manipur,1954-02-26,Business,2022-08-08
C001013,Om,Dugal,hdube@example.net,Berhampore,Himachal Pradesh,1993-12-22,Standard,2022-09-30
C001014,Omkaar,Madan,krishna25@example.org,Morbi,Tamil Nadu,1960-11-19,Business,2025-10-07
C001015,Kamya,Puri,rkumar@example.com,Jamnagar,Maharashtra,1949-11-13,Premium,2023-02-21
C001016,Mahika,Raghavan,aarna00@example.org,Delhi,Jharkhand,1953-04-02,Standard,2023-12-27
C001017,Advika,Om,pradhannandini@example.com,Uluberia,Haryana,1945-08-10,Premium,2026-06-06
C001018,Waida,Aurora,tbir@example.org,Junagadh,Maharashtra,1990-06-29,Standard,2023-09-16
C001019,Mohini,Pradhan,ria05@example.com,Phusro,Tamil Nadu,1996-03-29,Business,2024-12-20
C001020,Triveni,Pai,yutikakibe@example.com,Madurai,Odisha,1952-03-10,Business,2021-11-13
C001021,Zilmil,Bhat,faraj42@example.net,Chittoor,West Bengal,1983-10-08,Standard,2025-11-05
C001022,Rishi,Patel,zaidpau@example.com,Howrah,Tripura,1963-08-16,Premium,2024-01-28
C001023,Rushil,Agate,darika79@example.net,Agra,Uttar Pradesh,1948-06-22,Business,2026-07-07
C001024,Warinder,Khosla,nachiketcheema@example.com,Gwalior,Nagaland,1993-01-09,Premium,2025-03-02
C001025,Ojas,Yadav,amohan@example.org,Danapur,Madhya Pradesh,2005-02-27,Business,2026-07-18
C001026,Harsh,Balan,msamra@example.com,Bharatpur,Madhya Pradesh,1977-02-01,Premium,2025-04-02
C001027,Max,Chacko,hemalsinghal@example.net,Jaipur,Meghalaya,1948-06-05,Business,2023-07-09
C001028,Bahadurjit,Khare,csangha@example.net,Tadipatri,Goa,1949-11-08,Standard,2022-12-23
C001029,Zehaan,Pingle,zsandal@example.net,Sri Ganganagar,Gujarat,1972-12-20,Standard,2023-09-10
C001030,Rachana,Lal,udantagrawal@example.org,Hazaribagh,Goa,2007-12-29,Standard,2023-08-07
C001031,Dalbir,Gandhi,matthew59@example.net,Bhagalpur,Bihar,1991-07-08,Business,2024-09-22
C001032,Rudra,Setty,kapadiajackson@example.org,Bellary,Punjab,1962-05-19,Standard,2024-04-07
C001033,Falan,Soni,theodorechandra@example.net,Vadodara,Assam,1987-05-22,Premium,2024-02-29
C001034,Varenya,Tara,nathjacob@example.org,Kota,Rajasthan,2001-01-03,Standard,2025-06-22
C001035,Chaman,Devi,pushti49@example.org,Farrukhabad,Rajasthan,1966-10-05,Business,2022-10-19
C001036,Patrick,Ravel,ishanitandon@example.com,Khora ,Nagaland,1972-08-09,Standard,2021-09-08
C001037,Vedika,Shenoy,saramadan@example.com,Akola,Haryana,1961-10-19,Premium,2026-07-15
C001038,Theodore,Varkey,lkeer@example.net,Bidar,Rajasthan,1995-10-22,Premium,2023-03-31
C001039,Gabriel,Grewal,zprabhakar@example.com,Motihari,Manipur,1946-05-05,Business,2025-03-20
C001040,Advika,Mahajan,suranandini@example.com,Srikakulam,Madhya Pradesh,1951-09-07,Premium,2024-03-08
C001041,Shivansh,Bail,palanaarush@example.org,Nagercoil,Tamil Nadu,1961-11-19,Business,2023-12-02
C001042,Oscar,Rajan,loyalvinaya@example.org,Katihar,Andhra Pradesh,1950-11-01,Premium,2023-06-03
C001043,Charan,Bala,azaanwali@example.org,Arrah,Bihar,1951-12-25,Standard,2021-12-03
C001044,Vasatika,Prashad,doranandini@example.org,Bhusawal,Tamil Nadu,1991-07-26,Premium,2024-03-13
C001045,Ekapad,Bhatia,samakshgoda@example.net,Panchkula,Madhya Pradesh,1976-05-26,Premium,2025-03-21
C001046,Dayamai,Sankar,darshkala@example.com,Aurangabad,Kerala,2004-01-19,Standard,2022-02-11
C001047,Hemani,Banik,hvasa@example.com,Chinsurah,Meghalaya,1993-12-15,Business,2023-04-08
C001048,Tristan,Karpe,labansom@example.org,Bhubaneswar,Punjab,1989-10-07,Standard,2022-01-01
C001049,Ikbal,Radhakrishnan,ihegde@example.org,Kavali,West Bengal,1974-02-02,Business,2021-08-26
C001050,Harini,Comar,divyadevi@example.com,Dhule,Uttar Pradesh,2008-03-05,Standard,2023-11-13
C001051,Krish,Warrior,teerthmuni@example.com,Gulbarga,Haryana,1961-05-16,Premium,2023-05-07
C001052,Pranit,Dalal,jeevika26@example.org,Sikar,Madhya Pradesh,1975-04-14,Standard,2025-04-10
C001053,Naksh,Bora,xalaksuri@example.net,Lucknow,Meghalaya,1954-12-09,Standard,2024-10-04
C001054,Yuvraj,De,meghana90@example.net,Panchkula,Kerala,1945-11-26,Business,2021-08-14
C001055,Sathvik,Gill,nairudarsh@example.net,Nagpur,Odisha,1958-05-12,Premium,2022-02-15
C001056,Aadhya,Handa,narayanansneha@example.org,Tezpur,Goa,1972-09-12,Premium,2022-06-10
C001057,Baghyawati,Vora,rnayak@example.org,Loni,Mizoram,1980-11-30,premium,2026-01-07
C001058,Devansh,Tandon,qsoman@example.com,Berhampore,Uttar Pradesh,1951-08-15,Premium,2022-11-18
C001059,Madhav,Dua,tanishbaral@example.com,Solapur,Telangana,1950-02-16,Standard,2023-10-17
C001060,Ekantika,Dora,xaviersunder@example.com,Patiala,Meghalaya,1967-10-07,Premium,2022-07-17
C001061,Damini,Kant,manyabora@example.org,Bidar,Himachal Pradesh,1999-05-01,Standard,2022-07-07
C001062,Ira,Puri,khalsadivya@example.com,Jaipur,Nagaland,1955-06-19,Premium,2024-07-22
C001063,Kashvi,More,aarini96@example.org,Hazaribagh,Kerala,1971-03-10,Premium,2024-05-12
C001064,Rohan,Bala,umisra@example.net,Sirsa,Sikkim,1953-12-28,Standard,2026-02-21
C001065,Ekta,Saraf,mandermohammed@example.net,Shimla,Goa,1981-07-13,Business,2023-05-08
C001066,Lipika,Nagi,indirabalasubramanian@example.net,Moradabad,Meghalaya,1974-08-07,Business,2022-08-31
C001067,Aadhya,Kar,lekha81@example.org,Giridih,Kerala,1963-03-22,Business,2023-03-12
C001068,Amaira,Ahluwalia,madanosha@example.net,North Dumdum,Odisha,1986-08-18,Standard,2021-09-12
C001069,Benjamin,Khanna,deshmukhekapad@example.com,Bellary,Assam,2001-03-08,Premium,2024-04-23
C001070,Aashi,Barad,mmalhotra@example.com,Ghaziabad,Tamil Nadu,1946-10-11,Premium,2024-01-02
C001071,Yauvani,Varty,sahniradha@example.com,Dewas,Tripura,1951-03-25,Business,2022-07-08
C001072,Tanish,Srivastava,gayathrisoni@example.org,Nagercoil,Maharashtra,1970-07-02,Standard,2021-11-08
C001073,Radhika,Bhardwaj,peterbajaj@example.net,Suryapet,Gujarat,1957-06-15,Business,2025-05-15
C001074,Jeevika,Pandey,xbalan@example.net,Hajipur,Haryana,1955-11-04,Business,2021-10-30
C001075,Anika,Chawla,aarnav41@example.net,Nangloi Jat,West Bengal,2004-05-13,Standard,2024-03-17
C001076,Anika,Gade,trivenitiwari@example.org,Chapra,Goa,2003-12-10,Business,2025-05-02
C001077,Matthew,Toor,chardavid@example.com,Ratlam,Jharkhand,1998-11-16,Standard,2025-11-12
C001078,Warhi,Borde,chakradev30@example.org,Jabalpur,Goa,1977-01-07,Premium,2024-10-24
C001079,Chanakya,Kannan,mishranaveen@example.org,Sagar,Bihar,1997-06-10,Standard,2026-08-07
C001080,Prisha,Mukhopadhyay,oyogi@example.com,Purnia,Madhya Pradesh,2005-08-18,Standard,2025-11-13
C001081,Raghav,Ganesh,aarnadass@example.com,Eluru,Telangana,1997-01-29,Premium,2026-05-05
C001082,Lekha,Bobal,zarna67@example.com,Sagar,Andhra Pradesh,1959-11-12,Premium,2023-09-24
C001083,Vasatika,Atwal,mmangat@example.com,Durg,Assam,1998-09-09,Standard,2026-02-07
C001084,Widisha,Chacko,farajkhare@example.com,Erode,Uttar Pradesh,1993-09-06,Standard,2024-06-04
C001085,Ronith,Chander,manan45@example.net,Raiganj,Arunachal Pradesh,1971-12-17,Business,2022-08-01
C001086,Brinda,Bajwa,nchopra@example.com,Vijayawada,Madhya Pradesh,1986-02-11,Premium,2024-06-18
C001087,Advik,Radhakrishnan,ybansal@example.com,Tirunelveli,Mizoram,1952-07-07,Business,2022-11-08
C001088,Urvashi,Bhatnagar,amrita97@example.com,Salem,Tamil Nadu,2006-12-25,Premium,2025-11-17
C001089,Robert,Dara,bhavna84@example.org,Alwar,Chhattisgarh,2002-11-10,Premium,2022-03-09
C001090,Amara,Sridhar,bahlsneha@example.net,Ichalkaranji,Rajasthan,1981-05-30,Premium,2022-03-10
C001091,Falguni,Nagy,thakkarbachittar@example.org,Pimpri-Chinchwad,Assam,1954-01-07,Standard,2023-11-18
C001092,Oscar,Baral,ranganathanridhi@example.net,Jalgaon,Goa,1983-10-16,Business,2022-06-17
C001093,Priya,Tailor,goyaleta@example.org,Bettiah,Tamil Nadu,1994-06-19,Business,2025-03-21
C001094,Tara,Gandhi,zachariabrinda@example.net,Lucknow,Rajasthan,1987-10-09,Business,2023-10-21
C001095,Bina,Virk,ibuch@example.org,Guntur,Odisha,2007-09-08,Business,2023-12-09
C001096,Keya,Sarkar,doradhriti@example.com,Jalna,Uttar Pradesh,1957-08-20,Premium,2025-06-27
C001097,Lakshmi,Nigam,widisha02@example.org,Srikakulam,Andhra Pradesh,1985-09-28,Standard,2024-08-08
C001098,Bhavika,Ray,indrajit44@example.com,Jhansi,Jharkhand,1958-12-30,Standard,2023-09-04
C001099,David,Parmar,xrai@example.org,Arrah,Nagaland,2006-06-18,Premium,2022-01-06
C001100,Jagdish,Bansal,vasahema@example.net,Loni,Gujarat,1986-11-08,Premium,2023-07-24
C001101,Chavvi,Yogi,pchar@example.com,Asansol,Uttar Pradesh,1970-10-14,Standard,2025-09-08
C001102,Nitesh,Ravi,rauabhiram@example.com,Aligarh,Bihar,1948-05-02,Premium,2026-04-04
C001103,Orinder,Dani,karan40@example.com,Hajipur,Uttarakhand,1998-12-21,Premium,2022-06-21
C001104,Chavvi,Radhakrishnan,sara53@example.net,Motihari,Gujarat,1995-10-12,Business,2026-07-09
C001105,Balveer,Choudhry,schokshi@example.net,Sagar,Rajasthan,1990-06-29,Standard,2026-04-12
C001106,Udant,Behl,dakshatak@example.com,Kolhapur,Himachal Pradesh,1969-03-15,Standard,2021-12-17
C001107,Yadavi,Luthra,rattangaurika@example.org,Varanasi,Uttar Pradesh,1964-10-30,Standard,2025-04-13
C001108,Kashvi,Rege,janaki58@example.net,Ozhukarai,Odisha,2001-03-15,Premium,2025-04-10
C001109,Andrew,Srinivas,brinda26@example.net,Uluberia,Odisha,1964-01-29,Business,2023-08-15
C001110,Yasti,Deep,obadami@example.org,Ulhasnagar,Karnataka,1979-06-10,Standard,2025-07-30
C001111,Qabil,Venkatesh,nimrat14@example.org,Jammu,Goa,1972-08-19,Premium,2024-05-04
C001112,Ekapad,Walia,pnatarajan@example.net,Sikar,Sikkim,1995-07-20,Premium,2022-07-10
C001113,Yahvi,Swaminathan,sharmajalsa@example.org,Gaya,Haryana,2004-08-21,Business,2023-06-01
C001114,Brijesh,Puri,unni58@example.net,Haldia,Uttarakhand,2002-09-08,Business,2023-10-05
C001115,Amaira,Sundaram,baradcharita@example.com,Motihari,Himachal Pradesh,1964-05-11,Standard,2025-09-22
C001116,Daksha,Comar,purohitpatrick@example.org,Bareilly,Maharashtra,1954-01-26,Standard,2025-03-20
C001117,Gaurang,Arya,sudikshachopra@example.com,Chittoor,Chhattisgarh,2001-03-30,Standard,2022-01-15
C001118,Lajita,Barman,zarna57@example.org,Warangal,Andhra Pradesh,2002-11-08,Standard,2022-02-16
C001119,Naksh,Bassi,pushtipalla@example.com,Erode,Odisha,2008-08-02,Business,2021-12-04
C001120,Reyansh,Sahni,pdayal@example.net,Faridabad,Kerala,1962-02-26,Standard,2026-02-28
C001121,Siddharth,Memon,nakshgala@example.org,Aurangabad,Bihar,2002-05-23,Premium,2025-02-19
C001122,Raghav,Pant,eta66@example.com,Raiganj,Jharkhand,1948-02-11,Premium,2023-10-20
C001123,Amara,Narang,katamanya@example.org,Guntur,Arunachal Pradesh,1961-02-21,Business,2021-09-27
C001124,Harrison,Ray,boasejanuja@example.net,Nizamabad,Mizoram,1987-02-28,Business,2023-07-27
C001125,Bishakha,Vasa,chamelimohan@example.com,Haridwar,Andhra Pradesh,1978-11-12,Business,2021-12-29
C001126,Ekalinga,Maharaj,atharv28@example.org,Orai,Uttar Pradesh,2001-10-22,Premium,2023-10-30
C001127,Aayush,Nair,yagnesh46@example.net,Arrah,Nagaland,1979-08-25,Business,2024-05-22
C001128,Lajita,Dhar,nadkarnimeghana@example.org,Ulhasnagar,Mizoram,1994-10-06,Standard,2026-03-13
C001129,Logan,Sodhi,samuel68@example.net,Mathura,Sikkim,1966-12-29,Business,2025-04-08
C001130,Hemani,Bhasin,rdesai@example.org,Tirupati,Arunachal Pradesh,2005-07-25,Premium,2024-06-23
C001131,Chakradhar,Mane,rtaneja@example.net,Bhusawal,Goa,1998-03-26,Business,2026-05-16
C001132,Balvan,Kakar,ethan72@example.com,Naihati,Tamil Nadu,1987-08-28,Standard,2026-05-30
C001133,Leela,Nadig,ssarin@example.org,Miryalaguda,Chhattisgarh,1954-12-11,Business,2024-05-09
C001134,Ayushman,Walia,farajkumar@example.org,Meerut,Karnataka,1984-12-20,Standard,2022-07-28
C001135,Ekavir,Saini,rajantanvi@example.com,Thoothukudi,Haryana,1989-10-11,Standard,2026-07-04
C001136,Vedhika,Nair,barkhakapoor@example.com,Nagercoil,Andhra Pradesh,1989-03-17,Business,2023-09-04
C001137,Dhriti,Nayak,lbassi@example.net,Imphal,Karnataka,1982-09-18,Business,2023-05-03
C001138,Peter,Kurian,sahluwalia@example.org,Amravati,Gujarat,1982-06-02,Business,2025-11-04
C001139,Ansh,Radhakrishnan,matthewchandra@example.com,Chandigarh,Uttar Pradesh,1996-12-04,Standard,2025-05-15
C001140,Omkaar,Bumb,ria48@example.net,Dindigul,Himachal Pradesh,2007-02-08,Standard,2025-07-24
C001141,Hemani,Khosla,pranav95@example.net,Rohtak,Gujarat,1979-02-04,Standard,2025-03-15
C001142,Frado,Dora,maanavdutta@example.org,Thane,Goa,1967-03-13,Premium,2024-06-10
C001143,Chatura,Naik,bakshigayathri@example.org,Jamshedpur,Sikkim,1985-09-23,Standard,2022-03-23
C001144,Raagini,Sridhar,natarajanleena@example.org,Guna,Maharashtra,1994-03-13,Premium,2025-11-24
C001145,Urishilla,Munshi,itaneja@example.net,Anand,Manipur,1976-05-09,Premium,2024-08-18
C001146,David,Bhat,auroradayamai@example.org,Hospet,Uttar Pradesh,1954-10-31,Standard,2022-12-31
C001147,Mugdha,Chokshi,garainaya@example.net,Mysore,Rajasthan,2001-01-05,Standard,2021-11-27
C001148,Yauvani,Ganesan,kallamanthan@example.net,Siliguri,Nagaland,1993-12-15,Premium,2025-03-20
C001149,Yauvani,Bhatt,tlad@example.org,Kurnool,Haryana,1978-07-13,Standard,2021-11-13
C001150,Daksha,Batta,jkanda@example.com,Dhule,Manipur,1953-08-25,Business,2023-06-06
C001151,Tamanna,Prasad,tristan04@example.net,Alwar,Andhra Pradesh,1989-03-21,Standard,2022-03-12
C001152,Lohit,Banerjee,nisha77@example.org,Kolkata,Andhra Pradesh,1949-12-13,Standard,2022-01-02
C001153,Yashica,Borah,bbora@example.net,Udaipur,Madhya Pradesh,1988-09-26,Business,2023-03-11
C001154,Balhaar,Basu,nilimadin@example.org,Vadodara,Bihar,1950-10-02,Premium,2024-08-07
C001155,Azaan,Lal,harishbaral@example.com,Solapur,Telangana,1948-01-27,Business,2024-01-17
C001156,Manan,Saraf,wyattchatterjee@example.com,Ghaziabad,Himachal Pradesh,1974-09-27,Business,2024-04-07
C001157,Warjas,Dhar,fmishra@example.net,Madanapalle,Odisha,1997-01-17,Standard,2024-08-24
C001158,Prisha,Rao,mannesimon@example.com,Navi Mumbai,Kerala,1985-03-13,Standard,2021-09-05
C001159,Neha,Narasimhan,tripti04@example.net,Belgaum,Odisha,1993-04-10,Business,2024-12-23
C001160,Ria,Prabhakar,rkashyap@example.org,Malda,Meghalaya,1969-01-19,Premium,2026-08-06
C001161,Orinder,Prasad,hvig@example.com,Agartala,Manipur,1967-12-12,Premium,2025-04-06
C001162,Chameli,Kota,hardik62@example.org,Purnia,Jharkhand,2000-02-19,Business,2025-05-30
C001163,Banjeet,Wagle,dayaljagdish@example.com,Solapur,Telangana,2006-06-03,Premium,2024-10-06
C001164,Nidhi,Dixit,tejas10@example.net,Mira-Bhayandar,Jharkhand,1992-12-18,Business,2023-07-25
C001165,Kavya,Kalita,jaggiishaan@example.com,Sambalpur,Uttarakhand,2004-09-29,Standard,2022-08-20
C001166,Aradhana,Dhingra,bimala90@example.org,Ambala,Assam,1952-05-05,Standard,2025-11-25
C001167,Adweta,Hari,darabhavini@example.org,Bally,Jharkhand,2002-04-07,Standard,2025-12-20
C001168,Diya,Bhatnagar,ojasvigera@example.com,Maheshtala,Kerala,1979-02-05,Standard,2021-10-22
C001169,Geetika,Ahluwalia,brijeshdeo@example.org,Mehsana,Arunachal Pradesh,1985-08-08,Standard,2025-06-09
C001170,Aishani,Narang,krishnalanka@example.net,Bhavnagar,Sikkim,2005-08-19,Premium,2024-10-17
C001171,Nisha,Panchal,adweta18@example.com,Gudivada,Himachal Pradesh,1981-03-15,Standard,2024-03-04
C001172,Yashoda,Khurana,jonathannarayanan@example.net,Kavali,Himachal Pradesh,1947-04-29,Business,2025-03-27
C001173,Suhani,Seth,prishaanand@example.net,Panvel,Bihar,1966-03-22,Standard,2024-06-22
C001174,Ikshita,Raju,urvibatta@example.org,Berhampur,Karnataka,1996-09-08,Premium,2022-05-30
C001175,Niharika,Kade,loganganesh@example.net,Kollam,Andhra Pradesh,1977-05-05,Standard,2025-02-02
C001176,Manbir,Ganguly,baghyawatikaur@example.org,Machilipatnam,Meghalaya,1987-03-06,Standard,2026-07-10
C001177,Krish,Mallick,aarna00@example.org,Hazaribagh,Jharkhand,1948-01-28,Business,2022-05-06
C001178,Jackson,Oak,janakikapoor@example.net,Nashik,Himachal Pradesh,1988-11-04,Premium,2024-03-17
C001179,Rachita,Kant,oliver53@example.com,Surendranagar Dudhrej,Telangana,1975-11-09,Business,2021-10-16
C001180,Rohan,Gala,ykrishnan@example.com,Dhanbad,Haryana,2001-10-21,Business,2024-09-02
C001181,Gunbir,Dewan,swamysamarth@example.net,Siliguri,Andhra Pradesh,1965-04-25,Standard,2025-09-30
C001182,Jason,Sami,vnatt@example.com,Karnal,Nagaland,1950-08-26,Premium,2026-05-09
C001183,Azad,Pingle,vamakshibala@example.com,Orai,Jharkhand,1987-05-13,Standard,2023-12-24
C001184,Amruta,Kulkarni,maya63@example.net,Ozhukarai,Assam,1986-09-04,Standard,2022-10-04
C001185,Harsh,Butala,wdave@example.org,Latur,West Bengal,1996-12-08,Premium,2026-06-23
C001186,Ojasvi,Nori,patlaurvashi@example.org,Ambattur,Meghalaya,1983-04-12,Premium,2022-08-14
C001187,Varenya,Bawa,dsagar@example.net,Aligarh,Uttar Pradesh,1990-10-24,Business,2026-04-15
C001188,Manya,Bahl,gopalvritti@example.net,Mango,Maharashtra,1954-10-26,Premium,2022-05-27
C001189,Reva,Rege,hemangini28@example.net,Gulbarga,Himachal Pradesh,1965-02-13,business,2025-11-01
C001190,Jagdish,Dube,xkhurana@example.net,Khammam,Andhra Pradesh,1971-11-14,Business,2021-08-08
C001191,Ganga,Ramaswamy,manbir67@example.com,Akola,Goa,1974-07-26,Premium,2025-08-30
C001192,Urvashi,Magar,sandalurvi@example.net,Ichalkaranji,Manipur,1946-02-06,Business,2024-11-08
C001193,Advay,Barman,kamyabajaj@example.org,Ahmednagar,Kerala,1970-07-18,Business,2024-11-07
C001194,Charan,Bakshi,ekapad14@example.org,Anantapur,Chhattisgarh,1980-10-20,Business,2025-10-04
C001195,Pahal,Sengupta,jkamdar@example.org,Sikar,West Bengal,1960-12-12,Business,2022-08-25
C001196,Indali,Banerjee,mdewan@example.com,Hapur,Telangana,1983-06-02,Standard,2023-05-04
C001197,William,Anand,oommentriya@example.org,Hubli–Dharwad,Punjab,1951-07-16,Standard,2023-07-26
C001198,Nandini,Narayanan,damini88@example.org,Dehradun,Haryana,1992-10-06,Standard,2023-11-06
C001199,Riya,Prabhakar,upkaar05@example.net,Srikakulam,Mizoram,1955-01-11,Standard,2023-12-07
C001200,Nitesh,Barad,jai02@example.com,Avadi,Odisha,1954-09-08,Standard,2025-11-25
C001201,Nirja,Salvi,hbatta@example.org,Proddatur,Manipur,1951-04-15,Business,2025-07-30
C001202,Pooja,Kalita,lakshmivirk@example.org,Etawah,Chhattisgarh,1992-01-21,Business,2022-06-16
C001203,Neelima,Deshmukh,lopadhar@example.org,Satna,Bihar,1953-01-31,Standard,2022-11-18
C001204,Harsh,Tiwari,venkateshyamini@example.com,Orai,Punjab,2007-10-07,Business,2025-01-09
C001205,Reyansh,Jhaveri,yahvirege@example.org,Shahjahanpur,Gujarat,1988-07-01,Business,2023-02-25
C001206,Xiti,Saha,chandrayasti@example.com,Korba,Maharashtra,1968-05-08,Premium,2026-06-05
C001207,Udarsh,Karnik,rishiparmar@example.net,Sambhal,Gujarat,1974-10-11,Premium,2024-01-06
C001208,Meghana,Raval,sethandrew@example.org,Hindupur,Maharashtra,1978-04-26,Premium,2023-12-29
C001209,Kavya,Gour,advika25@example.com,Jamnagar,Goa,1964-01-12,Standard,2024-08-18
C001210,Tanveer,Khurana,rkibe@example.com,Hindupur,Uttarakhand,1959-05-30,Premium,2021-09-22
C001211,Mekhala,Ram,jgade@example.net,Tiruppur,Madhya Pradesh,1947-11-25,Premium,2025-01-25
C001212,Madhavi,Banik,borayachana@example.net,Pondicherry,Punjab,1962-07-24,Standard,2025-06-04
C001213,Theodore,Yogi,varugheseishita@example.com,Berhampore,Bihar,1971-04-29,Standard,2025-04-18
C001214,Janaki,Char,samajacob@example.org,Tirunelveli,West Bengal,1998-08-06,Premium,2024-08-30
C001215,Chaaya,Goel,varenyasekhon@example.net,Bhiwandi,Uttarakhand,1984-02-18,Standard,2026-05-20
C001216,Gagan,Dhingra,charranbir@example.net,Bellary,Maharashtra,1965-04-24,Business,2025-06-12
C001217,Hemal,Mahal,amara01@example.net,Raiganj,Tripura,2006-02-01,Standard,2024-12-20
C001218,Raghav,Guha,robertbumb@example.com,Jamnagar,Gujarat,1979-07-09,Standard,2022-11-23
C001219,Samaksh,Seth,tarak60@example.org,Mau,Haryana,1959-06-22,Standard,2025-06-11
C001220,Mitesh,Srinivas,vanyamand@example.org,Davanagere,Himachal Pradesh,1948-11-19,Standard,2026-06-27
C001221,Anthony,Kata,kakarneelima@example.net,Gangtok,Goa,1976-07-07,Premium,2023-03-04
C001222,Zaitra,Khalsa,rushil11@example.net,South Dumdum,Uttar Pradesh,1966-06-20,Business,2023-04-01
C001223,Teerth,Chander,gauravkannan@example.org,Guntakal,Mizoram,1960-08-29,Business,2024-01-24
C001224,Aashi,Mohan,hnarula@example.com,Jodhpur,Goa,1965-10-06,Premium,2026-01-27
C001225,Leela,Sinha,thomastripathi@example.org,Sirsa,Punjab,2006-12-05,Standard,2023-03-29
C001226,Gagan,Trivedi,rmutti@example.net,Ambarnath,Rajasthan,1975-11-10,Business,2023-02-22
C001227,Anya,Contractor,miteshapte@example.org,Vellore,Himachal Pradesh,1961-09-30,Premium,2022-06-08
C001228,Reva,Madan,luckykota@example.net,Chennai,Meghalaya,1962-12-22,Business,2025-02-26
C001229,Wishi,Yadav,samrabalendra@example.net,Aurangabad,Maharashtra,1948-12-08,Business,2026-04-14
C001230,Warda,Mishra,gsane@example.net,Faridabad,Nagaland,1957-09-20,Premium,2023-01-08
C001231,Aahana,Chana,gnadig@example.com,Tiruvottiyur,Assam,1984-03-18,Premium,2026-01-17
C001232,Gautam,Manne,anthony19@example.com,Secunderabad,Nagaland,1990-11-04,Standard,2024-05-03
C001233,Jairaj,Kashyap,rkarpe@example.com,Karawal Nagar,Jharkhand,1956-12-09,Standard,2022-03-27
C001234,Jagrati,Shankar,akapoor@example.org,Machilipatnam,Bihar,1946-09-15,Premium,2023-05-03
C001235,Neelima,Naidu,malhotrayatin@example.com,Vijayawada,Gujarat,1990-02-19,Premium,2022-06-10
C001236,Timothy,Gole,maanav68@example.com,Mathura,Mizoram,2007-08-20,Standard,2026-02-21
C001237,Anthony,Hayer,lakshitparmar@example.org,Nandyal,Uttarakhand,1957-06-27,Standard,2023-06-12
C001238,Lakshmi,Anne,aashidara@example.net,Sirsa,West Bengal,1948-09-11,Business,2022-08-17
C001239,Fariq,Dara,thakuryamini@example.net,Nanded,Chhattisgarh,1960-02-12,Business,2022-01-04
C001240,Bhavna,Sami,nikitauppal@example.org,Anand,Sikkim,1953-05-15,Standard,2022-10-03
C001241,Ronith,Vig,dratti@example.org,Aizawl,Andhra Pradesh,1996-08-03,Business,2026-02-05
C001242,William,Kakar,arunimaraghavan@example.net,Mango,Tripura,1945-08-16,Standard,2025-09-06
C001243,Hredhaan,Karan,,Jaipur,Telangana,1979-06-25,Standard,2022-07-24
C001244,Yashvi,Viswanathan,obanerjee@example.org,Mahbubnagar,Assam,1992-03-02,Premium,2024-02-02
C001245,Raagini,Jain,mahalzansi@example.org,Satara,Telangana,1964-06-07,Standard,2024-02-26
C001246,Bhavani,Som,rajagopalanomaja@example.com,Nizamabad,Meghalaya,1989-10-11,Premium,2026-07-27
C001247,Hamsini,Barman,anshmurty@example.com,Agartala,Meghalaya,1996-02-04,Standard,2024-01-20
C001248,Omkaar,Koshy,cpatel@example.com,Imphal,Sikkim,1984-02-17,Standard,2026-01-02
C001249,Lohit,Dhawan,kdoctor@example.org,Uluberia,Maharashtra,1982-01-17,Business,2025-04-01
C001250,Kevin,Tailor,enagarajan@example.org,Bettiah,Sikkim,1986-10-16,Premium,2024-06-10
C001251,Pooja,Sankaran,bhagatwarhi@example.com,Ranchi,Andhra Pradesh,1965-06-20,Business,2023-10-02
C001252,Gunbir,Bhatia,bthakur@example.net,Avadi,Gujarat,2006-08-07,Standard,2021-09-11
C001253,Christopher,Hora,tejas31@example.com,Kamarhati,Odisha,1970-04-13,Premium,2022-02-15
C001254,Qadim,Dash,narasimhansaksham@example.com,Asansol,Rajasthan,1990-04-18,Standard,2023-05-24
C001255,Darsh,Hans,rghosh@example.org,Ramgarh,Chhattisgarh,1950-03-24,Business,2022-04-26
C001256,Chavvi,Roy,kbassi@example.com,Jamnagar,Odisha,1952-11-19,Premium,2024-06-14
C001257,Chatura,Sehgal,rcontractor@example.com,Muzaffarnagar,Andhra Pradesh,1955-07-21,Premium,2024-01-17
C001258,Isha,Bose,gautamiahuja@example.org,Srinagar,Rajasthan,1981-12-02,Standard,2024-12-10
C001259,Veer,Bhandari,jbhavsar@example.net,Kottayam,Jharkhand,1954-03-14,Business,2022-02-19
C001260,Caleb,Jayaraman,ekbalkhare@example.net,Gurgaon,Sikkim,1951-08-28,Premium,2022-01-16
C001261,Alka,Lad,lraghavan@example.net,Giridih,Kerala,1955-02-19,Standard,2022-11-08
C001262,Gopal,Borah,yashawini00@example.com,Nagpur,Rajasthan,1958-06-11,Premium,2025-11-01
C001263,Aradhana,Murthy,shauryamuni@example.net,Kakinada,Jharkhand,2004-10-09,Business,2026-06-18
C001264,Ladli,Hans,arya40@example.org,Ahmedabad,Tamil Nadu,1986-12-29,Standard,2024-04-17
C001265,Balvan,Dhawan,qushirajagopal@example.org,Phagwara,Tamil Nadu,1975-12-28,Business,2022-03-05
C001266,Megha,Pai,jyoti26@example.net,Raichur,Gujarat,1975-02-20,Standard,2026-02-13
C001267,Vedhika,Sahni,npalla@example.net,Guntur,Karnataka,1946-07-27,Standard,2022-09-10
C001268,Charan,Dash,tbhavsar@example.org,Bettiah,Haryana,1993-09-23,Business,2026-05-23
C001269,Osha,Ghose,finn35@example.net,Guntur,Nagaland,2003-08-12,Business,2026-01-03
C001270,Jai,Bath,ubalan@example.net,Ahmednagar,Nagaland,1966-09-25,Business,2023-06-26
C001271,Isha,Bansal,mangalwakeeta@example.com,Durg,Mizoram,1983-07-16,Standard,2025-01-08
C001272,Netra,Thaman,peter85@example.net,Bikaner,Maharashtra,1976-10-08,Business,2023-05-21
C001273,Sathvik,Barman,mahalatharv@example.com,Pimpri-Chinchwad,Uttarakhand,1969-05-01,Business,2021-12-06
C001274,Shaurya,Bail,dalaja90@example.net,Faridabad,Haryana,1980-03-24,Business,2023-05-19
C001275,Quincy,Khatri,turvikala@example.com,Delhi,Sikkim,1980-02-04,Business,2024-07-09
C001276,Oliver,Ramaswamy,sandhuikbal@example.com,Parbhani,Gujarat,1948-03-15,Business,2024-12-10
C001277,Sai,Comar,zbhagat@example.org,Thiruvananthapuram,Bihar,1946-04-14,Standard,2025-11-15
C001278,Aarnav,Bala,sawhneyreva@example.org,Tirunelveli,Madhya Pradesh,1992-10-16,Standard,2025-06-10
C001279,Hemal,Kant,chanakya12@example.com,Guna,Telangana,1959-04-03,Premium,2023-04-12
C001280,Urvi,Gokhale,matthew50@example.com,Khora ,Rajasthan,2000-03-24,Premium,2023-05-29
C001281,Tarak,Salvi,bhattacharyyaqushi@example.net,Bihar Sharif,Arunachal Pradesh,2003-02-22,Standard,2023-11-02
C001282,Rayaan,Parekh,zachariapranit@example.net,Rewa,Punjab,1947-06-04,Standard,2023-09-15
C001283,Harsh,Sura,cjaggi@example.com,Amravati,Haryana,1976-07-31,Standard,2022-11-14
C001284,Yachana,Kota,golaeiravati@example.org,Karawal Nagar,Kerala,1986-07-11,Business,2022-10-10
C001285,Aarnav,Shankar,dalaja93@example.org,Malda,Assam,1999-07-01,Premium,2021-09-25
C001286,Libni,Ravel,abhiram84@example.net,Bhusawal,Rajasthan,1958-07-16,Premium,2022-11-20
C001287,Abha,Iyengar,zmagar@example.com,Rohtak,Assam,1950-10-27,Business,2025-08-12
C001288,Qushi,Prasad,sahageorge@example.net,Amritsar,Meghalaya,1981-12-16,Standard,2026-04-11
C001289,Vivaan,Khalsa,abdulkrish@example.org,South Dumdum,Chhattisgarh,1960-12-29,Business,2024-05-22
C001290,Manya,Chandran,nsekhon@example.net,Burhanpur,Goa,1955-01-04,Business,2022-07-29
C001291,Vritti,Setty,hwable@example.com,Anantapuram,Odisha,2002-06-24,Standard,2025-03-13
C001292,Sathvik,Bedi,januja84@example.com,Srikakulam,Uttar Pradesh,1999-12-20,Premium,2023-10-23
C001293,Urvi,Mody,cchanda@example.com,Guna,Tamil Nadu,1947-04-10,Standard,2022-06-15
C001294,Yashvi,Jhaveri,yuppal@example.net,Amritsar,Bihar,1951-09-04,Premium,2021-10-22
C001295,Madhavi,Mahal,gaurangi19@example.com,Belgaum,Rajasthan,1983-08-20,Premium,2024-08-11
C001296,Max,Setty,vritti67@example.com,Kolkata,Himachal Pradesh,1966-04-27,Standard,2022-08-12
C001297,Harinakshi,Nanda,oliver02@example.com,Medininagar,Uttarakhand,1972-10-07,Standard,2023-12-14
C001298,Urvashi,Narula,teerthkari@example.com,Amroha,Maharashtra,1968-03-01,Standard,2023-04-10
C001299,Jai,Srinivas,manechaaya@example.net,Sirsa,Kerala,1984-03-14,Business,2022-01-13
C001300,Tanish,Patla,frado73@example.net,Bidhannagar,Tamil Nadu,1983-05-03,Standard,2026-06-19
C001301,Christopher,Banik,baghyawatibhat@example.com,Panvel,Madhya Pradesh,1969-10-29,Premium,2023-06-30
C001302,Tara,Bahri,usinha@example.com,Latur,Sikkim,1945-10-05,Business,2026-06-30
C001303,Unni,Ahluwalia,mammenzansi@example.net,Kozhikode,Uttarakhand,1990-07-04,Business,2023-09-22
C001304,Chavvi,Luthra,wazirkade@example.org,Karnal,Andhra Pradesh,1950-11-22,Standard,2021-08-15
C001305,Arjun,Ratta,gsehgal@example.org,Dhanbad,Uttar Pradesh,1974-11-14,Business,2024-11-27
C001306,Ubika,Venkataraman,groveramol@example.com,Bhalswa Jahangir Pur,Arunachal Pradesh,1963-05-09,Premium,2025-05-26
C001307,Girish,Toor,palanlipika@example.org,Munger,Uttarakhand,1982-08-02,Business,2023-04-01
C001308,Charan,Sarma,anay53@example.com,Noida,Andhra Pradesh,1994-03-18,Standard,2023-10-06
C001309,Gaurang,Ravi,jaipingle@example.com,Asansol,Punjab,2005-10-23,Standard,2026-03-20
C001310,Zayan,Seshadri,chatterjeelipika@example.net,Ongole,Bihar,1995-07-09,Standard,2023-10-05
C001311,Ucchal,Bajaj,zaidmanda@example.org,Begusarai,Rajasthan,1983-04-03,Business,2025-07-08
C001312,Mekhala,Sarin,niteshanne@example.com,Thanjavur,Madhya Pradesh,1980-12-05,Premium,2021-12-24
C001313,Idika,Shere,ekalinga71@example.net,Gaya,Arunachal Pradesh,1989-07-01,Standard,2021-08-11
C001314,Advay,Dutt,dinchaitaly@example.org,Malegaon,Odisha,1957-08-07,Business,2024-09-12
C001315,Daniel,Shan,hritik38@example.org,Pimpri-Chinchwad,Karnataka,1975-07-17,Standard,2022-01-22
C001316,Robert,Mannan,ksarna@example.net,Amritsar,Nagaland,1991-11-07,premium,2023-08-26
C001317,Rajata,Kade,aahanamohan@example.net,Faridabad,Arunachal Pradesh,1964-01-15,Standard,2022-08-20
C001318,Rachit,Lalla,vanya57@example.net,Dhule,Arunachal Pradesh,1952-03-16,Premium,2025-11-19
C001319,Saumya,Natarajan,okarpe@example.org,Saharsa,Odisha,1992-09-24,Standard,2024-02-17
C001320,Vansha,Narayanan,vanyahegde@example.org,Madhyamgram,Rajasthan,1947-05-17,Business,2023-07-25
C001321,Onkar,Bakshi,prisha14@example.com,Latur,Punjab,1958-09-18,Premium,2025-07-28
C001322,Barkha,Nazareth,aggarwalzarna@example.org,Karnal,Kerala,1984-12-11,Premium,2026-03-08
C001323,Mitali,Barad,rnaidu@example.com,Amaravati,West Bengal,1982-11-24,Standard,2024-01-22
C001324,Indrajit,Chawla,shettytamanna@example.org,Ozhukarai,Punjab,1954-12-23,Premium,2025-07-08
C001325,Ekaraj,Bumb,mohammedparmer@example.org,Katni,Rajasthan,1985-08-18,Premium,2023-11-08
C001326,Udant,Hans,chakrika76@example.org,Amritsar,Bihar,1985-10-03,Premium,2022-02-19
C001327,Osha,Vyas,anirudh47@example.org,Mango,Telangana,2008-06-23,Standard,2024-10-05
C001328,Nihal,Sheth,imaran41@example.net,Pallavaram,Andhra Pradesh,1993-06-17,Standard,2025-09-25
C001329,Ekalinga,Sen,halderrohan@example.net,Darbhanga,Odisha,1976-05-27,Premium,2026-03-16
C001330,Hamsini,Khosla,falgunishroff@example.org,Eluru,Nagaland,2000-09-20,Standard,2022-06-19
C001331,Orinder,Upadhyay,ekaraj26@example.net,Ahmednagar,Madhya Pradesh,1979-04-26,Standard,2022-12-12
C001332,Fiyaz,Saran,skarnik@example.net,Darbhanga,Himachal Pradesh,1954-09-08,Premium,2023-12-07
C001333,Neelima,Deshmukh,amarasachdev@example.org,Visakhapatnam,Goa,1974-01-11,Standard,2026-05-23
C001334,Zehaan,Dar,osoni@example.org,Bhiwani,Telangana,1996-03-11,Standard,2024-02-10
C001335,Caleb,Mistry,rishi24@example.org,Phagwara,Rajasthan,1985-11-28,Premium,2023-10-17
C001336,Bhavna,Ramesh,bailvivaan@example.net,Ramagundam,Bihar,1965-03-25,Business,2022-01-14
C001337,Matthew,Narayan,agolla@example.org,Dharmavaram,Telangana,1976-04-08,Standard,2022-07-16
C001338,Om,Bhatti,peter12@example.com,Firozabad,Madhya Pradesh,1978-08-26,Standard,2025-04-23
C001339,Yochana,Majumdar,sarkarraksha@example.com,Satara,Nagaland,1968-11-30,Standard,2023-02-09
C001340,Jai,Balay,patrick48@example.net,Bhilai,Andhra Pradesh,1997-01-28,Business,2023-06-09
C001341,Lila,Cherian,ekanichandra@example.net,Tirupati,West Bengal,1979-05-11,Standard,2026-07-12
C001342,Arin,Shroff,hahuja@example.net,Ghaziabad,Bihar,2000-01-16,Business,2023-02-10
C001343,Ekiya,Viswanathan,munikrisha@example.net,Ludhiana,Gujarat,1982-08-24,Business,2023-09-23
C001344,Anusha,Das,rajuaachal@example.org,Serampore,Haryana,1971-06-03,Business,2023-02-21
C001345,Ekaja,Pradhan,ishwar63@example.com,Raebareli,Arunachal Pradesh,2006-05-27,Premium,2026-07-25
C001346,Daksha,Dalal,aditya24@example.org,Khora ,Sikkim,1957-09-22,Business,2024-08-20
C001347,Pallavi,Subramaniam,loyalneelima@example.org,Raurkela Industrial Township,Tamil Nadu,2006-09-14,Business,2025-03-16
C001348,Tristan,Devan,tarabrar@example.net,Kollam,Jharkhand,1963-07-05,Premium,2024-10-03
C001349,Lopa,Sheth,gangakamdar@example.com,Shimoga,Goa,1985-01-11,Business,2022-03-20
C001350,Dev,Cherian,shanchandran@example.org,Kanpur,Bihar,2004-07-07,Standard,2025-03-04
C001351,Bakhshi,Saini,radhaluthra@example.com,Mau,Jharkhand,1947-08-17,Business,2023-05-04
C001352,Jeet,Bansal,yashodharadesai@example.com,Gandhinagar,Chhattisgarh,1956-06-24,Business,2024-09-23
C001353,Nitesh,Subramanian,darikasen@example.com,Khammam,West Bengal,1947-10-23,Premium,2022-03-20
C001354,Yatan,Rajagopalan,lohit16@example.org,Rajpur Sonarpur,Tamil Nadu,1948-12-14,Business,2022-08-30
C001355,Vihaan,Bassi,nitara63@example.net,Coimbatore,Uttar Pradesh,1996-07-07,Business,2023-11-03
C001356,Urvashi,Yohannan,vermaethan@example.com,Serampore,Arunachal Pradesh,1992-02-29,Standard,2025-01-31
C001357,Vasudha,Pau,sharmaekiya@example.com,Surat,Madhya Pradesh,1972-05-04,Business,2022-11-08
C001358,Udant,Ramakrishnan,thakerom@example.org,Purnia,Punjab,1997-02-11,Standard,2023-08-07
C001359,Siya,Gade,lkade@example.com,Ghaziabad,Himachal Pradesh,1945-08-12,Premium,2023-07-26
C001360,Guneet,Pai,boraedhitha@example.net,Kishanganj,Meghalaya,1978-12-25,Business,2022-05-24
C001361,Isaiah,Bobal,george42@example.com,Danapur,Himachal Pradesh,2006-12-16,Business,2026-05-24
C001362,Frederick,Savant,ranveer63@example.org,Madurai,Jharkhand,1949-06-19,Standard,2024-05-10
C001363,Hardik,Srinivasan,vaidyahemangini@example.com,Hyderabad,Haryana,2003-02-15,Premium,2026-03-11
C001364,Falan,Dass,anjalinair@example.org,Dewas,Madhya Pradesh,1983-09-08,Premium,2023-05-02
C001365,Girish,Dhar,warhitaneja@example.com,Howrah,Mizoram,1957-03-28,Standard,2023-03-06
C001366,Vincent,Jha,harsh40@example.com,Guwahati,Assam,2002-03-15,Business,2022-04-28
C001367,Ladli,Dora,binaagarwal@example.org,Mahbubnagar,Bihar,1990-01-27,Business,2025-10-28
C001368,Jason,Bains,dmahajan@example.net,Deoghar,Chhattisgarh,1994-10-10,Business,2024-12-24
C001369,Jagdish,Maharaj,rudra19@example.org,Bihar Sharif,Bihar,1969-05-07,Premium,2021-11-01
C001370,Yutika,Maharaj,david22@example.net,Madurai,Chhattisgarh,1958-10-30,Premium,2022-08-30
C001371,Frederick,Narasimhan,tbedi@example.net,Ambala,Kerala,1991-04-07,Business,2023-04-27
C001372,Anusha,Shetty,lchaudry@example.net,Bhatpara,Andhra Pradesh,1954-03-25,Standard,2021-09-06
C001373,Ekta,Malhotra,varenya50@example.com,Amravati,Maharashtra,1979-02-10,Premium,2026-04-15
C001374,Yasti,Vyas,pranitwali@example.com,Pune,Punjab,1998-01-15,Premium,2024-01-14
C001375,Jai,Patla,grewaljagrati@example.net,Durgapur,Goa,1949-10-30,Business,2022-08-06
C001376,Teerth,Rama,patrickthaman@example.org,Ongole,Uttar Pradesh,1961-04-21,Standard,2025-09-29
C001377,Janaki,Edwin,warhichad@example.com,Bhind,Tripura,1952-09-26,Standard,2023-03-02
C001378,Prisha,Bir,,Mau,Maharashtra,1997-09-02,Business,2026-02-09
C001379,Garima,Wason,deshpandeadvik@example.com,Hyderabad,Haryana,1988-01-12,Premium,2022-08-30
C001380,Sneha,Gupta,osha46@example.org,Raichur,Jharkhand,1994-11-29,Standard,2023-03-28
C001381,Veer,Gara,ssuri@example.net,Imphal,Goa,1957-03-24,Premium,2022-09-21
C001382,Jhalak,Sant,sampathvidhi@example.net,Kumbakonam,Uttarakhand,1997-06-16,Standard,2022-12-02
C001383,Abdul,Doshi,ramachandranbrijesh@example.com,Ratlam,Uttarakhand,1995-08-03,Premium,2024-11-08
C001384,Chanakya,Krishna,swaminathanyutika@example.com,Mirzapur,Assam,1955-02-03,Business,2024-07-10
C001385,Mitali,Narayanan,ukamdar@example.net,Bijapur,Odisha,1956-08-11,Premium,2024-03-01
C001386,Alexander,Varkey,wyatt15@example.org,Udupi,Odisha,1983-08-15,Premium,2022-04-23
C001387,Agastya,Natt,akshaygala@example.com,Madhyamgram,Gujarat,1971-07-01,Business,2025-01-04
C001388,Teerth,Thaman,karijonathan@example.com,Dibrugarh,Uttarakhand,1972-02-29,Standard,2021-09-06
C001389,Ronith,Pandit,triptisodhi@example.net,Siliguri,Nagaland,2002-02-08,Standard,2022-02-15
C001390,Bishakha,Nagi,charita04@example.net,Bhatpara,Himachal Pradesh,1960-11-25,Business,2026-04-16
C001391,Jacob,Lanka,ekanshsarkar@example.com,Saharanpur,Mizoram,1988-11-28,Standard,2025-10-19
C001392,Peter,Toor,bhavaninayak@example.net,Ambattur,Manipur,1997-10-03,Premium,2023-01-07
C001393,Vyanjana,Rama,nigamveda@example.com,Haridwar,Goa,1980-04-03,Standard,2022-09-04
C001394,Sai,Borah,omaja97@example.net,Mirzapur,Goa,1949-07-17,Business,2023-06-29
C001395,Pranit,Joshi,pdhar@example.org,Hazaribagh,Rajasthan,1977-09-12,Premium,2025-10-20
C001396,Mekhala,Tara,adugar@example.org,Mehsana,Punjab,1975-09-16,Business,2025-07-19
C001397,Udant,Varughese,owalia@example.net,Guwahati,Gujarat,1993-12-09,Premium,2023-08-26
C001398,Tanay,Yogi,prege@example.net,Sri Ganganagar,Tripura,1994-10-31,Standard,2025-08-14
C001399,Umang,Bath,natarajanfariq@example.net,Avadi,Mizoram,1946-05-26,Business,2023-01-11
C001400,Kevin,Ghosh,pkonda@example.com,Moradabad,Jharkhand,2005-09-23,Premium,2022-01-31
C001401,Oni,Sarin,jhaverianirudh@example.org,Dibrugarh,Tripura,1971-05-24,Premium,2025-07-05
C001402,Hemal,Vig,nchaudry@example.org,Bongaigaon,Rajasthan,1982-07-28,Standard,2023-09-29
C001403,Janaki,Chauhan,aayush67@example.net,Bardhaman,Gujarat,1962-11-25,Premium,2022-01-03
C001404,Omisha,Bhasin,girik12@example.org,Tirupati,Haryana,1973-04-01,Business,2021-11-14
C001405,Yatin,Varty,mishrafiyaz@example.org,Gulbarga,Punjab,2001-05-31,Standard,2023-11-13
C001406,Xiti,Kala,ogandhi@example.org,Cuttack,Mizoram,1961-05-28,Business,2024-11-19
C001407,Gaurangi,Iyengar,narasimhangauri@example.com,Hubli–Dharwad,Kerala,1955-04-08,Standard,2022-09-12
C001408,Sanya,Samra,kadehredhaan@example.net,Katihar,Kerala,1965-05-01,Premium,2022-09-23
C001409,Dalbir,Dewan,iyerindira@example.net,Ozhukarai,Mizoram,1997-03-29,Premium,2021-09-18
C001410,Gaurav,Buch,tanmayipuri@example.net,Jamshedpur,Kerala,2003-09-25,Standard,2023-10-19
C001411,Bishakha,Randhawa,jchoudhry@example.com,Bathinda,Kerala,1991-12-16,Standard,2023-12-10
C001412,Pratyush,Manne,bhatjagvi@example.org,Moradabad,Meghalaya,1991-11-03,Premium,2024-04-14
C001413,Januja,Dugal,wrideshbava@example.net,Siliguri,Kerala,2000-09-16,Standard,2022-03-31
C001414,Prisha,Khare,agupta@example.com,Narasaraopet,Rajasthan,1981-01-13,Business,2025-03-02
C001415,Devansh,Datta,rehaansrivastava@example.com,Panipat,Nagaland,1977-10-26,Business,2021-09-24
C001416,Pratyush,Tak,fratti@example.com,Chittoor,Jharkhand,1970-05-17,Standard,2025-02-20
C001417,Tanveer,Joshi,ibhasin@example.org,Indore,Himachal Pradesh,1974-12-10,Standard,2022-01-25
C001418,Tanvi,Dave,kalaelijah@example.org,Guntakal,Bihar,1950-02-24,Standard,2022-11-21
C001419,Zaitra,Sangha,yiyengar@example.org,Asansol,Arunachal Pradesh,1973-05-19,Premium,2023-02-21
C001420,Jhalak,Khosla,kritikabuch@example.org,Fatehpur,Manipur,2004-12-25,Business,2022-07-26
C001421,Harrison,Solanki,lnagi@example.net,Kakinada,Nagaland,1985-11-01,Standard,2023-03-05
C001422,Darika,Raval,atinadig@example.org,Machilipatnam,Karnataka,1959-02-18,Premium,2022-08-03
C001423,Samarth,Bakshi,mannekbal@example.net,Vijayawada,West Bengal,1959-06-15,Business,2026-04-06
C001424,Bhavya,Behl,geetikamani@example.com,Danapur,Uttar Pradesh,1952-05-17,Premium,2022-07-30
C001425,Ria,Chaudhari,wadhwawidisha@example.net,Dhule,Himachal Pradesh,1960-07-11,Standard,2025-09-03
C001426,Veda,Ram,kandra@example.net,Berhampore,Kerala,1980-12-11,Business,2023-11-21
C001427,Arya,Magar,ysahni@example.org,Guntakal,Chhattisgarh,1984-06-23,Standard,2024-06-16
C001428,Warda,Kade,devithomas@example.org,Gurgaon,Telangana,1958-10-17,Premium,2022-08-11
C001429,Abdul,Bhatt,warjassule@example.com,Farrukhabad,Arunachal Pradesh,1986-05-28,Premium,2021-08-29
C001430,Qabil,Anne,singhwarjas@example.com,Aizawl,Goa,1948-11-14,Business,2021-11-02
C001431,Lopa,Keer,vedant22@example.com,Agartala,Andhra Pradesh,2000-07-24,Business,2025-10-07
C001432,Om,Borah,tdeshpande@example.org,Srinagar,Madhya Pradesh,1973-02-16,Business,2024-08-23
C001433,Harinakshi,Dubey,dateaishani@example.net,Ahmednagar,Uttar Pradesh,2003-10-10,Premium,2022-06-03
C001434,Prisha,Kashyap,praneel85@example.com,Hapur,Chhattisgarh,1997-04-01,Premium,2023-02-13
C001435,Pratyush,Balan,hardik46@example.org,Motihari,Kerala,1948-11-15,Business,2025-01-05
C001436,Tripti,Madan,gautam95@example.net,Bhiwandi,Nagaland,1980-08-29,Premium,2021-11-13
C001437,Zaid,Batta,bendaniel@example.com,Lucknow,Manipur,1953-12-02,Standard,2023-08-21
C001438,Xalak,Yadav,daraupadhriti@example.com,Kollam,Uttarakhand,2005-09-29,Premium,2022-08-01
C001439,Jhalak,Sibal,cmallick@example.org,Firozabad,Kerala,2006-02-20,Standard,2022-04-05
C001440,Ojasvi,Chand,sdasgupta@example.org,Kozhikode,Maharashtra,1965-02-19,Standard,2025-07-15
C001441,Zehaan,Lanka,hitesh57@example.org,Rajahmundry,Madhya Pradesh,1979-06-12,Standard,2023-11-09
C001442,Chaaya,Bhardwaj,zilmil93@example.org,Secunderabad,Haryana,1973-12-29,Standard,2024-08-01
C001443,Quincy,Agarwal,peter43@example.net,Vadodara,Assam,1960-12-23,Business,2025-04-04
C001444,Urvi,Bhat,zinal91@example.com,Patna,Uttarakhand,1946-11-17,Business,2024-12-30
C001445,Watika,Chauhan,jagrawal@example.com,Nagercoil,Telangana,1977-12-20,Standard,2025-12-23
C001446,Gavin,Srinivasan,dayitalad@example.org,Thane,Karnataka,1982-08-04,Business,2022-06-15
C001447,Aahana,Morar,shanshravya@example.net,Pali,Andhra Pradesh,1999-09-21,Standard,2024-01-10
C001448,Harshil,Mukhopadhyay,knagar@example.net,Tirunelveli,Manipur,2006-12-20,Premium,2022-09-18
C001449,Jairaj,Munshi,pushtidate@example.com,Baranagar,Odisha,1953-03-09,Premium,2021-09-21
C001450,Samarth,Amble,geetikaprakash@example.com,Visakhapatnam,Uttar Pradesh,1967-08-18,Standard,2022-04-15
C001451,Yasti,Wadhwa,farhandeshpande@example.org,Belgaum,Bihar,1992-04-12,Standard,2024-01-05
C001452,Lajita,Dutt,pandyamaanav@example.com,Gandhinagar,Karnataka,1960-07-24,Standard,2025-03-30
C001453,Andrew,Kapadia,sandaldominic@example.org,Ramagundam,Uttar Pradesh,1968-01-07,Business,2025-08-04
C001454,Ishaan,Yohannan,tripti58@example.com,Darbhanga,Goa,1986-06-16,Standard,2026-05-24
C001455,Yashawini,Agate,wjohal@example.org,Pallavaram,Madhya Pradesh,1978-04-18,Premium,2023-11-11
C001456,Praneel,Agate,kabir41@example.net,Machilipatnam,Odisha,1949-03-26,Standard,2024-12-04
C001457,Barkha,Oommen,iyerojasvi@example.net,Saharanpur,Kerala,1946-11-29,Standard,2022-05-07
C001458,Chakrika,Mammen,hemal74@example.net,Thrissur,Arunachal Pradesh,1969-05-22,Standard,2023-01-22
C001459,Krisha,Mann,kritikaprasad@example.net,Durg,Kerala,1984-05-02,Premium,2025-02-24
C001460,Zayan,Kaul,omya89@example.net,Sangli-Miraj & Kupwad,Jharkhand,1997-04-05,Standard,2026-02-23
C001461,Yutika,Varma,yoshitapandit@example.org,Bulandshahr,Rajasthan,1954-02-13,Business,2025-12-23
C001462,Urishilla,Memon,ekanshsuresh@example.com,Jhansi,Gujarat,1974-01-18,Premium,2026-04-08
C001463,Zinal,Loyal,harita16@example.net,Bareilly,Mizoram,1947-12-22,Standard,2021-10-20
C001464,Charita,Gaba,yhayer@example.net,Proddatur,Uttar Pradesh,1984-08-20,Standard,2026-07-13
C001465,Amrita,Dhar,tamannapatla@example.net,New Delhi,Uttarakhand,2004-12-29,Premium,2023-10-01
C001466,Adweta,Kadakia,aaravramesh@example.com,Farrukhabad,Uttarakhand,1963-10-13,Premium,2023-01-09
C001467,Xavier,Koshy,hbalay@example.com,Bokaro,Odisha,1976-06-18,Premium,2022-11-11
C001468,Jyoti,Saraf,barkha07@example.com,Arrah,Tripura,1984-06-23,Business,2024-06-02
C001469,Leela,Bhardwaj,radhikapradhan@example.com,Chittoor,Karnataka,1996-06-03,Business,2023-02-04
C001470,Sanaya,Wable,tanveer45@example.org,Varanasi,Rajasthan,1999-04-24,Business,2025-08-14
C001471,Vinaya,Chawla,yatin67@example.com,Bidhannagar,Uttar Pradesh,1955-10-30,Premium,2026-01-17
C001472,Parth,Shanker,dyalpeter@example.net,Lucknow,Chhattisgarh,1995-08-08,Business,2022-07-26
C001473,Yashodhara,Narula,lila77@example.org,Jehanabad,Karnataka,1996-02-03,Business,2022-08-23
C001474,Patrick,Om,wakeeta74@example.org,Uluberia,Goa,1998-06-13,Standard,2024-05-12
C001475,Gunbir,Hayre,yyohannan@example.com,Davanagere,Bihar,1966-08-10,Premium,2023-08-01
C001476,Aadi,Wali,advaithsinghal@example.net,Bathinda,Chhattisgarh,1966-01-06,Business,2025-12-13
C001477,Chaman,Karpe,butalalakshmi@example.net,Chinsurah,Odisha,2006-04-07,Standard,2024-12-08
C001478,Brijesh,Kota,nathan96@example.org,Haridwar,Andhra Pradesh,1967-09-08,Standard,2024-11-06
C001479,Samar,Sodhi,danielwali@example.com,Patiala,Manipur,1959-07-25,Business,2024-01-23
C001480,Karan,Rout,chaudharyyuvraj@example.org,Meerut,Tripura,1990-01-14,Standard,2022-08-19
C001481,Rishi,Tata,viraj79@example.net,Kamarhati,Uttar Pradesh,2007-06-21,Business,2023-09-11
C001482,Luke,Dora,manderjeremiah@example.org,Rajkot,Meghalaya,2003-05-17,Premium,2023-02-15
C001483,Chanchal,Pradhan,pillaiharshil@example.net,Orai,Mizoram,1992-03-19,Standard,2026-01-02
C001484,Banjeet,Sinha,ishanvirai@example.com,Guntur,Chhattisgarh,1976-01-04,Standard,2023-02-05
C001485,Ekapad,Sachdev,vignidhi@example.org,Kollam,Manipur,1959-11-07,Standard,2025-06-26
C001486,Hritik,Krish,khannafaraj@example.org,Hospet,Madhya Pradesh,1983-05-03,Business,2022-01-17
C001487,Turvi,Sarkar,iyerchandani@example.net,Sasaram,Jharkhand,1946-02-06,Premium,2024-05-01
C001488,Ekaja,Badal,niteshsaxena@example.com,Aurangabad,Assam,1980-08-19,Business,2023-08-06
C001489,Deepa,Grewal,joshuataneja@example.com,Mira-Bhayandar,Haryana,1955-02-23,Premium,2026-03-27
C001490,Anamika,Tella,tbose@example.net,Sasaram,Jharkhand,1974-08-03,Premium,2024-12-21
C001491,Meera,Raja,reyanshmajumdar@example.org,Gwalior,Meghalaya,2008-05-27,Premium,2022-09-03
C001492,Falan,Sidhu,oscarray@example.net,Chennai,Gujarat,1966-01-01,Standard,2024-06-29
C001493,Urvashi,D’Alia,haldervasudha@example.net,Amaravati,Punjab,1963-10-11,Standard,2025-10-12
C001494,Anita,Chatterjee,geetikadhawan@example.net,Parbhani,Bihar,1953-07-14,Premium,2023-09-30
C001495,Yoshita,Char,ishaganguly@example.net,Jaunpur,Rajasthan,1992-02-06,Standard,2023-09-12
C001496,Ekta,Radhakrishnan,thamanjacob@example.net,Nellore,Andhra Pradesh,1972-05-23,Premium,2026-05-09
C001497,Ekaraj,Subramanian,girik99@example.net,Tiruchirappalli,Rajasthan,1967-09-14,Standard,2026-06-26
C001498,Ganga,Bhatt,sarandarpan@example.com,Nagaon,Maharashtra,1979-01-22,Standard,2024-05-07
C001499,Bhavini,Nagarajan,aarinikant@example.com,Kadapa,Kerala,1952-12-19,Standard,2024-09-08
C001500,Viraj,Vasa,fbaral@example.net,Patna,Himachal Pradesh,1993-12-18,Standard,2024-06-28
C001501,Netra,Narayanan,omaja31@example.com,Gandhinagar,West Bengal,1984-11-23,Standard,2021-10-25
C001502,Gunbir,Pillai,gtiwari@example.net,Nashik,West Bengal,1967-08-02,Premium,2024-12-07
C001503,George,Nadig,patilfrederick@example.net,Bareilly,Manipur,2004-09-01,Premium,2024-04-16
C001504,Udant,Hora,rushil86@example.org,Bijapur,Karnataka,1995-10-01,Standard,2025-04-19
C001505,Sanya,Natt,janaki51@example.org,Alappuzha,Maharashtra,1953-09-24,Standard,2025-08-28
C001506,Amaira,Gandhi,pkapadia@example.org,Gudivada,Punjab,1962-07-04,Premium,2023-04-04
C001507,Bakhshi,Khanna,edwinradha@example.com,Vadodara,Bihar,1978-12-15,Premium,2023-12-01
C001508,Zinal,Chacko,oapte@example.net,Jalandhar,Andhra Pradesh,2005-05-29,Business,2024-11-21
C001509,Rachit,Sastry,gopal26@example.com,Shimoga,Haryana,1989-08-04,Standard,2023-03-04
C001510,Isaiah,Arora,udant83@example.org,Durgapur,Bihar,1970-09-15,Premium,2021-08-16
C001511,Odika,Vasa,erajagopalan@example.net,Begusarai,Karnataka,1946-09-18,Business,2022-06-18
C001512,Yasti,Nigam,liam52@example.com,Karnal,Odisha,1962-05-10,Premium,2025-10-31
C001513,Zayan,Gaba,imaranshere@example.com,Bharatpur,Karnataka,1974-12-09,Premium,2024-04-14
C001514,Mekhala,Chander,abhiram06@example.org,Bihar Sharif,Goa,1995-11-09,business,2026-04-19
C001515,Abhimanyu,Kade,dixitwazir@example.com,Thrissur,Punjab,1958-11-03,Standard,2022-10-05
C001516,Rohan,Borra,mohanxalak@example.net,Mangalore,Kerala,1979-03-18,Premium,2024-01-25
C001517,Agastya,Purohit,nisha05@example.net,Rajpur Sonarpur,Meghalaya,1959-02-06,Premium,2022-10-28
C001518,Gopal,Chaudhari,divyapall@example.org,Kanpur,Haryana,1965-02-17,Premium,2023-08-17
C001519,Shaurya,Sundaram,tviswanathan@example.com,Warangal,Andhra Pradesh,1961-01-20,Business,2023-07-15
C001520,Amaira,Sarraf,ekalingamurty@example.org,Akola,Gujarat,1962-07-30,Premium,2026-07-26
C001521,Karan,Puri,ozaekta@example.org,Bahraich,Mizoram,2003-09-14,Business,2021-09-24
C001522,Benjamin,Parikh,nilima82@example.net,Pimpri-Chinchwad,Maharashtra,1955-03-15,Standard,2026-07-02
C001523,Pushti,Zachariah,lverma@example.org,Kavali,Haryana,1997-08-10,Premium,2025-10-09
C001524,Farhan,Rau,gabanikita@example.com,Bulandshahr,Goa,1948-12-29,Business,2025-05-06
C001525,Owen,Dhaliwal,falakmadan@example.net,Aurangabad,Assam,1979-11-11,Premium,2026-07-08
C001526,George,Pal,dugalgayathri@example.com,Hospet,Kerala,1949-05-02,Premium,2023-03-12
C001527,Bhavya,Seshadri,karniknakul@example.org,Fatehpur,Chhattisgarh,1965-02-25,Premium,2023-05-15
C001528,Tanay,Mane,rsur@example.com,Satna,Madhya Pradesh,1950-11-26,Premium,2023-05-19
C001529,Ansh,Dass,ochauhan@example.org,Tinsukia,Andhra Pradesh,1966-05-25,Business,2023-10-09
C001530,Sathvik,Narayan,xnagi@example.org,Kanpur,Uttar Pradesh,1974-05-23,Standard,2023-07-15
C001531,Bhanumati,Bakshi,parthborah@example.org,Rajkot,Gujarat,1976-10-03,Business,2023-01-07
C001532,Garima,Wason,amruta98@example.net,Noida,Haryana,1949-02-25,Standard,2023-08-12
C001533,Atharv,Deshpande,dtripathi@example.com,Ranchi,Chhattisgarh,1990-01-30,Standard,2023-07-27
C001534,Brijesh,Lala,kabirbalasubramanian@example.org,Hubli–Dharwad,Chhattisgarh,1988-08-21,Business,2026-08-01
C001535,Bhavya,Jha,wyattgopal@example.net,Mira-Bhayandar,Madhya Pradesh,1949-12-10,Business,2023-11-08
C001536,Kashvi,Puri,ytalwar@example.com,Secunderabad,Meghalaya,1945-12-17,Premium,2022-04-02
C001537,Aryan,Deol,benlaban@example.com,Bangalore,Uttar Pradesh,1992-09-22,Standard,2022-05-12
C001538,Nathan,Puri,lohit94@example.com,Singrauli,Haryana,1982-09-24,Premium,2022-12-08
C001539,Noah,Palla,buchkrishna@example.com,Sri Ganganagar,Telangana,1964-09-29,Standard,2023-02-08
C001540,Amruta,Karpe,qray@example.com,Noida,Tripura,2002-10-15,Business,2025-12-29
C001541,Chanchal,Parsa,wakeetalad@example.com,Alwar,Madhya Pradesh,1992-01-30,Business,2025-06-19
C001542,Ira,Gole,ekavirgoda@example.com,Pali,Maharashtra,1950-08-21,Standard,2025-03-26
C001543,Jackson,Sani,saumya04@example.com,Madurai,Assam,1997-12-16,Premium,2025-05-20
C001544,Girish,Patla,walipahal@example.net,Pallavaram,Uttar Pradesh,1972-07-16,Premium,2025-05-10
C001545,David,Lata,chaudhurivedant@example.org,Warangal,West Bengal,1983-06-07,Business,2026-04-21
C001546,Nitara,Madan,kohlinaksh@example.net,Tiruvottiyur,Kerala,1966-02-19,Standard,2026-03-19
C001547,Caleb,Raju,deepa61@example.org,Bulandshahr,Punjab,1980-07-16,Premium,2025-11-30
C001548,Darpan,Mani,lalvivaan@example.net,Hospet,Himachal Pradesh,1972-06-18,Premium,2024-01-01
C001549,Vedant,Balan,deshmukhdaniel@example.com,Suryapet,Mizoram,1977-07-26,Standard,2025-07-02
C001550,Vedhika,Chatterjee,obanerjee@example.org,Raipur,Odisha,1974-07-13,Standard,2024-05-24
C001551,Aarav,Bains,bhardwajjagat@example.org,Hospet,Kerala,1999-06-05,Premium,2025-01-28
C001552,Jasmit,Parikh,rverma@example.net,Ludhiana,Punjab,1986-11-10,Premium,2023-06-19
C001553,Keya,Vyas,kondamax@example.org,Hindupur,Telangana,1969-06-11,Premium,2025-05-05
C001554,Janya,Munshi,tsankar@example.com,Bellary,Manipur,1975-03-20,Premium,2022-02-28
C001555,Agastya,Bhavsar,,Nellore,Madhya Pradesh,1985-03-27,Standard,2026-03-05
C001556,Manan,Sethi,zaitramane@example.com,Varanasi,Mizoram,1965-09-11,Standard,2025-03-30
C001557,Nirja,Master,ucchalbumb@example.com,Guwahati,Tamil Nadu,1981-12-09,Business,2023-09-20
C001558,Ikbal,Barad,charvi71@example.net,Firozabad,Odisha,1956-07-14,Business,2023-11-03
C001559,Gaurangi,Ramaswamy,tratta@example.net,Sasaram,Jharkhand,1984-09-24,Standard,2024-12-18
C001560,Jagdish,Lad,poojabhardwaj@example.org,Ajmer,Kerala,1956-08-15,Business,2025-02-20
C001561,Zayyan,Agarwal,divyachahal@example.com,Saharsa,Goa,1957-08-15,Premium,2021-11-17
C001562,Yash,Dhawan,kai97@example.com,Rajpur Sonarpur,Meghalaya,1989-09-09,Premium,2025-01-27
C001563,Ekbal,Bhandari,tripathiishanvi@example.net,Jalna,Rajasthan,1981-10-25,Business,2022-10-05
C001564,Baghyawati,Sarna,wasonomya@example.org,Chinsurah,Meghalaya,1973-02-02,Standard,2025-03-14
C001565,Samuel,Dhillon,regegaurika@example.com,Satara,Goa,1967-03-01,Business,2024-04-25
C001566,Shivansh,Kurian,atharv00@example.net,Thrissur,Arunachal Pradesh,1989-10-25,Premium,2021-11-16
C001567,Saanvi,Kuruvilla,luke52@example.net,Alappuzha,Rajasthan,1956-09-20,Standard,2023-11-13
C001568,Pranav,Mani,msundaram@example.com,Pali,Chhattisgarh,2003-08-10,Business,2021-12-13
C001569,Chakradev,Dasgupta,whegde@example.net,Amravati,Chhattisgarh,1959-09-03,Business,2022-07-02
C001570,Amol,Bala,triveni44@example.net,Ichalkaranji,Nagaland,1984-12-18,Standard,2022-09-12
C001571,Oeshi,Talwar,nikitaborah@example.com,Thane,Meghalaya,1974-05-16,Standard,2023-09-20
C001572,Tejas,Chandran,tanveerkothari@example.com,Darbhanga,Maharashtra,1990-10-22,Business,2022-04-16
C001573,Vivaan,Agarwal,balhaarrana@example.net,Navi Mumbai,Karnataka,1984-01-19,Business,2023-11-30
C001574,Vansha,Radhakrishnan,jcheema@example.net,Noida,Odisha,1948-06-18,Standard,2026-04-28
C001575,Ishita,Koshy,ekani90@example.org,Lucknow,Sikkim,1950-09-07,Standard,2022-09-15
C001576,Tanvi,Bansal,ekiyanigam@example.net,Malegaon,Kerala,1954-11-26,Standard,2023-02-07
C001577,Gunbir,Nair,utkarshsingh@example.com,Srinagar,Kerala,1977-10-10,Premium,2022-02-20
C001578,Banjeet,Char,yauvanirattan@example.net,Gangtok,Uttar Pradesh,1962-03-05,Standard,2024-10-30
C001579,Aashi,Chaudhuri,rachit70@example.org,Gaya,Jharkhand,1960-08-04,Standard,2024-02-06
C001580,Turvi,Dixit,zvarma@example.org,Bahraich,Assam,1964-06-18,Premium,2022-12-24
C001581,Anmol,Patla,dsuri@example.com,Salem,Haryana,1951-11-11,Standard,2024-05-26
C001582,David,Borra,vrishti73@example.org,Raiganj,Karnataka,1987-06-21,Premium,2024-04-24
C001583,Patrick,Goel,ayushmanmangat@example.org,Bokaro,Rajasthan,1970-04-19,Standard,2024-02-23
C001584,Darsh,Wagle,ekani24@example.net,Maheshtala,Rajasthan,1997-10-11,Business,2024-02-12
C001585,Advaith,Uppal,ctoor@example.com,Ambattur,Nagaland,1980-12-13,Standard,2022-11-16
C001586,Yashawini,Gour,niharikamangat@example.org,Amravati,Tamil Nadu,1975-07-16,Premium,2022-06-03
C001587,Manbir,Buch,mahalazaan@example.net,Srinagar,Assam,1971-05-07,Business,2023-07-23
C001588,Lajita,Randhawa,udarsh42@example.org,Shahjahanpur,Mizoram,1963-06-04,Business,2025-02-11
C001589,Saksham,Dutt,daksha45@example.org,Hyderabad,Madhya Pradesh,1963-07-25,Premium,2024-02-26
C001590,Ekapad,Chandra,kai93@example.org,Nanded,Meghalaya,1994-11-13,Standard,2022-04-11
C001591,Yashoda,Parmer,grewalwishi@example.net,Malda,Manipur,1970-08-10,Premium,2024-05-20
C001592,Sachi,Keer,daminichandra@example.org,Fatehpur,Himachal Pradesh,1953-06-25,Premium,2021-09-09
C001593,Bina,Chaudry,tristandubey@example.com,Coimbatore,Tamil Nadu,1983-03-26,Premium,2024-12-15
C001594,Edhitha,Bail,boaseqasim@example.org,Kalyan-Dombivli,Rajasthan,1951-05-09,Business,2022-02-27
C001595,Vivaan,Radhakrishnan,sodhigaurika@example.com,Morena,Jharkhand,1962-02-20,Premium,2025-08-24
C001596,Darpan,Saini,lkale@example.com,Motihari,Haryana,1991-04-22,Business,2025-11-28
C001597,Zayyan,Khanna,sharmagirindra@example.org,Munger,Karnataka,1975-04-09,Business,2023-03-21
C001598,Jacob,Chana,sacharaayush@example.com,Navi Mumbai,Madhya Pradesh,1946-06-18,Business,2025-09-02
C001599,Harita,Chokshi,liamsankaran@example.net,Kozhikode,Rajasthan,1959-11-18,Premium,2025-04-03
C001600,Chaaya,Agarwal,patrickbanerjee@example.org,Ichalkaranji,Chhattisgarh,1959-04-02,Premium,2024-11-13
C001601,Hritik,Reddy,fvarkey@example.net,Raiganj,Maharashtra,1956-02-10,Business,2025-11-29
C001602,Elijah,Acharya,gnadig@example.net,Rajpur Sonarpur,Madhya Pradesh,1952-02-29,Premium,2023-01-26
C001603,Samesh,Mody,alexander94@example.net,Kirari Suleman Nagar,Himachal Pradesh,1946-01-17,Business,2022-01-28
C001604,Yochana,Mahajan,halderpeter@example.net,Naihati,Assam,1960-11-09,Standard,2021-12-21
C001605,Turvi,Rau,caleb99@example.com,Raichur,Himachal Pradesh,1990-10-06,Standard,2024-03-11
C001606,Ikshita,Vaidya,rachanamaharaj@example.net,Tirupati,Punjab,1993-11-20,Standard,2023-03-11
C001607,Pranav,Oza,darikarastogi@example.com,Ambattur,Rajasthan,1975-03-13,Standard,2023-08-27
C001608,Manbir,Naik,pavani75@example.net,Alwar,Karnataka,1975-03-18,Business,2026-05-31
C001609,Vritti,Munshi,irasem@example.net,Pallavaram,Andhra Pradesh,1976-09-30,Premium,2023-05-17
C001610,Eesha,Batra,karpechakrika@example.com,Bhatpara,Assam,1977-03-14,Standard,2024-09-14
C001611,Onkar,Sami,lohitbhalla@example.com,Jamalpur,Bihar,1967-11-29,Business,2024-06-30
C001612,Agastya,Sankaran,varmareva@example.com,Bahraich,Sikkim,1978-05-11,Premium,2022-04-30
C001613,Jhalak,Chahal,lalidika@example.org,Arrah,Maharashtra,1963-01-27,Premium,2022-10-09
C001614,Aryan,Bahri,tankonveer@example.org,Mango,Goa,1979-12-12,Business,2021-12-30
C001615,Ikshita,Naik,khatriyahvi@example.net,Akola,Himachal Pradesh,1959-08-23,Standard,2021-12-16
C001616,Mitesh,Bajwa,jhalakrai@example.com,Kanpur,Assam,1964-05-15,Premium,2024-09-24
C001617,Janaki,Edwin,borayasti@example.net,Jalandhar,Rajasthan,1999-07-02,Premium,2022-02-17
C001618,Udarsh,Dar,chandresh46@example.com,Hubli–Dharwad,Mizoram,1946-09-04,Standard,2025-12-30
C001619,Ishaan,Dara,samardesai@example.net,Nagercoil,Andhra Pradesh,1981-11-23,Standard,2024-01-09
C001620,Kabir,Borah,barkhashan@example.net,Khora ,Himachal Pradesh,1949-08-05,Standard,2026-01-22
C001621,Samuel,Patel,cpalan@example.net,Alwar,Tamil Nadu,1963-02-05,Business,2024-12-04
C001622,Aahana,Palan,omajasabharwal@example.net,Chennai,Kerala,1983-07-06,Standard,2024-04-21
C001623,Banjeet,Ghosh,rayaan04@example.net,Coimbatore,Assam,1946-06-18,Standard,2025-07-23
C001624,Warjas,Nanda,choudharylipika@example.net,Lucknow,Meghalaya,1982-11-06,Standard,2025-08-19
C001625,Yash,Bhatia,waidalata@example.org,Mangalore,Sikkim,1956-11-01,Business,2026-04-18
C001626,Mahika,Hans,ssaha@example.com,Bhimavaram,Meghalaya,2002-07-31,Business,2023-09-13
C001627,Hritik,Tara,isaac88@example.net,Hajipur,Punjab,1994-04-18,Premium,2024-11-08
C001628,Zilmil,Radhakrishnan,christopher30@example.net,Rajkot,Punjab,1988-12-12,Standard,2025-02-22
C001629,Zayyan,Setty,wmangal@example.net,Morbi,Tamil Nadu,1996-06-27,Business,2025-04-24
C001630,Yug,Bhasin,gouralexander@example.com,Indore,Maharashtra,2000-11-01,Business,2023-04-06
C001631,Christopher,Banerjee,asankar@example.net,Parbhani,Punjab,1962-04-08,Premium,2022-03-21
C001632,Anay,Pillay,xsandal@example.net,Unnao,Chhattisgarh,1994-09-18,Standard,2022-12-03
C001633,Wazir,Ramaswamy,amrita07@example.net,New Delhi,Mizoram,1976-08-22,Standard,2023-11-19
C001634,Dev,Nayak,bumbabdul@example.org,Guntur,Punjab,2001-05-19,Business,2022-02-27
C001635,Krishna,Sekhon,kala24@example.org,Vijayawada,Kerala,1962-07-25,Standard,2022-09-15
C001636,Baghyawati,Kulkarni,parmarwriddhish@example.com,Kamarhati,Kerala,1990-02-02,Business,2023-03-22
C001637,Yashawini,Vora,jagrati89@example.org,Dibrugarh,Bihar,1952-04-05,Standard,2021-08-13
C001638,George,Dhingra,pratyushbalan@example.org,Sangli-Miraj & Kupwad,Jharkhand,1981-09-06,Business,2025-08-07
C001639,Aarav,Kadakia,pauanjali@example.net,Agartala,West Bengal,1967-04-24,Standard,2022-11-11
C001640,Robert,Sachdeva,epatla@example.net,Phagwara,Maharashtra,1992-08-23,Business,2024-09-03
C001641,Kevin,Kuruvilla,ekalingavasa@example.com,Mira-Bhayandar,Arunachal Pradesh,2000-01-06,Standard,2023-03-24
C001642,Wriddhish,Narasimhan,faras22@example.org,Berhampur,Punjab,1953-01-10,Premium,2025-02-02
C001643,Kai,Doctor,laban82@example.com,Surendranagar Dudhrej,Mizoram,2003-01-02,Business,2022-05-01
C001644,Upma,Chandra,sridharomkaar@example.com,Tiruvottiyur,Goa,1976-08-09,Premium,2025-06-08
C001645,Ekiya,Sankar,narangpratyush@example.com,Bhusawal,Goa,1978-11-19,Premium,2023-07-27
C001646,Januja,Sidhu,radha16@example.com,Shivpuri,Andhra Pradesh,1952-02-17,Standard,2022-03-12
C001647,Zayan,Ghosh,nirjabhattacharyya@example.com,Sangli-Miraj & Kupwad,Mizoram,1988-07-07,Business,2024-10-27
C001648,Faraj,Dora,odin@example.net,Tumkur,Rajasthan,1981-02-09,Business,2024-09-30
C001649,Eta,Dube,turvi28@example.org,Kumbakonam,Kerala,1986-04-16,Standard,2026-01-24
C001650,Janaki,Wagle,meghachanda@example.net,Dhule,Tripura,1951-08-30,Business,2022-11-20
C001651,Qadim,Choudhury,sunderekiya@example.com,Guntakal,Tamil Nadu,1979-04-14,Premium,2025-06-09
C001652,Vritti,Tailor,munshifaqid@example.com,Bharatpur,Mizoram,1980-11-17,Business,2024-01-13
C001653,Barkha,Bhat,jkrishnamurthy@example.org,Kirari Suleman Nagar,Goa,1954-12-01,Premium,2024-06-19
C001654,Irya,Patil,krishnamurthypeter@example.com,Nadiad,Goa,1993-08-20,Business,2024-02-26
C001655,Amaira,Raj,gavin98@example.net,Ongole,West Bengal,1965-03-13,Premium,2022-12-02
C001656,Ekalinga,Singhal,isha74@example.net,Bhalswa Jahangir Pur,Uttarakhand,1993-04-02,Premium,2022-08-24
C001657,Darpan,Pandey,kharetamanna@example.com,Suryapet,Kerala,1991-09-10,Business,2025-04-15
C001658,Barkha,Toor,perilipika@example.com,Agra,Rajasthan,1959-09-13,Standard,2023-02-16
C001659,Dominic,Brahmbhatt,praneel77@example.net,Khora ,Telangana,1951-11-08,Standard,2023-08-04
C001660,Chanakya,Sharaf,chaayakhosla@example.net,Gorakhpur,Rajasthan,1959-12-21,Standard,2021-10-27
C001661,Aayush,Ghose,swamypranit@example.com,Ramagundam,Arunachal Pradesh,1962-09-17,Business,2024-09-12
C001662,Chakrika,Ahuja,misrayashasvi@example.org,Jhansi,Bihar,2002-11-21,Standard,2025-11-21
C001663,Jeevika,Sampath,fnair@example.com,Gwalior,Jharkhand,1979-08-21,Standard,2023-10-11
C001664,Zansi,Patla,pseth@example.org,Guntakal,Rajasthan,1970-10-14,Business,2022-07-21
C001665,Tara,Parikh,raagini09@example.org,Ballia,Maharashtra,1990-09-19,Standard,2023-08-05
C001666,Janaki,Swamy,yashvikari@example.net,Agartala,Haryana,1964-10-24,Business,2024-01-28
C001667,Ranveer,Ramakrishnan,yadavi04@example.net,Sultan Pur Majra,Uttar Pradesh,1966-05-10,Premium,2024-07-31
C001668,Yashawini,Shah,,Mysore,Meghalaya,1986-09-21,Standard,2026-06-12
C001669,Shravya,Sandal,pdas@example.com,Kirari Suleman Nagar,Kerala,1962-01-29,Premium,2023-03-08
C001670,Oliver,Khalsa,godaeshana@example.com,Hapur,Haryana,1969-12-23,Premium,2024-04-12
C001671,Amruta,Master,agrewal@example.net,Serampore,Mizoram,1981-05-23,Standard,2026-05-25
C001672,Vedant,Narang,chakradharsrinivasan@example.com,Phusro,Chhattisgarh,2000-03-12,Premium,2025-06-08
C001673,Gayathri,Chaudhary,rattanarunima@example.com,Dewas,Himachal Pradesh,2007-07-24,Business,2026-01-23
C001674,Pavani,Ganesh,chamanvarughese@example.com,Surendranagar Dudhrej,Goa,1998-10-10,Standard,2023-10-16
C001675,Suhani,Jhaveri,triyakalita@example.org,Dindigul,Nagaland,1993-03-30,Premium,2026-03-31
C001676,Dalbir,Pandey,lkeer@example.net,Dharmavaram,Haryana,2002-09-07,Business,2021-12-05
C001677,Girish,Hayre,vnatt@example.com,Thanjavur,Tamil Nadu,1965-07-27,Standard,2024-04-30
C001678,Tanveer,Dua,chahalmahika@example.net,Aurangabad,Punjab,1955-06-27,Standard,2026-01-12
C001679,Zaitra,Dyal,jayaramanabhiram@example.com,Sirsa,Karnataka,1985-10-18,Premium,2023-02-02
C001680,Yuvraj,Nair,geralekha@example.org,Latur,Kerala,1956-06-12,Business,2022-08-07
C001681,Priya,Kakar,odika02@example.net,Salem,Uttar Pradesh,1992-02-20,Standard,2023-06-13
C001682,Zaitra,Kata,kabir16@example.net,Vasai-Virar,Goa,1984-03-30,Business,2023-05-11
C001683,Kiaan,Tak,liam77@example.org,Dhule,Chhattisgarh,1973-08-04,Premium,2025-04-15
C001684,Yash,Khosla,leelachakraborty@example.org,Dehri,Madhya Pradesh,1948-06-19,Premium,2026-08-07
C001685,Jai,Kakar,lekha68@example.net,Rajpur Sonarpur,Uttar Pradesh,1995-02-05,Standard,2023-09-29
C001686,Benjamin,Babu,haritaganesan@example.com,Raurkela Industrial Township,Telangana,1964-08-31,Premium,2022-08-19
C001687,Ranbir,Pillay,diyalall@example.com,Morena,Jharkhand,1996-01-30,Business,2022-04-16
C001688,Aishani,Chakrabarti,parikhnetra@example.net,Vijayanagaram,Chhattisgarh,1982-05-31,Business,2024-03-27
C001689,Yochana,Mitra,contractorfalan@example.net,Shivpuri,Assam,1972-06-10,Standard,2026-06-28
C001690,George,Kunda,ssharma@example.org,Jhansi,Himachal Pradesh,1981-02-23,Standard,2022-01-28
C001691,Madhav,Devi,dhawanpallavi@example.org,Berhampore,Odisha,1978-01-22,Business,2024-04-18
C001692,Jeremiah,Shanker,fkaran@example.org,Khandwa,Goa,1998-05-15,Standard,2025-04-15
C001693,Dominic,Hans,anandrachita@example.com,Sri Ganganagar,Meghalaya,2007-06-09,Business,2023-10-18
C001694,Netra,Dass,kevin71@example.org,Ratlam,Rajasthan,1987-12-11,Standard,2021-10-26
C001695,Ishita,Deo,gauri70@example.com,Sikar,Gujarat,2008-02-09,Premium,2025-02-23
C001696,Naveen,Dora,xpandey@example.net,Kurnool,Haryana,1965-05-13,Standard,2026-07-13
C001697,Sneha,Lanka,buchhiral@example.net,Rajkot,Arunachal Pradesh,1978-12-21,Business,2022-03-27
C001698,Yashvi,Edwin,jeremiah84@example.com,Junagadh,Tamil Nadu,2000-11-15,Standard,2024-07-25
C001699,Advay,Nadkarni,girishdube@example.net,Sultan Pur Majra,Assam,2005-05-04,Premium,2023-05-13
C001700,Eshana,Bir,lakshbalakrishnan@example.net,Bangalore,Gujarat,1966-01-28,Premium,2023-08-23
C001701,Alka,Vaidya,mahajanwarda@example.net,Danapur,Manipur,1971-07-01,Business,2025-04-14
C001702,Nidhi,Rana,januja46@example.org,Firozabad,Assam,2000-03-31,Business,2024-09-26
C001703,Thomas,Chadha,hardik20@example.com,Bettiah,Sikkim,1971-06-30,Standard,2022-10-08
C001704,Advik,Ganguly,vincentray@example.org,Pali,Punjab,1980-07-10,Premium,2022-07-13
C001705,Vihaan,Mall,psankaran@example.com,Moradabad,Goa,1972-05-27,Business,2025-05-20
C001706,Aarush,Baria,diptakulkarni@example.org,Bhiwandi,Meghalaya,2008-07-12,Standard,2025-11-28
C001707,Ikshita,Kohli,obahl@example.org,Eluru,Maharashtra,1962-06-01,Premium,2025-11-30
C001708,Krish,Barman,jainwazir@example.net,Dewas,Rajasthan,1950-12-26,Premium,2022-11-20
C001709,Aarush,Nazareth,vparmer@example.org,Mirzapur,Madhya Pradesh,1948-09-21,Premium,2024-04-26
C001710,Jai,Bhardwaj,kadezilmil@example.org,Gwalior,Nagaland,1986-08-27,Business,2021-10-16
C001711,Azad,Chatterjee,azaanmukhopadhyay@example.org,Machilipatnam,Telangana,1975-06-24,Standard,2023-03-27
C001712,Jagvi,Shah,isaac92@example.com,Meerut,Manipur,1951-04-30,Premium,2024-05-16
C001713,Vaishnavi,Kari,horavritti@example.com,Secunderabad,Karnataka,1946-10-19,Standard,2022-10-14
C001714,Banjeet,Murty,qsarin@example.com,Naihati,Tamil Nadu,1988-01-20,Standard,2025-09-21
C001715,Nisha,Thakur,skamdar@example.com,Ramgarh,Himachal Pradesh,1966-01-06,Business,2025-07-09
C001716,Yashawini,Minhas,munibrijesh@example.net,Chapra,Kerala,1994-06-06,Business,2024-09-19
C001717,Meghana,Devan,hiyengar@example.org,Farrukhabad,Meghalaya,1957-04-28,Business,2024-08-25
C001718,Prisha,Sekhon,panditsamuel@example.net,Belgaum,Gujarat,1980-06-15,Business,2023-05-09
C001719,Udant,Atwal,bhasinaarini@example.net,Orai,Rajasthan,1959-06-10,Business,2024-12-20
C001720,Sai,Sastry,nmadan@example.org,Gudivada,Bihar,1982-05-08,Business,2022-06-25
C001721,Gaurangi,Baria,vsem@example.com,Kakinada,Sikkim,1995-10-05,Standard,2024-09-20
C001722,Zarna,Jain,bkapoor@example.org,Suryapet,Bihar,1953-03-26,Standard,2024-12-26
C001723,Meera,Tandon,samarth97@example.net,Hubli–Dharwad,Punjab,1992-10-10,Premium,2023-12-02
C001724,Vedika,Cheema,jasmit70@example.com,Rajpur Sonarpur,Himachal Pradesh,1998-07-24,Premium,2023-03-18
C001725,Ayushman,Rajagopal,ppant@example.com,Kirari Suleman Nagar,Jharkhand,1973-07-11,Standard,2021-12-02
C001726,Gaurang,Khurana,hemani52@example.com,Gorakhpur,Andhra Pradesh,2002-06-09,Premium,2022-11-20
C001727,William,Goswami,grovervivaan@example.com,Bulandshahr,Bihar,2001-03-19,Business,2024-08-06
C001728,Atharv,Bhagat,bhattvivaan@example.net,Gangtok,Kerala,1984-12-21,Premium,2021-08-09
C001729,Shaurya,Deep,mraghavan@example.net,Ambala,Chhattisgarh,1968-05-23,Business,2024-11-21
C001730,Finn,Gara,iprabhakar@example.com,Howrah,Tripura,1985-05-21,Standard,2025-12-06
C001731,Maya,Babu,adyatalwar@example.net,Thane,Himachal Pradesh,2006-09-15,Business,2022-05-03
C001732,Amaira,Dewan,sampathamruta@example.com,Anantapur,Mizoram,1989-04-27,premium,2026-05-11
C001733,Samar,Sane,bkota@example.com,Siwan,Meghalaya,1964-10-21,Standard,2024-12-24
C001734,Wishi,Chaudhari,kvasa@example.net,Lucknow,Kerala,1995-05-11,Premium,2021-09-26
C001735,Aradhana,Shankar,chandani66@example.com,Vijayanagaram,Maharashtra,1947-07-23,Standard,2022-09-14
C001736,Dhriti,Toor,chasmum56@example.org,Mehsana,Punjab,1972-12-04,Premium,2024-06-13
C001737,William,Korpal,chawlaandrew@example.org,Dibrugarh,Goa,1946-08-30,Business,2022-09-23
C001738,Raagini,Dua,baradyoshita@example.com,Panihati,Uttar Pradesh,1971-02-22,Premium,2025-08-28
C001739,Pooja,Goswami,qdora@example.com,Raurkela Industrial Township,Andhra Pradesh,1965-07-29,Standard,2024-08-07
C001740,Rajata,Dalal,dubeyyoshita@example.org,Bareilly,Mizoram,1962-02-09,Standard,2026-07-27
C001741,Wahab,Kulkarni,om19@example.org,Buxar,Mizoram,1956-08-06,Business,2022-10-05
C001742,Umang,Solanki,sacharchanakya@example.com,Udupi,Rajasthan,1966-11-22,Premium,2025-07-14
C001743,Rachit,Badal,oviya10@example.net,Bhatpara,Telangana,1965-12-25,Business,2025-07-06
C001744,Akshay,Dash,xsandhu@example.com,Jaunpur,Assam,2006-05-24,Premium,2024-03-28
C001745,Hemang,Prabhakar,sdey@example.com,Katni,Himachal Pradesh,1966-07-10,Premium,2026-06-03
C001746,Abha,Dhingra,misramahika@example.net,Thiruvananthapuram,Maharashtra,1971-06-29,Premium,2026-03-17
C001747,Shivansh,Prasad,ramaniharika@example.net,Shimla,Tripura,1996-02-02,Premium,2021-08-23
C001748,Logan,Raman,hemaniraghavan@example.com,Pali,Tamil Nadu,1970-11-01,Premium,2022-07-25
C001749,Janaki,Loyal,chadhasamaksh@example.com,Hazaribagh,Madhya Pradesh,2002-09-19,Premium,2022-06-12
C001750,Avni,Shah,qsrinivas@example.net,Guntakal,Arunachal Pradesh,1981-05-15,Premium,2025-03-05
C001751,Wakeeta,Venkatesh,manan77@example.org,Kulti,Goa,1972-06-15,Business,2025-12-05
C001752,Ucchal,Gera,qkota@example.org,South Dumdum,Uttar Pradesh,1973-06-07,Business,2022-04-05
C001753,Lila,Chada,gmall@example.org,Sambhal,Chhattisgarh,1994-08-02,Premium,2022-02-05
C001754,Harshil,Bhalla,tatamaya@example.org,Kota,Kerala,1995-11-20,Standard,2022-06-23
C001755,Gautam,Bhandari,dev70@example.org,Shivpuri,Gujarat,1967-10-21,Premium,2022-03-07
C001756,Advaith,Kade,upmasant@example.com,Hubli–Dharwad,Odisha,1948-06-22,Standard,2022-06-16
C001757,Nicholas,Misra,kashishkothari@example.com,Nangloi Jat,Karnataka,1997-07-31,Business,2025-10-22
C001758,Advik,Modi,nathan55@example.org,Naihati,Madhya Pradesh,1998-05-08,Standard,2024-07-30
C001759,Urishilla,Walia,jagvi37@example.com,Mangalore,Gujarat,2008-03-18,Premium,2021-12-19
C001760,Azaan,Kohli,lsaini@example.org,Guntakal,Sikkim,1950-09-30,Business,2025-12-26
C001761,Kala,Grover,vidhi77@example.com,Pali,Bihar,2005-09-01,standard,2023-10-30
C001762,Nidra,Reddy,saanvi79@example.com,Jammu,Manipur,1968-12-21,Business,2025-09-20
C001763,Yatan,Loke,forum46@example.com,Panipat,Manipur,1980-06-18,Standard,2022-09-03
C001764,Zehaan,Bir,hpau@example.com,Amravati,Mizoram,1986-01-20,Premium,2024-06-27
C001765,Yashodhara,Iyengar,ranveer75@example.com,Udaipur,Tamil Nadu,1991-05-14,Premium,2024-12-09
C001766,Pranit,Subramaniam,seshadriraksha@example.net,Bijapur,Arunachal Pradesh,1985-07-11,Standard,2026-01-10
C001767,Oscar,Khosla,krishnapandya@example.com,South Dumdum,Tripura,1978-07-01,Business,2024-10-03
C001768,Geetika,Dhawan,bchopra@example.org,Panipat,Madhya Pradesh,1971-05-07,Premium,2025-10-23
C001769,Vritti,Palla,elijah86@example.com,Ichalkaranji,Sikkim,2008-07-20,Business,2024-03-19
C001770,Krish,Shetty,ria83@example.com,Jhansi,Goa,1951-07-12,Premium,2023-07-23
C001771,Lucky,Dani,kalaunni@example.org,Pali,Tamil Nadu,1983-05-25,Business,2024-06-19
C001772,Harish,Chand,samartara@example.com,Bharatpur,Telangana,1946-06-15,Premium,2022-04-13
C001773,Wahab,Hayer,vyanjanasanghvi@example.org,Davanagere,West Bengal,1999-08-06,Premium,2022-02-09
C001774,Upkaar,Pandey,hlad@example.net,Bhiwandi,Karnataka,1971-04-17,Business,2022-08-03
C001775,Reva,Memon,sherewarda@example.net,Mirzapur,Rajasthan,2004-08-19,Business,2023-08-23
C001776,Avni,Doshi,deshpandearunima@example.net,Warangal,Arunachal Pradesh,1958-11-10,Premium,2022-12-14
C001777,Amara,Ganesan,tkant@example.net,Tiruchirappalli,Nagaland,1985-02-21,Standard,2022-05-07
C001778,Max,Ratta,jasonsur@example.com,Bhagalpur,Jharkhand,1971-02-22,Standard,2025-09-15
C001779,Daksha,Ahluwalia,hemal88@example.com,Alappuzha,Punjab,1996-08-02,Standard,2023-07-25
C001780,Baghyawati,Pai,chandreshmohanty@example.com,Hosur,Karnataka,2003-04-03,Business,2024-05-23
C001781,Vrinda,Sahota,janani61@example.com,Srinagar,Assam,2006-11-24,Business,2022-07-18
C001782,Vamakshi,Khurana,iracomar@example.org,Kulti,Manipur,1974-07-01,Standard,2022-02-12
C001783,Qushi,Taneja,erege@example.net,Nangloi Jat,Nagaland,1996-03-13,Standard,2022-10-18
C001784,Oni,Kade,nakul93@example.org,Vijayanagaram,Kerala,1977-03-24,Premium,2024-06-16
C001785,Bhavani,Ratti,max96@example.com,Bhubaneswar,Mizoram,2003-07-13,Premium,2023-07-29
C001786,Jagat,Aggarwal,januja11@example.org,Raurkela Industrial Township,Telangana,1972-09-19,Business,2023-11-15
C001787,Gautam,Sahni,trivenimadan@example.org,Patna,Himachal Pradesh,1974-08-18,Business,2023-02-26
C001788,Ijaya,Hayre,ekanta70@example.net,Satara,Haryana,1986-10-03,Premium,2022-08-13
C001789,Yashawini,Chahal,jaibhalla@example.org,Hospet,Uttar Pradesh,1974-08-09,Standard,2024-11-07
C001790,Pranit,Mutti,caleb73@example.com,Lucknow,Haryana,1994-11-21,Premium,2022-01-26
C001791,Baljiwan,Mann,gargjonathan@example.org,Begusarai,Bihar,1959-05-24,Standard,2025-10-23
C001792,Darika,Rao,atailor@example.net,Tadipatri,Mizoram,1989-05-27,Premium,2022-09-24
C001793,Aarnav,Seth,krishnanazad@example.org,Madanapalle,Himachal Pradesh,1992-09-27,Business,2026-04-11
C001794,Isaiah,Mann,owensuri@example.com,Solapur,Tripura,1998-02-28,Standard,2023-06-13
C001795,Yashvi,Sen,hemani55@example.net,Nanded,Sikkim,1964-03-04,Premium,2023-05-22
C001796,Vaishnavi,Rege,mahluwalia@example.com,Gulbarga,Kerala,1981-09-29,Premium,2023-03-24
C001797,Vanya,Nigam,matwal@example.com,Fatehpur,Rajasthan,1968-02-11,Business,2022-11-10
C001798,Azad,Iyer,bhattoeshi@example.com,Amravati,Sikkim,1996-03-07,Business,2021-09-11
C001799,Yadavi,Ahuja,nbhavsar@example.com,Bhiwandi,West Bengal,1955-02-06,Business,2023-10-11
C001800,Hemani,Venkataraman,groverjasmit@example.org,Visakhapatnam,Meghalaya,1982-07-04,Premium,2021-10-18
C001801,Damini,Gala,rdivan@example.net,Amaravati,Chhattisgarh,1971-03-17,Standard,2024-06-23
C001802,Arjun,Raghavan,keerchandran@example.org,Jodhpur,Andhra Pradesh,2007-11-07,Standard,2022-06-16
C001803,Xiti,Purohit,faqidsidhu@example.com,Anantapuram,Rajasthan,1975-12-09,Standard,2026-03-27
C001804,Anvi,Batra,ishwar79@example.net,Asansol,Punjab,1948-06-24,Business,2022-09-10
C001805,Gaurang,Srinivas,surageetika@example.com,Gulbarga,Nagaland,1956-09-26,Premium,2025-03-05
C001806,Hitesh,Dhingra,jyotibali@example.org,Belgaum,Meghalaya,1978-09-14,Business,2025-03-03
C001807,Brinda,Nanda,rsaran@example.net,Ratlam,Goa,1990-04-24,Premium,2023-05-01
C001808,Yachana,Grewal,varsha87@example.net,Bongaigaon,Punjab,1972-11-24,Premium,2022-11-29
C001809,Jeevika,Kadakia,vedhika56@example.org,Sultan Pur Majra,Madhya Pradesh,1982-02-10,Premium,2025-02-18
C001810,Raksha,Yadav,lnori@example.net,Sultan Pur Majra,Madhya Pradesh,1984-01-01,Premium,2021-08-28
C001811,Ayushman,Grover,hbala@example.com,Raipur,Karnataka,1947-10-27,Business,2026-01-11
C001812,Benjamin,Rama,charlesaurora@example.net,Dibrugarh,Assam,2005-05-15,Standard,2022-10-24
C001813,Krishna,Kannan,gandhikavya@example.org,Agra,Tripura,2002-04-11,Premium,2024-01-28
C001814,Nandini,Kuruvilla,vinaya10@example.net,Rewa,Telangana,1962-07-12,Business,2022-08-15
C001815,Tripti,Deshmukh,kala84@example.net,Katihar,Himachal Pradesh,1974-03-21,Premium,2026-02-14
C001816,Anusha,Deo,ikbal52@example.com,Kirari Suleman Nagar,Goa,1952-01-01,Premium,2021-11-15
C001817,Karan,Comar,katabanjeet@example.org,Srinagar,Jharkhand,1995-05-27,Premium,2022-02-11
C001818,Mugdha,Jhaveri,masterkalpit@example.org,Salem,Mizoram,1977-01-28,Standard,2025-06-15
C001819,Aashi,Johal,vkaran@example.com,Nagpur,Himachal Pradesh,1950-09-19,Standard,2025-11-11
C001820,Abhiram,Balan,chakrabortylohit@example.net,Sasaram,Rajasthan,1957-05-22,Standard,2024-08-29
C001821,Urvi,Setty,radhikasandal@example.net,Kollam,Arunachal Pradesh,2005-05-21,Standard,2026-04-23
C001822,Ishwar,Kota,zmangat@example.com,Nashik,Telangana,1974-05-29,Standard,2025-01-25
C001823,Vivaan,Mall,vbalasubramanian@example.net,Firozabad,Meghalaya,1986-04-26,Business,2026-03-18
C001824,Wahab,Apte,tnaidu@example.com,Vijayawada,Arunachal Pradesh,1987-01-03,Business,2023-05-21
C001825,Raksha,Bal,lohit76@example.com,Dewas,Karnataka,1956-10-07,Business,2023-05-17
C001826,Aarini,Narain,ubobal@example.net,Nagpur,Kerala,2000-06-06,Premium,2025-12-18
C001827,Dhruv,Palan,alkasaraf@example.org,Nandyal,Chhattisgarh,1959-04-11,Premium,2026-03-26
C001828,Wahab,Khosla,mandalyuvraj@example.org,Giridih,Maharashtra,1968-12-05,Premium,2025-12-18
C001829,Widisha,Srinivasan,hardik46@example.com,Guntur,Bihar,1995-08-13,Premium,2022-10-30
C001830,Urishilla,Prakash,amrita68@example.net,Kolkata,Goa,1961-09-14,Premium,2022-01-22
C001831,Ekaja,Narang,ilal@example.net,Dehradun,Tripura,1956-06-29,Premium,2026-01-21
C001832,Owen,Rama,kdevan@example.org,Saharsa,Himachal Pradesh,1993-02-19,Business,2025-01-10
C001833,Tripti,Chowdhury,simonagarwal@example.net,Raebareli,Madhya Pradesh,1965-05-18,Business,2023-06-26
C001834,Avni,Pandya,ranganathannidhi@example.org,Mangalore,Kerala,1945-10-13,Business,2021-12-16
C001835,Girish,Ramakrishnan,sara01@example.org,Ballia,Tamil Nadu,1969-03-11,Standard,2022-06-06
C001836,Alka,Choudhary,ladkamala@example.com,Hindupur,Tripura,1956-03-06,Business,2022-05-08
C001837,Noah,Goel,chahaljanuja@example.com,Phagwara,Arunachal Pradesh,1990-09-10,Standard,2024-10-28
C001838,Chanchal,Sani,udyati89@example.com,North Dumdum,Mizoram,2008-03-01,Standard,2022-01-12
C001839,Anya,Garg,vyasqasim@example.net,Surendranagar Dudhrej,Mizoram,1988-02-02,Business,2025-08-19
C001840,Eta,Dyal,raujeet@example.org,Shivpuri,West Bengal,1986-08-04,Standard,2025-03-31
C001841,Jeremiah,Pai,ishitadevan@example.com,Chittoor,Punjab,1962-06-18,Premium,2026-05-25
C001842,Manthan,Rai,vrinda53@example.com,Shimoga,Sikkim,1982-01-24,Business,2023-06-02
C001843,Kashvi,Saxena,samiamol@example.com,Bhilwara,Meghalaya,1949-10-27,Premium,2024-09-04
C001844,Vasana,Krish,goswamipanini@example.com,Satna,Goa,2006-09-09,Business,2021-12-26
C001845,Yuvraj,Randhawa,atrivedi@example.org,Udupi,Arunachal Pradesh,1960-10-09,Standard,2024-01-23
C001846,Max,Ratta,teerthcomar@example.org,Sikar,Chhattisgarh,1950-03-14,Premium,2025-10-10
C001847,Alka,Barad,luthraurmi@example.org,Ghaziabad,Rajasthan,1985-03-25,Business,2025-10-28
C001848,Riya,Maharaj,michaelhayre@example.net,Chandrapur,Nagaland,1965-10-19,Business,2026-04-18
C001849,Mugdha,Bath,xahluwalia@example.net,Adoni,Telangana,1948-10-21,Business,2026-04-27
C001850,Ekaja,Bhatt,adityayadav@example.org,Siwan,Uttar Pradesh,1978-04-16,Premium,2025-03-27
C001851,Mason,Sahni,aditya72@example.org,Secunderabad,Arunachal Pradesh,1976-02-12,Business,2023-02-12
C001852,Manbir,Bedi,sehgallajita@example.com,Gangtok,Odisha,1996-11-20,Business,2025-01-26
C001853,Pranav,Dayal,niteshbiswas@example.org,Ujjain,Meghalaya,1993-11-30,Premium,2026-07-15
C001854,Tanay,Vaidya,anirudhsur@example.com,Noida,Mizoram,1984-08-11,Premium,2025-03-13
C001855,Parth,Dhingra,devika02@example.net,Bathinda,Madhya Pradesh,1964-12-06,Business,2023-07-02
C001856,Kiaan,Agate,abeerminhas@example.net,Davanagere,Haryana,1949-01-12,Standard,2022-04-14
C001857,Warda,Goyal,upasnagole@example.org,Karawal Nagar,Mizoram,1958-08-20,Business,2022-10-19
C001858,Oliver,Apte,lallkalpit@example.org,South Dumdum,Bihar,1957-03-21,Business,2025-11-17
C001859,Vritti,Kaur,mandaaarnav@example.net,Jaunpur,Meghalaya,1984-03-17,Business,2025-04-17
C001860,Yahvi,Dash,murtymohammed@example.net,Bijapur,Punjab,1975-06-19,Standard,2022-10-04
C001861,Isha,Wagle,kannanvritti@example.net,Gurgaon,Manipur,1974-03-29,Standard,2024-03-03
C001862,Sneha,Bhatia,psura@example.com,Muzaffarnagar,Tamil Nadu,1967-01-31,Premium,2021-08-29
C001863,Ira,Sridhar,cthaman@example.net,Udupi,Uttar Pradesh,2002-07-23,Standard,2022-11-09
C001864,Liam,Mall,dalajabadami@example.net,Pallavaram,Bihar,1989-12-27,Premium,2022-05-21
C001865,Bachittar,Khosla,choudhrybalhaar@example.org,Kharagpur,Meghalaya,1960-09-28,Standard,2021-11-07
C001866,Ati,Kale,vbajwa@example.com,Chennai,Jharkhand,2007-03-07,Standard,2021-12-13
C001867,Priya,Vala,vohravrinda@example.com,Bhalswa Jahangir Pur,Telangana,2001-04-25,Premium,2025-06-22
C001868,Vanya,Naidu,eramanathan@example.org,Kadapa,Chhattisgarh,1988-09-22,Business,2026-07-18
C001869,Lekha,Agarwal,esha@example.org,Patna,Sikkim,1971-09-06,Premium,2024-07-01
C001870,Zashil,Mane,nisha54@example.com,Thanjavur,Madhya Pradesh,1994-12-22,Premium,2026-05-27
C001871,Hemani,Pathak,kannanqabil@example.com,Jalandhar,Meghalaya,2006-11-16,Business,2021-09-07
C001872,Yashoda,Doctor,aadipatel@example.com,Malda,Chhattisgarh,1950-05-04,Business,2022-02-28
C001873,Jack,Sachdev,tmohan@example.com,Gorakhpur,Sikkim,1972-05-06,Premium,2026-05-07
C001874,Advika,Kar,qmital@example.com,Pune,Gujarat,1968-08-13,Premium,2021-11-12
C001875,Geetika,Shenoy,hegdelaksh@example.com,Gaya,Rajasthan,1985-07-13,Standard,2022-04-01
C001876,Vrishti,Dara,bawaxalak@example.net,Saharanpur,Tripura,1979-01-09,Standard,2023-04-28
C001877,Niharika,Dubey,bprakash@example.org,Kurnool,Haryana,1985-12-23,Premium,2026-01-03
C001878,Kashish,Loyal,cdhar@example.com,Haldia,Tripura,1990-08-28,Business,2021-12-30
C001879,Manbir,Gola,xpuri@example.net,Amroha,Chhattisgarh,2000-06-26,Business,2026-02-27
C001880,Turvi,Pal,gnadig@example.org,Dhule,Assam,2000-03-13,Business,2024-05-25
C001881,Yadavi,Das,chakrika36@example.net,Varanasi,Bihar,1947-01-28,Business,2023-04-06
C001882,George,Saha,aarnav88@example.net,Kakinada,Madhya Pradesh,1963-05-10,Premium,2024-04-07
C001883,Chatura,Kulkarni,gchowdhury@example.org,Dehradun,Manipur,1992-03-06,Business,2024-04-01
C001884,Jai,Srinivasan,keya85@example.org,Satna,Jharkhand,1997-06-06,Business,2021-08-20
C001885,Jeevika,Dhawan,rajueesha@example.com,Karnal,Himachal Pradesh,2002-04-15,Premium,2026-02-01
C001886,Chaitaly,Ganesh,barmanrehaan@example.net,Kamarhati,Jharkhand,1981-03-04,Business,2024-01-02
C001887,Tanish,Chandra,danielranganathan@example.com,Tadipatri,Meghalaya,1951-09-09,Business,2023-08-29
C001888,Upasna,Subramanian,goswamigarima@example.net,Bhubaneswar,Meghalaya,1983-08-24,Business,2023-01-11
C001889,Rajata,Sharma,samineel@example.com,Serampore,Arunachal Pradesh,1962-08-12,Business,2026-06-21
C001890,Qadim,Natarajan,vdasgupta@example.net,Faridabad,Maharashtra,1957-07-20,Business,2025-09-05
C001891,Sachi,Lad,kritika54@example.net,Surendranagar Dudhrej,Odisha,1965-03-08,Premium,2024-07-02
C001892,Chanakya,Sastry,zarnakhare@example.com,Hajipur,Arunachal Pradesh,2004-05-19,Standard,2026-01-09
C001893,Varenya,Thaman,henrybadal@example.com,Alappuzha,Manipur,1989-06-07,Standard,2023-07-04
C001894,Yagnesh,Nayak,dcontractor@example.net,Bettiah,Assam,1983-09-20,Business,2024-02-25
C001895,Caleb,Varty,janujavarkey@example.net,Amritsar,Sikkim,1983-10-26,Premium,2023-02-25
C001896,Eshana,Deol,kulkarnichakradhar@example.com,Panchkula,Nagaland,1983-01-29,Premium,2024-03-06
C001897,Hema,Sidhu,rajagautam@example.org,Aizawl,Rajasthan,1999-10-25,Standard,2023-07-05
C001898,Kashish,Kulkarni,nathanramanathan@example.org,Bally,Meghalaya,1967-08-09,Premium,2024-11-07
C001899,Yauvani,Morar,fpurohit@example.org,Mahbubnagar,Andhra Pradesh,1997-06-20,Standard,2022-08-30
C001900,Ojas,Srinivasan,eravi@example.net,Guwahati,Gujarat,1983-04-16,Standard,2024-10-23
C001901,Wishi,Sem,balakrishnanrayaan@example.org,Bhind,Himachal Pradesh,1966-06-11,Premium,2024-05-05
C001902,Omya,Pant,danielmammen@example.org,Sonipat,Madhya Pradesh,1962-03-03,Premium,2022-12-05
C001903,Gabriel,Setty,ikshitasathe@example.net,Alwar,Odisha,1978-09-04,Business,2024-06-29
C001904,Januja,Vyas,karanabdul@example.net,Kochi,Andhra Pradesh,1955-01-27,Standard,2025-01-16
C001905,Baljiwan,Koshy,abdulmannan@example.org,Anantapuram,Himachal Pradesh,1999-07-21,Standard,2022-09-13
C001906,Om,Gala,chameli14@example.net,Jalna,Jharkhand,1977-06-07,Premium,2023-01-27
C001907,Lajita,Sathe,kevin74@example.net,Bhopal,Himachal Pradesh,1983-12-08,Premium,2022-02-08
C001908,Akshay,Rattan,nadkarniisha@example.com,Durg,Bihar,1946-10-07,Standard,2022-03-31
C001909,Arunima,Ramachandran,yuvraj06@example.net,Tadepalligudem,Madhya Pradesh,1959-02-24,Standard,2024-12-11
C001910,William,Gour,gben@example.org,Karnal,Sikkim,1950-07-16,Business,2023-02-26
C001911,Chanchal,Gade,kumarnitesh@example.net,Jalandhar,Sikkim,2007-09-14,Standard,2022-03-05
C001912,Ekapad,Khanna,,Berhampur,Manipur,1987-05-25,Business,2025-04-13
C001913,Barkha,Cherian,mchopra@example.net,Ranchi,Tamil Nadu,2008-05-20,Business,2024-02-08
C001914,Aarnav,Majumdar,triveni05@example.net,Vijayawada,Manipur,1955-11-27,Standard,2025-08-11
C001915,Bishakha,Bala,rachanatripathi@example.net,Hubli–Dharwad,Haryana,1987-08-15,Premium,2024-05-08
C001916,Libni,Varma,qdey@example.org,Bhavnagar,Telangana,1994-11-08,Standard,2022-10-17
C001917,Lekha,Agarwal,charlesranganathan@example.net,Guntur,Rajasthan,1962-05-08,Standard,2025-01-27
C001918,Abeer,Bhatti,maniisaiah@example.org,Giridih,Sikkim,1997-03-09,Standard,2024-01-03
C001919,Quincy,Chandra,vargheseyasti@example.net,Davanagere,Odisha,2006-05-19,Standard,2025-12-16
C001920,Darsh,Ganesan,tram@example.com,Gorakhpur,Sikkim,1981-11-18,Business,2022-04-25
C001921,Darsh,Bhatnagar,bumbvamakshi@example.org,Rajahmundry,Rajasthan,1970-03-11,Standard,2025-10-09
C001922,Nicholas,Nagar,mkara@example.net,Hosur,Karnataka,1971-02-16,Standard,2022-12-21
C001923,Nilima,Bahl,radhika34@example.com,Rohtak,Tamil Nadu,1950-09-17,Premium,2023-01-12
C001924,Dalbir,Oak,sodhixavier@example.com,Bareilly,Gujarat,2008-05-09,Premium,2023-10-21
C001925,Champak,Kaur,rattipeter@example.com,Jaunpur,Uttar Pradesh,1952-09-02,Business,2023-06-14
C001926,Ronith,Bhat,zbhat@example.com,Solapur,Karnataka,1998-06-18,Standard,2025-06-10
C001927,Lopa,Dash,hemanginichar@example.net,Haldia,Punjab,1960-08-13,Standard,2022-06-10
C001928,Chatura,Purohit,aditya78@example.com,Tirunelveli,Tamil Nadu,1998-04-06,Business,2025-02-21
C001929,Pratyush,Narayanan,semlekha@example.org,Jorhat,Meghalaya,1961-02-13,Business,2022-01-07
C001930,Kamala,Sunder,manbir58@example.org,Katihar,Punjab,1950-03-30,Standard,2026-02-24
C001931,Suhani,Kohli,suhaniaggarwal@example.com,Dhule,Tripura,1993-04-16,Standard,2022-07-26
C001932,Amara,Bhasin,kurianbaghyawati@example.org,Shivpuri,Odisha,1964-09-08,Business,2023-11-14
C001933,George,Sane,chandranhemang@example.com,Karaikudi,Punjab,1983-08-07,Business,2022-01-23
C001934,Bachittar,Prakash,shankaryochana@example.org,Ballia,Nagaland,1978-02-22,Business,2025-11-20
C001935,Upma,Deep,hardik77@example.com,Gaya,Andhra Pradesh,1977-10-29,Standard,2025-01-28
C001936,Aayush,Narula,nathaniel47@example.com,Patna,Uttarakhand,1986-05-21,Premium,2022-02-01
C001937,Tanish,Wali,bmajumdar@example.com,Tezpur,Telangana,1946-01-03,Premium,2023-10-26
C001938,Geetika,Kibe,thakkarupkaar@example.com,Akola,Assam,1956-08-03,Premium,2024-04-02
C001939,Jacob,Ramaswamy,somandayamai@example.net,Panchkula,Madhya Pradesh,1950-07-05,Premium,2022-02-22
C001940,Lavanya,Mandal,janya13@example.net,Durg,Assam,1976-07-16,Premium,2026-01-20
C001941,Dalbir,Samra,nathsamuel@example.org,Amaravati,Mizoram,1966-12-05,Premium,2025-11-09
C001942,Fariq,Issac,samardatta@example.com,Suryapet,Arunachal Pradesh,1995-04-11,Standard,2024-09-10
C001943,Falak,Garde,drama@example.com,Faridabad,Karnataka,1980-12-07,Business,2025-12-30
C001944,Samar,Vig,kashvichar@example.com,Kirari Suleman Nagar,Odisha,1982-02-27,Standard,2022-11-09
C001945,Anya,Chauhan,riyaatwal@example.com,Gulbarga,Tamil Nadu,1969-07-29,Business,2023-04-18
C001946,Ayush,Dixit,msarkar@example.net,Rampur,Sikkim,1990-02-06,Standard,2022-03-12
C001947,Wridesh,Pathak,laksh55@example.com,Mysore,Uttarakhand,1966-09-18,Business,2024-04-09
C001948,Priya,Bandi,poojabhatnagar@example.net,Avadi,Manipur,1947-08-23,Business,2024-01-05
C001949,Pratyush,Bora,mannejagvi@example.org,Bareilly,Tripura,1989-08-19,Business,2022-12-05
C001950,Gaurav,Zacharia,pandeyyahvi@example.org,Gorakhpur,West Bengal,1987-12-10,Business,2023-06-09
C001951,Ikshita,Sawhney,pchopra@example.net,Shimoga,Madhya Pradesh,1973-10-05,Business,2024-01-07
C001952,Chatresh,Rao,sandhuluke@example.com,Jalna,Assam,1962-09-07,Business,2024-11-01
C001953,Krish,Gour,sainihemal@example.net,Haldia,Haryana,1979-02-14,Business,2022-01-25
C001954,Lakshit,Saraf,neelima73@example.org,Karnal,Kerala,1975-03-08,Premium,2024-03-22
C001955,Rudra,Savant,obhatt@example.org,Berhampur,Kerala,1997-07-06,Premium,2023-04-03
C001956,Oeshi,Deshmukh,joshuanarayan@example.net,Guwahati,Tamil Nadu,1955-07-30,Premium,2022-06-29
C001957,Chavvi,Hari,indiravohra@example.net,Jabalpur,Himachal Pradesh,1998-09-15,Standard,2025-10-30
C001958,Nakul,Lala,anthony61@example.net,Raichur,Gujarat,1996-03-24,Business,2022-06-27
C001959,Chanakya,Wali,badaltanmayi@example.org,Tirupati,Tamil Nadu,1969-04-10,Business,2023-01-06
C001960,Jacob,Roy,saisahni@example.com,Panvel,Andhra Pradesh,2002-01-10,Standard,2024-02-21
C001961,Advaith,Dash,radhika50@example.org,Bahraich,Nagaland,1949-07-07,Business,2025-05-04
C001962,Radha,Mangat,rachitabaral@example.org,Bangalore,Jharkhand,1946-09-15,Standard,2023-06-10
C001963,Gaurav,Desai,brinda68@example.net,Kota,Haryana,1997-12-01,Business,2026-04-11
C001964,Dakshesh,Venkatesh,rbali@example.com,Bhilai,Manipur,1962-01-24,standard,2022-01-22
C001965,Dalaja,Bumb,orindermadan@example.com,Gudivada,Tamil Nadu,1981-04-28,Standard,2025-02-08
C001966,Kiaan,Kaul,uparmer@example.net,Eluru,Tamil Nadu,1973-11-01,Standard,2023-01-28
C001967,Gaurika,Parikh,hgala@example.com,Vijayawada,Telangana,1976-01-13,Standard,2025-09-01
C001968,Dhriti,Parsa,adash@example.org,Aizawl,Rajasthan,2006-02-23,Business,2022-06-06
C001969,Baghyawati,Misra,faqidrout@example.org,Thoothukudi,Telangana,1950-09-18,Business,2025-11-30
C001970,Frederick,Sathe,faqid36@example.org,Amroha,Nagaland,1951-01-27,Standard,2022-11-06
C001971,Tejas,Vig,falgunikumer@example.net,Maheshtala,Nagaland,1959-12-27,Standard,2023-10-15
C001972,Amaira,Walia,ramishwar@example.org,Ahmednagar,Odisha,2007-12-13,Business,2025-05-10
C001973,Vrinda,Krishnamurthy,lipikamane@example.net,Karaikudi,Tamil Nadu,1987-02-22,Premium,2023-10-28
C001974,Vasana,Bal,ymannan@example.org,Imphal,Himachal Pradesh,1957-12-04,Premium,2024-11-02
C001975,Eesha,Krishnamurthy,tkhosla@example.org,Jehanabad,Punjab,2001-02-18,Premium,2023-10-15
C001976,Ayushman,Sangha,maya29@example.org,Mirzapur,West Bengal,1972-01-04,Business,2022-06-18
C001977,Brinda,Devi,arunima10@example.com,Aligarh,Uttarakhand,1962-08-03,Standard,2026-03-21
C001978,Lila,Bumb,xiyer@example.com,Deoghar,Chhattisgarh,1967-10-13,Premium,2024-04-19
C001979,Reyansh,Sha,thomas70@example.org,Hosur,Chhattisgarh,1977-09-20,Business,2022-11-17
C001980,Sudiksha,Shroff,dgopal@example.net,Panipat,Goa,1951-07-13,Standard,2023-09-16
C001981,Advay,Kakar,girik69@example.net,Motihari,Telangana,1993-01-26,Standard,2024-01-18
C001982,Yamini,Bala,anusha61@example.com,Sambalpur,Punjab,1986-02-02,Standard,2026-03-21
C001983,Onveer,Gokhale,samarthbaria@example.com,Shahjahanpur,Odisha,1982-08-10,Standard,2026-02-12
C001984,Omisha,Oza,acharyadevika@example.com,Kishanganj,Tripura,1960-08-19,Standard,2021-11-20
C001985,Ekansh,Thaman,wnadig@example.net,Rewa,Punjab,1960-11-27,Standard,2024-12-12
C001986,Aahana,Mitter,elijah29@example.net,Raurkela Industrial Township,Bihar,1993-02-16,Standard,2025-04-11
C001987,Xalak,Dhaliwal,jeet06@example.org,Nagercoil,Rajasthan,1971-10-24,Standard,2024-01-19
C001988,Gautam,Kade,dayamaidoctor@example.org,Bokaro,West Bengal,1978-12-25,Business,2022-06-26
C001989,Dhriti,Lad,zaitra42@example.com,Kolkata,Arunachal Pradesh,1991-06-28,Business,2023-07-29
C001990,Eiravati,Agrawal,qadim01@example.org,Korba,Sikkim,2007-01-06,Premium,2024-02-16
C001991,Wriddhish,Sahni,lokekrishna@example.org,Mango,West Bengal,1968-08-10,Standard,2023-10-04
C001992,Janya,Sarkar,ijaya45@example.org,Hapur,Nagaland,1957-04-12,Business,2021-10-09
C001993,Laban,Magar,chandrantripathi@example.com,Amravati,Sikkim,1948-12-18,Premium,2026-07-29
C001994,Chaitanya,Joshi,eyogi@example.org,Morbi,Kerala,1957-04-29,Premium,2023-09-17
C001995,Arjun,Rama,modykala@example.com,Arrah,Uttarakhand,1994-12-04,Business,2023-02-10
C001996,Ikbal,Wadhwa,chaitanyarai@example.net,Tirunelveli,Assam,1959-06-01,Business,2025-12-01
C001997,Faraj,Sinha,zashilnarasimhan@example.net,Tadipatri,Himachal Pradesh,1995-09-16,Business,2024-08-13
C001998,Nidra,Devan,ynagi@example.com,Ambarnath,Maharashtra,2000-04-05,Premium,2025-05-22
C001999,Tripti,Acharya,ekbal02@example.org,Rewa,Madhya Pradesh,1969-07-07,Premium,2024-03-16
C002000,Widisha,Reddy,dhriti82@example.com,Bareilly,Maharashtra,1954-10-08,Business,2025-01-24
C002001,Yashica,Manne,sanilila@example.org,Saharsa,Mizoram,1953-07-24,Premium,2025-08-29
C002002,Tanay,Guha,ishanvitara@example.com,Udupi,Bihar,1956-01-25,Business,2026-06-14
C002003,Ekbal,Dhar,raghav24@example.net,Shimoga,Haryana,1952-06-03,Premium,2021-10-18
C002004,Alka,Sachdev,jackpant@example.com,Saharanpur,Tripura,2006-11-11,Business,2024-08-05
C002005,Sneha,Pant,lokeati@example.net,Siwan,Arunachal Pradesh,1950-05-14,Business,2026-01-10
C002006,Vivaan,Ben,avohra@example.net,Durgapur,West Bengal,1987-03-20,Premium,2024-08-16
C002007,Vrishti,Gaba,faqidpuri@example.org,Deoghar,Rajasthan,1997-12-11,Premium,2022-07-19
C002008,Faqid,Sharma,barkha98@example.org,Durgapur,Odisha,1972-09-26,Premium,2023-07-23
C002009,Vedant,Reddy,banjeet08@example.com,Alappuzha,Uttar Pradesh,1952-06-08,Business,2021-10-05
C002010,Tripti,Behl,neel43@example.com,Purnia,Andhra Pradesh,1966-08-10,Standard,2025-10-12
C002011,Reva,Sandal,manya85@example.net,Mahbubnagar,Sikkim,1972-02-08,Premium,2024-11-11
C002012,Gayathri,Mandal,kalapalan@example.com,Bhatpara,Maharashtra,1998-12-30,Premium,2022-01-08
C002013,Watika,Tiwari,jhalak43@example.com,Ghaziabad,Odisha,1966-05-26,Business,2022-12-10
C002014,Maanas,Gera,wazir82@example.com,Bhiwani,Maharashtra,1955-04-07,Premium,2025-10-27
C002015,Osha,Amble,rbandi@example.org,Eluru,Mizoram,1977-04-16,Business,2026-03-10
C002016,Leena,Thakur,nsane@example.net,Mahbubnagar,Mizoram,1977-12-08,Business,2025-03-10
C002017,Laban,Mahajan,gaurikahari@example.com,Suryapet,Punjab,2005-08-13,Business,2022-09-06
C002018,Gaurangi,Dasgupta,avi17@example.org,Ballia,Gujarat,2003-07-27,Premium,2022-12-18
C002019,Anamika,Rao,bahadurjitghose@example.com,Ahmednagar,Madhya Pradesh,1968-04-08,Standard,2025-11-16
C002020,Dhriti,Thakkar,zbhat@example.org,Baranagar,Punjab,1951-04-29,Business,2026-04-16
C002021,Akshay,Mohanty,mjaggi@example.com,Kottayam,Karnataka,1973-08-29,premium,2025-03-16
C002022,Irya,Varty,ridhimerchant@example.com,Singrauli,Arunachal Pradesh,1973-03-20,Business,2026-04-22
C002023,Forum,Parikh,hredhaanchadha@example.com,Avadi,Uttarakhand,1963-07-31,Standard,2026-03-22
C002024,Anthony,Mandal,jeet50@example.net,Ahmednagar,Haryana,1995-04-15,Standard,2022-02-18
C002025,Reva,Karnik,rthaman@example.org,Dindigul,Andhra Pradesh,2005-02-14,Premium,2022-12-29
C002026,Damyanti,Nori,zmahajan@example.net,Varanasi,Uttarakhand,2006-03-25,Premium,2025-05-13
C002027,Dev,Rajan,lohit60@example.com,Kirari Suleman Nagar,Nagaland,1977-09-03,Business,2023-05-06
C002028,Arunima,Lalla,falguni29@example.com,Hospet,Madhya Pradesh,1946-01-01,Business,2026-05-05
C002029,Saanvi,Patil,pranit55@example.org,Tiruvottiyur,Sikkim,1990-07-24,Standard,2021-08-14
C002030,Ucchal,Handa,yashasviagarwal@example.org,Sagar,Karnataka,1970-12-14,Business,2022-04-27
C002031,Nandini,Gala,suriveda@example.org,Cuttack,Sikkim,1994-05-03,Business,2026-03-13
C002032,Ishita,Karan,khalsaekaja@example.net,Phusro,Punjab,1990-02-08,Business,2022-11-16
C002033,Idika,Tailor,zachariahlopa@example.net,Loni,Maharashtra,1966-08-18,Standard,2022-09-13
C002034,Nirja,Peri,bhattitripti@example.com,Moradabad,Manipur,1992-12-07,Business,2023-12-09
C002035,Adya,Modi,padmanabhanrachana@example.org,Muzaffarnagar,Uttarakhand,1954-02-05,Standard,2026-03-25
C002036,Naksh,Rege,abduldugal@example.org,Jabalpur,Arunachal Pradesh,1981-03-27,Standard,2025-03-17
C002037,Geetika,Buch,chanakya02@example.net,Jamalpur,Madhya Pradesh,1976-09-24,Standard,2024-06-25
C002038,Hemang,Nazareth,srinivasparth@example.org,Kakinada,Assam,1965-02-28,Standard,2021-10-21
C002039,Vedant,Kamdar,chasmum26@example.net,Guntakal,Mizoram,1972-08-22,Premium,2021-08-23
C002040,Isha,Krishna,nikita61@example.net,Panvel,Himachal Pradesh,2001-11-22,Premium,2025-02-05
C002041,Umang,More,tmerchant@example.net,Pudukkottai,Gujarat,1949-05-07,Business,2026-04-04
C002042,Fiyaz,Vohra,geetikapradhan@example.org,Bahraich,Tamil Nadu,1950-04-28,Business,2025-02-19
C002043,Manan,Nori,kabir61@example.net,Hindupur,Nagaland,1961-05-26,Premium,2025-01-08
C002044,Ojas,Chanda,shankerosha@example.org,Dehri,Assam,2000-12-27,Premium,2025-08-08
C002045,Joshua,Arya,dewanzarna@example.net,Khammam,Mizoram,1978-06-28,Premium,2022-01-06
C002046,Jagat,Narain,anay10@example.net,Moradabad,Manipur,1964-10-12,Premium,2022-02-26
C002047,Dalaja,Rege,samuelsibal@example.com,Unnao,Chhattisgarh,1968-03-25,Premium,2024-02-22
C002048,Kalpit,Saxena,jack23@example.org,Aurangabad,Rajasthan,1946-03-21,Premium,2022-03-07
C002049,Bhavani,Walia,hkhurana@example.org,Madanapalle,Himachal Pradesh,2002-11-23,Business,2023-08-26
C002050,Abha,Grover,orinder32@example.com,Moradabad,Himachal Pradesh,1964-12-27,Business,2022-08-23
C002051,Aayush,Sant,deyandrew@example.net,Ambattur,Kerala,1982-11-15,Business,2022-05-26
C002052,Janaki,Bains,opradhan@example.net,Bhilai,Manipur,1980-04-21,Standard,2023-11-22
C002053,Udyati,Bali,cbalan@example.com,Gangtok,Assam,1983-01-09,Business,2022-04-14
C002054,Fitan,Mitra,asarma@example.com,Bihar Sharif,Jharkhand,1985-05-27,Business,2021-12-28
C002055,Vyanjana,Kapur,sandhuethan@example.org,Muzaffarnagar,Chhattisgarh,1977-03-09,Business,2023-09-30
C002056,Varenya,Kade,ikbalkapur@example.org,Haldia,Himachal Pradesh,1954-07-02,Business,2021-10-16
C002057,Baljiwan,Kalita,shankerbanjeet@example.org,Bhilwara,Uttar Pradesh,1949-09-05,Business,2023-12-14
C002058,Faqid,Shankar,mandojas@example.com,Shimla,Tamil Nadu,1982-11-18,Premium,2026-08-02
C002059,Irya,Singh,ekantapradhan@example.org,Anand,Kerala,1996-04-20,Premium,2024-02-03
C002060,Diya,Pandit,aarna66@example.org,Bareilly,Nagaland,1980-12-20,Premium,2025-12-15
C002061,Ekapad,Handa,ragrawal@example.net,Varanasi,Bihar,1963-09-20,Business,2023-09-23
C002062,Avi,Chopra,rkalla@example.net,Kamarhati,Mizoram,1971-04-10,Premium,2026-06-03
C002063,Jasmit,Chander,jsandal@example.org,Chinsurah,Assam,1978-11-15,Business,2023-11-25
C002064,Elijah,Nanda,banjeetloyal@example.com,Jamshedpur,Rajasthan,1998-08-13,Standard,2024-04-05
C002065,Netra,Ganguly,wpandit@example.org,Hubli–Dharwad,Uttar Pradesh,2006-01-04,Business,2023-01-06
C002066,Balhaar,Nanda,rudra22@example.com,Ulhasnagar,Haryana,1982-08-06,Standard,2026-01-06
C002067,Hredhaan,Ramesh,anthonydubey@example.net,Haldia,Kerala,1974-06-30,Premium,2024-09-22
C002068,Daksha,Keer,pmitra@example.org,Kavali,Uttarakhand,1953-05-10,Business,2023-08-15
C002069,Aarna,Khalsa,chaitaly30@example.org,Bhimavaram,Uttarakhand,1991-05-20,Standard,2025-02-04
C002070,Idika,Natarajan,aadhyadar@example.net,Mahbubnagar,Nagaland,1967-11-03,Premium,2022-12-04
C002071,Ekansh,Jha,gandra@example.net,Bikaner,Goa,1977-07-17,Business,2024-09-18
C002072,Chaitaly,Dey,dipta72@example.org,Sonipat,Bihar,1973-10-16,Premium,2025-09-26
C002073,Balendra,Morar,siddharthkrishnamurthy@example.com,Secunderabad,West Bengal,2001-09-04,Standard,2025-07-04
C002074,Ekaja,Dugal,calebdoshi@example.net,Gandhinagar,Odisha,1963-03-07,Business,2025-10-25
C002075,Damyanti,Chadha,parikhbhavya@example.com,Loni,Telangana,1997-12-29,Business,2026-01-23
C002076,Radha,Banerjee,gabacharles@example.net,Tiruchirappalli,Tamil Nadu,1964-10-20,Standard,2024-12-26
C002077,Rehaan,Bawa,fkade@example.net,Meerut,Meghalaya,1976-08-06,Standard,2025-03-18
C002078,Jacob,Jhaveri,aarush89@example.net,Bilaspur,Manipur,2000-01-20,Business,2025-07-31
C002079,Jhalak,Bose,veer90@example.com,Bhagalpur,Odisha,1976-01-11,Premium,2022-02-21
C002080,Wahab,Borra,arunima19@example.com,Aizawl,Arunachal Pradesh,1983-04-06,Business,2024-10-23
C002081,Anirudh,More,srinivasrobert@example.org,Vasai-Virar,Nagaland,1974-11-22,Premium,2023-03-19
C002082,Maanav,Thaker,jsaini@example.org,Bhubaneswar,Gujarat,1952-10-19,Premium,2021-09-03
C002083,Urmi,D’Alia,senvrinda@example.org,Bareilly,Arunachal Pradesh,1988-05-02,Business,2025-06-28
C002084,Indali,Apte,umang85@example.net,Nagaon,Bihar,1974-08-06,Premium,2023-12-20
C002085,Chasmum,Dasgupta,seshadriishani@example.org,Ambala,Tamil Nadu,1983-08-13,Premium,2025-10-05
C002086,Pratyush,Choudhry,rachanadeo@example.org,Tirupati,West Bengal,1964-07-13,Business,2022-05-15
C002087,Janaki,Biswas,wkaur@example.org,Pune,Tamil Nadu,1970-06-08,Standard,2025-09-29
C002088,Chakradhar,Mahal,swamyhredhaan@example.net,Raichur,Telangana,1997-02-07,Premium,2024-02-07
C002089,Advika,Chaudhary,bordevrishti@example.com,Gaya,Telangana,1977-03-06,Standard,2025-02-07
C002090,Theodore,Jha,qlalla@example.net,Nadiad,Sikkim,2003-01-01,Business,2023-12-18
C002091,Rachita,Ghose,shethvasana@example.net,Ujjain,Tamil Nadu,1959-04-16,Business,2023-05-02
C002092,Inaya,Banerjee,ramanathanishwar@example.org,Muzaffarnagar,Assam,1983-04-08,Business,2024-10-02
C002093,Neelima,Borah,netravarkey@example.com,Jaunpur,Uttarakhand,1990-01-28,Premium,2023-05-25
C002094,Falan,Parmar,vasaisaiah@example.org,Medininagar,Haryana,2005-11-03,Business,2024-01-17
C002095,Naksh,Sengupta,ckonda@example.com,Tirupati,Sikkim,1960-10-19,Premium,2022-08-18
C002096,Gauri,Sachdev,abeermane@example.com,Shivpuri,Jharkhand,1973-07-30,Premium,2025-02-24
C002097,Pooja,Padmanabhan,ipai@example.net,Jalgaon,Assam,1986-08-14,Business,2023-01-12
C002098,Krishna,Comar,handamason@example.com,Belgaum,Meghalaya,1963-10-01,Standard,2026-04-04
C002099,Ekapad,Krishnamurthy,tandonvarsha@example.net,Agartala,Uttar Pradesh,1980-09-19,Business,2026-01-13
C002100,Tarak,Goyal,doctorchaitaly@example.net,Kavali,Uttarakhand,2002-11-24,Business,2023-11-13
C002101,Diya,Barman,sethibhavini@example.org,Bijapur,Andhra Pradesh,1996-06-04,Business,2022-08-06
C002102,Leela,Desai,pingleniharika@example.com,Gaya,Bihar,1949-04-24,Premium,2023-06-23
C002103,Simon,Ranganathan,parekhleela@example.com,Bongaigaon,Telangana,1959-03-31,Premium,2025-08-15
C002104,Chandresh,Rajan,krishna68@example.net,Haridwar,Madhya Pradesh,1983-09-11,Business,2024-08-29
C002105,Aishani,Yogi,ibadal@example.org,Mehsana,Tripura,1986-11-28,Premium,2023-10-20
C002106,Balendra,Chaudhari,wableikbal@example.com,Jammu,Punjab,1976-01-22,Premium,2024-04-22
C002107,Dayamai,Balasubramanian,ishanviborde@example.com,Navi Mumbai,Jharkhand,2004-05-07,Standard,2023-03-26
C002108,Ansh,Chander,xkala@example.net,Jalna,Punjab,1991-04-25,Business,2023-01-07
C002109,Janya,Parikh,oni36@example.com,Dharmavaram,Tripura,1968-08-04,Business,2021-11-25
C002110,Lavanya,Ben,jack58@example.com,Phagwara,Mizoram,1985-04-17,Business,2025-11-09
C002111,Mitesh,Raghavan,sedwin@example.com,Gurgaon,Assam,1988-09-16,Premium,2023-04-20
C002112,Kamya,Chadha,ati52@example.com,Kollam,Uttarakhand,1962-05-22,Standard,2022-02-24
C002113,Ekaraj,Lanka,krishnamurthyqadim@example.net,Katni,Odisha,1974-02-12,Business,2023-05-24
C002114,Warinder,Misra,cvohra@example.org,Raichur,Odisha,1982-02-09,Business,2023-11-21
C002115,Nimrat,Edwin,qvohra@example.com,Jabalpur,Maharashtra,1947-09-06,Premium,2022-03-14
C002116,Yashvi,Chaudry,luke01@example.org,Sonipat,Madhya Pradesh,1961-10-11,Business,2026-07-16
C002117,Hemang,Pant,nishajohal@example.net,Maheshtala,Chhattisgarh,1979-08-10,Business,2025-03-30
C002118,Hemang,Agate,nathgagan@example.com,Raipur,Uttarakhand,2000-10-02,Standard,2026-06-02
C002119,Chakradev,Ravel,sridharchasmum@example.com,Motihari,Sikkim,1994-01-01,Premium,2023-09-09
C002120,Urvi,Das,charannarayanan@example.net,Panchkula,Haryana,1983-05-07,Business,2021-12-09
C002121,Lakshmi,Trivedi,georgepingle@example.net,Nashik,Chhattisgarh,1947-05-26,Premium,2025-09-16
C002122,Hemang,Karan,yauvani70@example.net,Gurgaon,Rajasthan,1996-10-15,Premium,2022-03-13
C002123,Anika,Brar,triya92@example.net,Tezpur,Manipur,1986-07-31,Premium,2025-08-19
C002124,Zayan,Bahl,dhruvtrivedi@example.org,Jamshedpur,Punjab,1963-11-25,Business,2023-07-23
C002125,Bhanumati,Narasimhan,lboase@example.net,Warangal,Odisha,2006-09-12,Premium,2026-07-26
C002126,Aishani,Brar,vansha26@example.net,Agra,Telangana,1949-06-18,Standard,2023-09-15
C002127,Zaid,Khalsa,yashviiyengar@example.com,Ujjain,Punjab,1960-11-25,Standard,2023-01-13
C002128,Onveer,Gade,koommen@example.org,Surendranagar Dudhrej,Tamil Nadu,2002-04-15,Business,2025-12-30
C002129,Dayita,Pingle,jagvipingle@example.com,Raebareli,Assam,1961-01-06,Premium,2022-11-20
C002130,Damini,Datta,jairajoak@example.org,Chennai,Meghalaya,1959-02-12,Business,2026-02-28
C002131,Lekha,Anand,darpan24@example.com,Orai,Andhra Pradesh,1983-10-26,Standard,2026-06-12
C002132,Abhiram,Sama,tanveerchandran@example.org,Bellary,Meghalaya,1949-06-12,Business,2023-09-30
C002133,Sanya,Manne,golebimala@example.org,Raurkela Industrial Township,Haryana,1977-05-14,Premium,2023-11-06
C002134,Noah,Sura,omishagopal@example.net,Kirari Suleman Nagar,Punjab,1950-10-05,Business,2021-11-19
C002135,Chaaya,Vasa,cheemakritika@example.net,Hajipur,Sikkim,1977-07-26,Standard,2022-02-05
C002136,Krishna,Gade,lokedevika@example.org,Tirupati,Madhya Pradesh,1971-09-23,Standard,2024-01-03
C002137,Jagvi,Menon,adwetasahota@example.net,Srikakulam,Assam,1956-06-10,Premium,2023-01-22
C002138,Siya,Sibal,blad@example.org,Nashik,Karnataka,1999-08-27,Standard,2024-03-16
C002139,Chatura,Verma,dsundaram@example.com,Mysore,Telangana,1986-08-01,Standard,2023-01-19
C002140,Vasudha,Sarraf,latasai@example.net,Jammu,Goa,1987-03-21,Business,2024-11-25
C002141,Teerth,Ghose,asandhu@example.net,Vasai-Virar,Manipur,1976-01-31,Standard,2021-12-10
C002142,Kashvi,Peri,thomaschanda@example.com,Udaipur,Uttar Pradesh,1965-11-01,Business,2023-04-11
C002143,Utkarsh,Dey,tarakbal@example.org,Ahmedabad,Mizoram,1962-05-25,Business,2026-03-11
C002144,Gagan,Ramachandran,bimalabawa@example.org,Agra,Uttar Pradesh,2004-03-25,Business,2023-12-16
C002145,Leela,Behl,sethiyashawini@example.org,Malda,Punjab,1986-01-28,Premium,2022-04-17
C002146,Divya,Merchant,charita87@example.org,Hubli–Dharwad,Gujarat,1990-11-22,Standard,2023-07-20
C002147,Ekaja,Ratti,agastyasura@example.com,Guntakal,Sikkim,2003-09-15,Business,2025-12-17
C002148,Thomas,Maharaj,singhalnimrat@example.net,Rohtak,Arunachal Pradesh,2006-08-07,Business,2021-09-29
C002149,Vasatika,Dhar,aadi38@example.net,Firozabad,Rajasthan,1996-11-01,Business,2022-11-06
C002150,Rajata,Sami,victorbobal@example.net,Eluru,West Bengal,1961-09-08,Standard,2022-11-14
C002151,Mohammed,Karan,uluthra@example.net,Kochi,Haryana,1975-01-05,Standard,2024-04-26
C002152,Raagini,Gulati,gpandit@example.org,Narasaraopet,Sikkim,1949-07-08,Standard,2022-12-25
C002153,Nikita,Chandran,naveennigam@example.com,Ramgarh,Meghalaya,1995-09-06,Standard,2022-04-09
C002154,Eesha,Chauhan,aishani43@example.com,Mangalore,Assam,1962-07-15,Business,2023-03-16
C002155,Ati,Palla,dugarsanaya@example.net,Bhopal,Kerala,1981-04-10,Standard,2024-02-21
C002156,Yasti,Sanghvi,kcheema@example.net,Tadipatri,West Bengal,1979-02-26,Business,2022-10-07
C002157,Kabir,Mallick,dewanekaraj@example.org,Jamnagar,Telangana,1965-06-20,Business,2023-05-10
C002158,Rachit,Baria,harshlata@example.com,Mango,Andhra Pradesh,1968-08-04,Premium,2025-03-28
C002159,Jason,Thaman,baliaadi@example.org,Saharanpur,Meghalaya,1972-04-13,Premium,2024-08-25
C002160,Meera,Dugar,kritika32@example.net,Jammu,Rajasthan,1959-12-04,Business,2024-12-21
C002161,Mason,Naidu,cbansal@example.org,Raipur,Sikkim,2002-12-27,Premium,2023-09-30
C002162,Oni,Dugal,ighose@example.net,Junagadh,Nagaland,1954-06-16,Standard,2021-09-28
C002163,Indrajit,Seshadri,omajabala@example.com,Secunderabad,Madhya Pradesh,1951-03-11,Business,2022-09-16
C002164,Gaurang,Saxena,flall@example.com,Tiruvottiyur,Madhya Pradesh,1957-05-14,Business,2024-12-03
C002165,Anirudh,Subramaniam,gayathri05@example.com,Nashik,Meghalaya,1957-08-27,Premium,2023-02-14
C002166,Vaishnavi,Dar,ndate@example.net,Tumkur,Chhattisgarh,1989-03-28,Business,2021-10-28
C002167,Ubika,Sawhney,lekhachhabra@example.org,Nizamabad,Goa,1970-05-01,Business,2024-12-10
C002168,Yashawini,Kalla,adeshmukh@example.com,Unnao,Odisha,1989-02-11,Premium,2024-08-12
C002169,Charles,Gala,aptenakul@example.org,Latur,Jharkhand,1981-03-23,Business,2023-12-24
C002170,Chandani,Kala,bgupta@example.net,Hazaribagh,Andhra Pradesh,1948-07-17,Premium,2023-07-20
C002171,Maanav,Date,chakrabartijagdish@example.com,Shahjahanpur,Tripura,1979-02-11,Standard,2023-07-07
C002172,Chatura,Radhakrishnan,nsuresh@example.com,Katni,Manipur,1984-03-01,Premium,2022-10-21
C002173,Raksha,Yohannan,zaid27@example.com,Hindupur,Odisha,1952-02-03,Business,2024-10-26
C002174,Neha,Nath,olal@example.net,Bhubaneswar,Rajasthan,1988-05-30,Business,2022-11-14
C002175,Anmol,Pandey,falak11@example.com,Dindigul,West Bengal,1987-11-11,Premium,2023-06-19
C002176,Upkaar,Halder,ramanhamsini@example.org,Motihari,Bihar,1998-02-19,Premium,2025-12-28
C002177,Tamanna,Reddy,dalbirdesai@example.net,Purnia,Telangana,1986-05-07,Standard,2024-03-28
C002178,Rajata,Kanda,ekajagoyal@example.com,Mathura,Madhya Pradesh,1946-05-22,Business,2023-10-01
C002179,Yochana,Kota,nagidarika@example.com,Fatehpur,West Bengal,1992-08-22,Business,2021-11-27
C002180,Geetika,Dara,ihegde@example.com,Hubli–Dharwad,Manipur,2000-10-20,Standard,2021-09-11
C002181,Advaith,Bhatia,ramanathanchandresh@example.org,Amravati,Madhya Pradesh,2004-07-08,Premium,2024-05-09
C002182,Henry,Purohit,bhandaricaleb@example.net,Dehri,Tripura,1995-07-18,Standard,2024-08-18
C002183,Hredhaan,Dar,jackdara@example.org,Agra,Manipur,1976-07-26,Standard,2021-12-15
C002184,Aachal,Sundaram,raghav30@example.com,Chennai,Sikkim,1949-06-17,Standard,2024-05-21
C002185,Dakshesh,Dhawan,otiwari@example.org,Aizawl,Uttarakhand,1983-05-14,Premium,2025-10-25
C002186,Vaishnavi,Sur,ati00@example.net,Berhampore,Karnataka,2003-02-12,Premium,2023-07-20
C002187,Tanvi,Keer,kataqarin@example.net,Gandhinagar,Uttar Pradesh,1950-01-16,Premium,2025-04-26
C002188,Chameli,Dhaliwal,walichavvi@example.org,New Delhi,Rajasthan,1982-01-01,Premium,2026-07-05
C002189,Pranit,Mammen,nsarma@example.com,Bhubaneswar,Kerala,1992-09-07,Premium,2024-01-04
C002190,Theodore,Puri,christophermannan@example.com,Tiruvottiyur,Punjab,1954-04-22,Business,2025-10-19
C002191,Xalak,Master,saumya01@example.com,Kota,Madhya Pradesh,1955-03-07,Premium,2024-07-21
C002192,Riya,Mander,chanapavani@example.com,Agartala,Uttar Pradesh,1952-09-18,Business,2026-02-20
C002193,Ekanta,Mistry,varmaindrajit@example.org,Ongole,Bihar,2006-01-28,Business,2022-12-29
C002194,Oeshi,Bail,gdayal@example.com,Panihati,Manipur,1999-04-05,Business,2025-02-25
C002195,Aachal,Sridhar,radha87@example.org,Anand,West Bengal,1996-11-04,Standard,2022-11-13
C002196,Aahana,Hegde,murtygaurika@example.com,Jabalpur,Uttarakhand,1947-08-10,Business,2024-08-24
C002197,Bhavya,Kala,robert92@example.org,Raiganj,Mizoram,1946-05-05,Business,2022-06-13
C002198,Aadi,Pathak,pradhanjeet@example.com,Buxar,Bihar,1965-10-17,Business,2022-01-10
C002199,Adya,Sunder,maharajchaman@example.net,Jaunpur,Andhra Pradesh,2003-05-18,Premium,2024-05-24
C002200,Lavanya,Karpe,aditya46@example.net,Kozhikode,Assam,1971-09-26,Standard,2024-06-29
C002201,Yasti,Rout,basuchatresh@example.com,Anantapuram,Haryana,1977-05-13,Business,2023-04-22
C002202,Baghyawati,Chad,nehaswaminathan@example.com,Kollam,Tamil Nadu,1986-10-06,Premium,2023-08-27
C002203,Darpan,Ratta,gunbir10@example.org,Panihati,Arunachal Pradesh,1997-03-24,Standard,2024-12-14
C002204,Charvi,Joshi,bsetty@example.net,Agra,Manipur,1998-12-03,Business,2023-03-17
C002205,Indali,Venkataraman,miteshchaudhari@example.com,Tezpur,Odisha,1976-06-19,Business,2024-10-17
C002206,Devansh,Doshi,hansjyoti@example.net,Nagercoil,Tripura,1984-11-13,Premium,2026-07-07
C002207,Chaman,Patla,jyotibarad@example.org,South Dumdum,Sikkim,1985-03-14,Standard,2022-05-05
C002208,Ishani,Reddy,walladavid@example.net,Hospet,Tamil Nadu,1965-04-20,Business,2022-08-01
C002209,Arya,Malhotra,wakeetadeshmukh@example.com,Varanasi,Madhya Pradesh,1962-05-19,Standard,2024-12-01
C002210,Raksha,Kalla,varsha34@example.net,Surendranagar Dudhrej,Meghalaya,1977-05-23,Premium,2024-02-27
C002211,Ishani,Kalla,ikshita40@example.net,Nagpur,Sikkim,2002-10-31,Business,2022-01-12
C002212,Nihal,Sachar,mahajanveer@example.com,Hosur,Haryana,1982-06-08,Standard,2022-02-16
C002213,Vamakshi,Nori,sampathvedhika@example.com,Kharagpur,Assam,1974-08-12,Premium,2026-02-13
C002214,Ubika,Chauhan,yaminidas@example.net,Hosur,Sikkim,1982-08-25,Premium,2021-09-24
C002215,Omkaar,Chaudhry,kundachavvi@example.net,Dharmavaram,Chhattisgarh,1956-05-23,Premium,2024-10-01
C002216,Megha,Kumer,bakhshi62@example.net,Gandhidham,Odisha,2003-07-09,Premium,2023-01-04
C002217,Unnati,Loyal,peter66@example.com,Visakhapatnam,Manipur,1946-08-31,Business,2026-03-05
C002218,Umang,Modi,behlomkaar@example.com,Hosur,Sikkim,1970-09-15,Business,2025-05-30
C002219,Bhanumati,Dubey,ishanikapur@example.net,Tinsukia,Himachal Pradesh,1954-10-31,Standard,2023-07-20
C002220,Kashish,Pant,aarav17@example.org,Chittoor,Karnataka,1948-04-11,Standard,2025-08-03
C002221,Omaja,Chakraborty,nathaniellanka@example.net,Gandhidham,Himachal Pradesh,1979-09-03,Premium,2025-07-13
C002222,Wishi,Mohan,benjamin63@example.net,Bareilly,Maharashtra,1959-01-28,Business,2023-09-19
C002223,Lakshit,Nagar,zehaan56@example.net,Mangalore,Goa,1955-05-02,Premium,2023-07-01
C002224,Bakhshi,Aurora,yatansabharwal@example.net,Bhubaneswar,Tripura,2004-09-09,Standard,2024-02-04
C002225,Parth,Solanki,ijayabarad@example.org,Dewas,Gujarat,1967-11-27,Premium,2025-05-29
C002226,Jalsa,Dugal,dparsa@example.com,Panvel,Nagaland,1962-10-06,Standard,2026-02-19
C002227,Elijah,Chhabra,zjohal@example.net,Motihari,Gujarat,1955-10-21,Business,2025-05-10
C002228,Aarna,Kashyap,miteshmukherjee@example.com,Navi Mumbai,Odisha,1990-06-04,Standard,2024-07-23
C002229,Ridhi,Ray,muttishaurya@example.org,Surendranagar Dudhrej,Mizoram,1993-11-28,Business,2023-07-14
C002230,Lavanya,Subramaniam,yashodavenkataraman@example.com,Fatehpur,Manipur,1997-09-09,Business,2021-09-23
C002231,Chaitanya,Rao,hiralbose@example.com,Dhule,Tamil Nadu,1972-02-01,Premium,2025-03-18
C002232,Wridesh,Sarna,wmadan@example.com,Latur,Andhra Pradesh,1970-01-07,Premium,2021-09-13
C002233,Aashi,Joshi,wkamdar@example.org,Mathura,Gujarat,1957-05-09,Premium,2024-09-22
C002234,Girindra,Tailor,keyabala@example.org,Lucknow,Gujarat,1982-10-21,Business,2025-12-14
C002235,Jatin,Mutti,jatin67@example.org,Ajmer,Sikkim,1978-08-04,Business,2023-01-31
C002236,Robert,Iyengar,devika42@example.com,Nizamabad,Gujarat,1978-08-03,Standard,2025-11-23
C002237,Mahika,Deshmukh,kshukla@example.com,Munger,Punjab,2005-04-05,Business,2022-06-08
C002238,Lavanya,Borah,janujasibal@example.net,Jamshedpur,Chhattisgarh,1978-04-11,Premium,2023-10-26
C002239,Tanish,Sheth,sneha31@example.net,Hindupur,Chhattisgarh,1993-10-29,Standard,2022-12-29
C002240,Jeet,Murthy,vinayaparsa@example.net,Amravati,Himachal Pradesh,2002-03-24,Standard,2022-08-01
C002241,Jalsa,Gandhi,ooommen@example.org,Bongaigaon,Telangana,1955-03-17,Standard,2025-11-27
C002242,Gayathri,Bhardwaj,manyabalay@example.org,Sambalpur,Manipur,2006-01-18,Premium,2023-03-26
C002243,George,Narula,,Karimnagar,Uttarakhand,1957-11-20,Premium,2025-09-01
C002244,Eiravati,Majumdar,iprabhakar@example.com,Ambattur,Goa,1968-02-25,Premium,2022-03-08
C002245,Yatin,Bains,chandarunima@example.net,Morbi,Haryana,1981-11-14,Premium,2023-03-05
C002246,Daniel,Sura,sulewishi@example.net,Imphal,Meghalaya,1968-05-20,Standard,2021-12-31
C002247,Eiravati,Bhargava,nagiyamini@example.org,Narasaraopet,Karnataka,1962-08-28,Standard,2023-01-06
C002248,Saumya,Khare,shravya77@example.com,Srinagar,Arunachal Pradesh,1953-10-11,Standard,2024-07-19
C002249,Gaurang,Sangha,vrishti47@example.org,Jhansi,Uttarakhand,1960-03-30,Premium,2023-01-23
C002250,Krisha,Venkatesh,michael04@example.com,Khammam,Karnataka,1966-11-07,premium,2021-09-29
C002251,Lipika,Choudhary,ekarajnath@example.org,Bhagalpur,Goa,1948-08-19,Business,2026-01-06
C002252,Anthony,Bhagat,keeraarav@example.net,Ahmednagar,Maharashtra,1975-02-26,Standard,2022-05-21
C002253,Rudra,Tailor,sundaramupma@example.net,Durgapur,Goa,1963-05-09,Premium,2024-12-16
C002254,Lucky,Date,atiguha@example.org,Anand,Assam,1968-12-02,Standard,2025-09-17
C002255,Chatura,Sathe,owensunder@example.org,Firozabad,Sikkim,1975-11-01,Standard,2021-09-11
C002256,Jalsa,Karan,oramakrishnan@example.com,Rajkot,Uttarakhand,2002-06-14,Premium,2024-02-04
C002257,Frederick,Gaba,triveni77@example.org,Yamunanagar,Tripura,1987-12-03,Premium,2022-01-03
C002258,Manthan,Kari,esami@example.net,Ghaziabad,Jharkhand,1978-10-14,Standard,2023-12-31
C002259,Lipika,Narula,nathaniel38@example.com,Uluberia,Chhattisgarh,1974-08-10,Standard,2026-06-01
C002260,Jalsa,Lata,xavierrege@example.com,Gudivada,Sikkim,1995-07-10,Standard,2026-01-04
C002261,Veda,Sridhar,zrege@example.com,Amritsar,Kerala,1956-06-11,Standard,2024-06-23
C002262,Ayush,Chahal,waida41@example.com,Danapur,Odisha,1986-08-18,Business,2023-02-25
C002263,Garima,Bhalla,okrishna@example.com,Bhimavaram,Andhra Pradesh,1964-10-12,Standard,2023-10-02
C002264,Gaurav,Krishna,hsubramaniam@example.org,Jaunpur,Tamil Nadu,1961-07-15,Standard,2021-10-13
C002265,Nandini,Thakur,boracharita@example.com,Unnao,Odisha,1963-01-23,Premium,2026-04-21
C002266,Eesha,Karan,sai86@example.com,Purnia,Nagaland,1997-08-21,Business,2021-09-07
C002267,Bishakha,Reddy,gravel@example.org,Ratlam,Uttarakhand,1989-12-10,Business,2024-04-07
C002268,Jackson,Mani,jdhawan@example.org,Karaikudi,Nagaland,1957-12-16,Premium,2024-06-22
C002269,Vasudha,Shanker,gopalzayyan@example.net,Latur,Punjab,1963-10-17,Standard,2024-10-14
C002270,Fitan,Kant,eeshachandran@example.org,Khandwa,Maharashtra,1977-01-06,Business,2021-09-21
C002271,Nathaniel,Guha,mitraabeer@example.org,Bhusawal,Gujarat,1992-08-22,Premium,2023-06-15
C002272,Vaishnavi,Kapadia,yboase@example.net,Yamunanagar,Punjab,2006-10-14,Standard,2022-04-16
C002273,Amol,Chana,doshibarkha@example.org,Guntur,Jharkhand,1984-07-11,Premium,2024-12-30
C002274,Fariq,Halder,rajaupasna@example.net,Jaipur,Nagaland,1976-02-04,Standard,2026-04-12
C002275,Divya,Sampath,dewanranveer@example.org,Khandwa,Nagaland,1999-11-21,Business,2023-03-06
C002276,Hemal,Borra,ramanathanradhika@example.com,Guntakal,Haryana,1989-06-19,Premium,2023-08-07
C002277,Ansh,Shetty,balvanbhat@example.net,Singrauli,Nagaland,2004-03-01,Premium,2023-02-13
C002278,Yoshita,Pai,chackosai@example.org,Saharsa,Gujarat,1992-10-14,Standard,2022-12-14
C002279,Abha,Sanghvi,deepethan@example.org,Muzaffarpur,Sikkim,1992-04-16,Standard,2024-10-14
C002280,Qadim,Jayaraman,ijaya32@example.com,Munger,Telangana,1950-03-04,Standard,2025-01-10
C002281,Fitan,Chhabra,calebchopra@example.net,Khora ,Uttarakhand,1996-12-26,Standard,2025-01-03
C002282,Aditya,Kara,kumaranay@example.com,Nashik,Uttar Pradesh,1959-11-02,Premium,2026-03-22
C002283,Panini,Andra,zagate@example.org,Srikakulam,Uttarakhand,1950-01-20,Standard,2023-02-17
C002284,Chakrika,Roy,varenya19@example.net,Guna,Odisha,1986-04-02,Standard,2025-08-22
C002285,Azaan,Sharaf,ronith28@example.net,Deoghar,Manipur,1946-02-09,Standard,2022-09-27
C002286,Pavani,Natarajan,miteshtrivedi@example.net,Ballia,Arunachal Pradesh,1969-04-10,Premium,2026-02-26
C002287,Anya,Bose,girish66@example.org,Fatehpur,Punjab,1994-06-20,Premium,2024-08-22
C002288,Rohan,Chand,anandjalsa@example.net,Thrissur,Nagaland,1946-01-18,Standard,2025-09-21
C002289,Dakshesh,Doshi,virajmuni@example.org,Jodhpur,Tamil Nadu,1983-05-14,Business,2025-05-13
C002290,Owen,Chakrabarti,vedant55@example.org,Belgaum,Gujarat,1968-08-22,Premium,2024-03-24
C002291,Dev,Rattan,kevin66@example.net,Ulhasnagar,Maharashtra,1964-01-02,Standard,2026-03-29
C002292,Hemal,Pandya,bhavikaiyengar@example.org,Sri Ganganagar,Andhra Pradesh,2007-06-25,Standard,2026-04-03
C002293,Faris,Gupta,skaur@example.org,Amroha,Kerala,1991-10-02,Business,2025-10-15
C002294,Charvi,Ratta,dyogi@example.org,Dindigul,Uttar Pradesh,2000-08-03,Premium,2026-03-15
C002295,Yahvi,Dayal,narayanshivansh@example.net,Phagwara,Meghalaya,1998-03-11,Premium,2024-09-11
C002296,Yachana,Radhakrishnan,udarshbala@example.com,Bhiwandi,Chhattisgarh,1947-10-09,Premium,2021-10-23
C002297,Nitesh,Wadhwa,shauryakashyap@example.org,Gulbarga,Kerala,1988-01-12,Premium,2026-05-11
C002298,Watika,Naik,graman@example.org,Jaipur,Assam,1995-07-17,Business,2021-11-06
C002299,Samar,Rajan,nakul71@example.org,Gwalior,Telangana,1963-01-22,Business,2023-01-06
C002300,Omaja,Om,narulaanita@example.net,Kota,Madhya Pradesh,1998-10-13,Business,2025-09-19
C002301,Ishaan,Sankar,yohannanharini@example.org,Jammu,Bihar,1970-07-03,Premium,2023-11-05
C002302,Liam,Wable,kurianadvika@example.com,Tumkur,West Bengal,1986-08-25,Standard,2023-08-29
C002303,Odika,Chhabra,htaneja@example.org,Raiganj,Mizoram,2001-06-03,Premium,2026-03-12
C002304,Sathvik,Randhawa,advaynazareth@example.org,Deoghar,Tripura,2002-01-13,Premium,2022-05-07
C002305,Pahal,Jha,pavani16@example.net,New Delhi,Gujarat,1971-12-21,premium,2022-12-31
C002306,Chandran,Saini,abhimanyusahni@example.org,Phusro,Uttarakhand,1960-11-09,Standard,2022-07-07
C002307,David,Mandal,forum30@example.org,Satara,Uttarakhand,1998-01-05,Premium,2023-03-29
C002308,Udarsh,Johal,chavvi97@example.net,Kadapa,Andhra Pradesh,1959-12-21,Standard,2022-03-11
C002309,Baghyawati,Peri,kakarforum@example.com,Kota,Sikkim,1973-02-16,Business,2022-12-30
C002310,Omaja,Pant,warhiluthra@example.org,Tadepalligudem,Odisha,1978-06-08,Standard,2023-07-17
C002311,Rajata,Sahota,yashasvi89@example.com,Bangalore,Goa,2001-02-11,Business,2022-11-28
C002312,Akshay,Mody,iyengarsamaksh@example.net,Rampur,Manipur,1954-06-17,Business,2024-01-05
C002313,Bhavika,Pal,naksh67@example.com,Sultan Pur Majra,Sikkim,1959-04-24,Standard,2025-06-21
C002314,Vasana,Oza,balakrishnanomaja@example.com,Khammam,Punjab,1969-10-07,Standard,2024-11-21
C002315,Yauvani,Andra,ikbal61@example.com,Uluberia,Maharashtra,2002-06-01,Business,2025-06-09
C002316,Dev,Batta,adyalal@example.org,Khandwa,Haryana,2001-01-15,Standard,2025-10-08
C002317,Hitesh,Savant,daliadivya@example.net,Saharanpur,Arunachal Pradesh,2005-12-30,Standard,2021-09-01
C002318,Eshana,Shukla,fnadig@example.org,Kanpur,Kerala,1982-07-11,Premium,2025-03-10
C002319,Quincy,Lala,boak@example.org,Bidhannagar,Uttarakhand,1966-01-23,Standard,2026-06-06
C002320,Hamsini,Mahal,nathavni@example.net,Miryalaguda,Karnataka,2005-05-24,Business,2023-10-28
C002321,Gopal,Ramachandran,brahmbhattchatresh@example.net,Kharagpur,Madhya Pradesh,2007-07-28,Premium,2025-10-09
C002322,Dhriti,Char,david14@example.com,Sangli-Miraj & Kupwad,Mizoram,2001-10-06,Business,2023-02-27
C002323,Gaurav,Chana,lakshmidara@example.net,Shimla,Jharkhand,2006-11-20,Standard,2025-11-20
C002324,Warda,Mahal,advik54@example.org,North Dumdum,Telangana,1950-07-07,Standard,2025-03-11
C002325,Kashvi,Devan,katadhriti@example.net,Akola,Sikkim,1974-01-29,Standard,2025-03-17
C002326,Janani,Chokshi,enagi@example.org,Aligarh,Sikkim,2002-05-28,Standard,2025-04-01
C002327,Isha,Ratta,oninatarajan@example.net,Munger,Chhattisgarh,1984-07-26,Standard,2025-04-09
C002328,Yoshita,Jani,zaitrawali@example.net,Firozabad,Odisha,1983-08-31,Premium,2022-03-18
C002329,Ethan,Dugar,rmistry@example.net,Bhimavaram,Assam,1978-11-14,Business,2022-01-21
C002330,Bhavini,Nori,sbumb@example.org,Meerut,Jharkhand,1963-11-16,Business,2023-02-11
C002331,Isha,Narasimhan,sbalasubramanian@example.org,Ghaziabad,Arunachal Pradesh,1975-02-28,Business,2023-04-04
C002332,Kamala,Lanka,neelima19@example.org,Gandhinagar,West Bengal,2007-03-31,Standard,2024-09-12
C002333,Mitali,Dayal,halderodika@example.net,Jorhat,West Bengal,1987-07-20,Premium,2025-08-25
C002334,Tanish,Chokshi,kwalia@example.net,Ajmer,Goa,1953-10-15,Standard,2024-10-04
C002335,Kashvi,Sodhi,radhikavyas@example.net,Kochi,Haryana,1954-10-25,Premium,2022-08-15
C002336,Aryan,Shenoy,iyermugdha@example.org,Rampur,Kerala,1973-08-21,Premium,2022-06-20
C002337,Charita,Kunda,ukohli@example.com,Malegaon,Mizoram,1989-12-30,Standard,2023-04-17
C002338,Qasim,Jha,krishswamy@example.org,Mahbubnagar,Kerala,1952-05-23,Business,2021-12-30
C002339,Sathvik,Sharaf,esami@example.com,Tinsukia,Uttar Pradesh,2006-12-23,Standard,2022-09-16
C002340,Triveni,Nadig,chanchal28@example.org,Ujjain,Kerala,1984-02-17,Business,2026-03-27
C002341,Hema,Narasimhan,jsridhar@example.com,Kolhapur,Bihar,1974-03-24,Premium,2023-07-11
C002342,Eesha,Rau,merchantleela@example.com,North Dumdum,Bihar,1985-01-10,Premium,2023-08-09
C002343,Ira,Tella,theodore23@example.net,Visakhapatnam,Goa,1991-07-27,Business,2022-01-18
C002344,Upadhriti,Ganguly,keeroeshi@example.net,Sultan Pur Majra,Meghalaya,2002-12-05,Standard,2025-09-01
C002345,Om,Peri,odar@example.org,Bilaspur,Sikkim,1990-11-01,Standard,2025-10-14
C002346,Tripti,Pingle,aarnaram@example.com,Thrissur,Sikkim,1961-03-15,Business,2021-10-08
C002347,Jyoti,Desai,lsehgal@example.net,Vasai-Virar,Karnataka,1983-01-02,Premium,2026-03-14
C002348,Siddharth,Sangha,osaha@example.net,Maheshtala,Tamil Nadu,2005-02-12,Business,2022-01-04
C002349,Azaan,Borra,ekta27@example.org,Berhampur,Haryana,2002-09-03,Business,2025-08-03
C002350,Dipta,Lall,aurorayachana@example.net,Patna,Madhya Pradesh,1993-09-06,Business,2023-10-20
C002351,Tanmayi,Char,kashvi11@example.net,Nizamabad,Chhattisgarh,1979-08-02,Standard,2023-02-24
C002352,Darsh,Shere,ucchalsachdeva@example.org,Hapur,Himachal Pradesh,1968-01-21,Standard,2021-10-01
C002353,Prisha,Basu,nagychakradev@example.com,Kishanganj,Goa,2005-01-20,Premium,2022-04-13
C002354,Lopa,Rana,girishkadakia@example.com,Mysore,Tamil Nadu,1986-12-26,Premium,2024-09-12
C002355,Mitesh,Misra,madhavi24@example.org,Kanpur,Meghalaya,2000-11-03,Premium,2024-01-10
C002356,Oeshi,Rao,etata@example.org,Jehanabad,Maharashtra,1956-08-10,Standard,2022-12-07
C002357,Arin,Aurora,girishbahl@example.net,Hubli–Dharwad,Odisha,1974-12-13,Standard,2026-05-15
C002358,Yahvi,Gill,chandranyashoda@example.org,Phagwara,Uttar Pradesh,1961-02-20,Business,2025-08-08
C002359,Timothy,Rau,isaac16@example.net,Phagwara,Jharkhand,1954-03-25,Business,2024-02-24
C002360,Samuel,Ganesh,memonradha@example.net,Secunderabad,Himachal Pradesh,1986-01-12,Premium,2022-06-25
C002361,Ranbir,Mann,niharika52@example.org,Chandigarh,Meghalaya,2006-02-27,Standard,2024-12-22
C002362,Orinder,Zacharia,chaitalythaman@example.com,Rohtak,Rajasthan,2008-04-25,Premium,2021-09-01
C002363,Nandini,Dani,eta62@example.com,Agra,Bihar,1983-07-03,Standard,2024-07-25
C002364,Lavanya,Balakrishnan,onveerbose@example.org,Ichalkaranji,Meghalaya,1974-07-16,Standard,2024-06-16
C002365,Ranveer,Rau,prashadyashasvi@example.org,Silchar,Gujarat,1999-01-26,Premium,2025-12-03
C002366,Fitan,Barman,parmarpanini@example.com,Dewas,Goa,2004-01-05,Standard,2025-03-21
C002367,Pratyush,Swaminathan,lohitsahni@example.org,Kamarhati,Arunachal Pradesh,1992-08-13,Premium,2024-08-23
C002368,Nandini,Walia,lopa60@example.com,Karimnagar,Madhya Pradesh,1959-06-17,Business,2022-04-11
C002369,Naksh,Bala,dalalarin@example.org,Pondicherry,Uttarakhand,2004-09-13,Premium,2024-03-10
C002370,Harish,Kakar,ndoshi@example.com,Kakinada,Bihar,2004-03-30,Standard,2021-09-17
C002371,Ekansh,Vasa,dayitasharma@example.org,Tinsukia,Sikkim,1965-06-26,Business,2022-06-27
C002372,Falguni,Dugar,chandreshbhat@example.org,Loni,Jharkhand,1994-07-26,Standard,2022-08-23
C002373,Kevin,Chandra,bakshiyamini@example.com,Bhimavaram,Andhra Pradesh,2003-11-15,Standard,2025-12-02
C002374,Qasim,Sachar,alka06@example.org,Rohtak,Haryana,1965-11-08,Business,2023-05-29
C002375,Wishi,Borah,kalaeshana@example.com,Madurai,Himachal Pradesh,2005-05-09,Business,2025-10-30
C002376,Dalaja,Varkey,nnarayan@example.net,Tadepalligudem,Gujarat,1982-05-21,Premium,2021-08-15
C002377,Kritika,Ghosh,gramesh@example.com,Rohtak,Tripura,1957-02-12,Business,2025-04-20
C002378,Zansi,Garde,radhika02@example.com,Karaikudi,Mizoram,2003-03-23,Standard,2022-06-02
C002379,Wahab,Luthra,chaudhurimahika@example.net,Salem,Jharkhand,1992-04-06,Premium,2023-12-11
C002380,Keya,Behl,damyanti86@example.net,Maheshtala,Andhra Pradesh,1951-01-07,Standard,2023-12-18
C002381,Aishani,Bali,hhanda@example.net,Bijapur,Odisha,1971-04-01,Standard,2024-12-31
C002382,Liam,Doshi,tvenkataraman@example.org,Agartala,Jharkhand,1968-09-26,Business,2021-08-25
C002383,Bishakha,Andra,dasazad@example.com,Warangal,Maharashtra,1975-08-21,Premium,2024-08-04
C002384,Unni,Sundaram,samipranav@example.net,Sambhal,Odisha,1990-01-11,Business,2025-07-04
C002385,Adya,Kaul,hayrelavanya@example.org,Belgaum,Assam,1983-04-10,Business,2022-10-08
C002386,Umang,Padmanabhan,janani04@example.net,Pondicherry,Tripura,1987-05-03,Standard,2024-05-01
C002387,Damini,Gade,tanksaumya@example.org,Ranchi,West Bengal,1998-04-10,Premium,2023-02-10
C002388,Kritika,More,radhikasuri@example.org,Chandrapur,Telangana,1968-06-24,Premium,2025-02-11
C002389,Widisha,Shenoy,vedant06@example.org,Dehri,Sikkim,1952-05-25,Business,2021-11-15
C002390,Omisha,Kala,soodzehaan@example.com,Kalyan-Dombivli,Nagaland,1987-07-13,Standard,2022-04-09
C002391,Vansha,Mand,lukeshroff@example.com,Guna,Rajasthan,1959-10-14,Premium,2022-10-04
C002392,Wridesh,Sachdeva,rbehl@example.net,Srikakulam,Punjab,1992-05-28,Business,2024-11-01
C002393,Pahal,Dhar,virajprakash@example.org,Ozhukarai,Tripura,1996-06-18,Business,2022-01-01
C002394,Janaki,Hari,sudikshamital@example.com,Udaipur,Andhra Pradesh,1989-07-17,Standard,2024-07-16
C002395,Frederick,Rege,darikadeo@example.org,Dindigul,Himachal Pradesh,2000-03-13,Premium,2025-12-23
C002396,Manan,Dhingra,ibhatia@example.org,Ichalkaranji,Uttar Pradesh,2002-10-21,Business,2024-08-07
C002397,Pahal,Memon,idubey@example.com,Alappuzha,Haryana,1972-06-24,Premium,2023-11-02
C002398,Tanay,Deshmukh,aashi96@example.org,Pali,Goa,1984-04-01,Business,2026-01-29
C002399,Om,Anand,kaimadan@example.com,Kakinada,Chhattisgarh,1957-03-05,Premium,2026-01-27
C002400,Jagat,Lanka,jsachdev@example.org,Erode,Madhya Pradesh,1993-09-18,Premium,2025-12-22
C002401,Hritik,Ben,gulatithomas@example.net,Aligarh,Madhya Pradesh,1970-07-17,Premium,2022-01-28
C002402,Pooja,Aurora,wahabahluwalia@example.net,Khora ,Arunachal Pradesh,1966-02-08,Premium,2023-03-21
C002403,Chanakya,Sura,xsankaran@example.org,Orai,Bihar,1963-04-14,Premium,2026-07-08
C002404,Hitesh,Rao,sanghvinetra@example.net,Srinagar,Meghalaya,1966-07-22,Business,2023-08-30
C002405,Brijesh,Natt,reyanshgoswami@example.org,Kurnool,Haryana,1956-09-11,Premium,2023-12-03
C002406,Dayamai,Kuruvilla,acharyatanvi@example.net,Bokaro,Sikkim,1981-08-29,Standard,2023-01-17
C002407,Isaiah,Gera,ria21@example.org,Korba,Assam,1996-04-14,Premium,2024-06-28
C002408,Harsh,Chokshi,ishwar68@example.net,Jehanabad,Punjab,1987-11-02,Premium,2023-11-21
C002409,Ranbir,Dayal,nvig@example.org,Rajahmundry,Bihar,1967-10-17,Premium,2024-06-06
C002410,Nimrat,Rastogi,memontripti@example.org,Rajahmundry,Bihar,1989-07-28,Business,2025-07-16
C002411,Manya,Murthy,cbhattacharyya@example.org,Udaipur,Jharkhand,2003-12-11,Business,2023-04-23
C002412,Abha,Ranganathan,hchhabra@example.net,Imphal,Bihar,1956-09-04,Business,2022-03-04
C002413,Yasti,Prabhu,indira92@example.com,Hazaribagh,Mizoram,1965-12-04,Business,2023-12-04
C002414,Tanmayi,Date,modyvrishti@example.org,Tiruvottiyur,Uttar Pradesh,2004-02-17,Business,2022-09-01
C002415,Reva,Mand,mitalikara@example.com,Gulbarga,Kerala,1993-09-22,Standard,2022-06-15
C002416,Sanaya,Kunda,meghana56@example.org,Kakinada,Telangana,2005-12-09,Standard,2026-04-29
C002417,Eshana,Muni,amoliyer@example.com,Tenali,Bihar,1977-07-17,Premium,2023-01-15
C002418,Triveni,Misra,echaudhary@example.net,Coimbatore,Telangana,1950-02-03,Standard,2025-05-08
C002419,Balvan,Lalla,nathaniel11@example.com,Gandhinagar,Bihar,1994-12-08,Business,2022-03-01
C002420,Aditya,Dasgupta,bhatiaonkar@example.net,Aligarh,Odisha,1981-10-30,Premium,2022-06-13
C002421,Logan,Mall,ramyasti@example.net,Hapur,Andhra Pradesh,1949-08-02,Standard,2025-11-09
C002422,Raagini,Ratta,graval@example.org,Thoothukudi,Bihar,1967-01-11,Business,2023-12-20
C002423,Nachiket,Bumb,jacksingh@example.org,Moradabad,Kerala,1991-02-01,Premium,2024-01-14
C002424,Kavya,Bal,dipta78@example.net,Malda,Bihar,1971-06-11,Business,2021-10-04
C002425,Jackson,Karan,yatan10@example.org,Kolkata,Odisha,1990-07-19,Business,2024-09-30
C002426,Gaurika,Kannan,oeshipant@example.org,Nagaon,Nagaland,2006-11-27,Business,2024-05-09
C002427,Oni,Anand,zayyan55@example.org,Aurangabad,Karnataka,1954-05-29,Business,2022-11-11
C002428,Rachit,Rout,rajagopalveda@example.org,Dibrugarh,Odisha,2007-09-17,Premium,2024-06-01
C002429,Widisha,Sathe,kapurirya@example.net,Rohtak,Assam,1998-04-03,Premium,2026-03-31
C002430,Luke,Banik,zminhas@example.com,Gwalior,Madhya Pradesh,1983-02-19,Premium,2023-10-28
C002431,Neha,Borra,hemangbhargava@example.org,Aligarh,Uttar Pradesh,1958-01-03,Premium,2023-11-01
C002432,Kabir,Sarin,sachdevaarnav@example.org,Phagwara,Telangana,1982-07-19,Standard,2022-08-09
C002433,Tara,Tata,chaitanyaseth@example.org,Ramagundam,Sikkim,2007-02-24,Business,2025-05-22
C002434,Owen,Savant,dharchakrika@example.com,Bilaspur,Haryana,1952-09-30,Business,2024-04-01
C002435,Isaiah,Pillay,anthony57@example.com,Kirari Suleman Nagar,Manipur,1987-07-07,Business,2022-06-21
C002436,Robert,Dixit,ubobal@example.com,Rajpur Sonarpur,Kerala,1956-12-06,Premium,2021-12-19
C002437,Qadim,Warrior,geranathan@example.com,Udaipur,Goa,1952-10-03,Business,2024-07-09
C002438,Chandran,Shetty,zachariahquincy@example.org,Gudivada,Tripura,1993-05-20,Business,2025-06-11
C002439,Aarna,Reddy,dnagy@example.org,Dehradun,Mizoram,1999-10-12,Business,2024-10-31
C002440,Eta,Nagar,aryachoudhury@example.com,Bhiwani,Bihar,1988-02-03,Business,2021-10-12
C002441,Saanvi,Bail,krishnanfiyaz@example.net,Hyderabad,Maharashtra,1946-04-19,Business,2022-05-17
C002442,Mekhala,Singhal,doraumang@example.org,Udupi,Himachal Pradesh,1988-07-05,Standard,2026-06-18
C002443,Samar,Sen,xalak97@example.net,Uluberia,Kerala,1981-09-20,Premium,2023-08-13
C002444,Kritika,Wali,tdeshmukh@example.com,Bhusawal,Jharkhand,1974-07-23,Business,2022-05-10
C002445,Nikita,Sura,ishanvi41@example.net,Bahraich,Chhattisgarh,1958-04-17,Business,2021-12-13
C002446,Dalbir,Bali,majumdarurmi@example.org,Gulbarga,Maharashtra,1970-05-19,Standard,2026-03-02
C002447,Niharika,Chaudhary,nazarethyatin@example.com,Sambhal,Jharkhand,1966-07-11,Premium,2026-04-02
C002448,Ishita,Bali,pahuja@example.org,Chennai,Assam,1957-01-26,Business,2022-11-10
C002449,Vasatika,Kara,bahadurjitbali@example.net,Raichur,Arunachal Pradesh,1984-03-08,Premium,2025-05-27
C002450,Frederick,Gade,banikbrinda@example.net,Patna,Madhya Pradesh,1962-12-03,Business,2023-07-02
C002451,Nidra,Vala,bhatiawarda@example.com,Ballia,Karnataka,1989-04-09,Business,2024-10-10
C002452,Pushti,Prabhakar,sdhar@example.org,Bhind,Tripura,1988-04-11,Premium,2025-11-27
C002453,Rachit,Rana,radhakrishnanwarda@example.org,Korba,Uttar Pradesh,1985-07-07,Business,2021-10-15
C002454,Nathan,Bobal,jrajagopalan@example.net,Berhampore,Telangana,1948-07-24,Standard,2025-06-17
C002455,Wazir,Dash,wabledhriti@example.net,Ambarnath,Jharkhand,1974-10-14,Premium,2024-05-21
C002456,Noah,Sandal,doctorjai@example.com,Rourkela,Sikkim,2000-01-09,Premium,2024-06-03
C002457,Ridhi,Rau,rachitabhagat@example.org,Dehradun,Karnataka,1960-12-13,Premium,2025-12-13
C002458,Jai,Upadhyay,barkha91@example.org,Gandhidham,Punjab,2001-12-20,Business,2022-01-30
C002459,Maanav,Choudhury,dharindali@example.net,Akola,Tripura,1975-07-13,Standard,2022-05-05
C002460,Dalbir,Bir,bassidiya@example.net,Gopalpur,Haryana,1946-08-10,Premium,2022-05-31
C002461,Nidhi,Rama,pallavi72@example.net,Shahjahanpur,Tamil Nadu,1977-04-12,Premium,2023-08-05
C002462,Chanakya,Pillay,barkha03@example.org,Tiruchirappalli,Goa,1979-10-13,Premium,2025-12-20
C002463,Chaaya,Kala,omaja35@example.net,Hubli–Dharwad,Andhra Pradesh,1945-08-30,Premium,2021-08-09
C002464,Yahvi,Tripathi,ranganathandaniel@example.com,Vijayanagaram,Haryana,1965-11-29,Business,2022-06-01
C002465,Hredhaan,Contractor,iryasama@example.net,Mathura,Madhya Pradesh,1962-04-11,Standard,2022-12-05
C002466,Utkarsh,Minhas,cgera@example.org,Kirari Suleman Nagar,Gujarat,1972-03-26,Business,2022-07-23
C002467,Upma,Rao,indalimukhopadhyay@example.org,Rajahmundry,Maharashtra,1996-04-11,Business,2025-02-10
C002468,Samesh,Devi,bchahal@example.com,Tiruchirappalli,West Bengal,1966-02-12,Business,2023-05-14
C002469,Ati,Krishnan,ddhaliwal@example.net,Katni,Maharashtra,1982-05-13,Premium,2022-05-05
C002470,Yatan,Chacko,rastogiubika@example.com,Srinagar,Rajasthan,1950-08-11,Standard,2026-03-12
C002471,Jyoti,Issac,puriorinder@example.com,Raipur,Sikkim,1992-04-05,Standard,2024-05-16
C002472,Ishanvi,Sampath,nbora@example.net,Haldia,Nagaland,2005-11-26,Business,2026-04-03
C002473,Balveer,Natt,tanmayi01@example.com,Ramagundam,Manipur,1980-04-09,Standard,2022-04-19
C002474,Yadavi,Kala,bishakhavasa@example.com,Bareilly,Karnataka,1967-08-07,Business,2022-01-15
C002475,Matthew,Natarajan,tbains@example.net,Thrissur,Rajasthan,1967-09-27,Premium,2023-03-18
C002476,Varsha,Raman,ijaya26@example.com,Guna,Tripura,2002-01-12,Business,2021-10-13
C002477,Raghav,Choudhry,sabharwalneelima@example.net,Bhubaneswar,Punjab,1991-04-27,Standard,2023-07-31
C002478,Qadim,Sani,cchad@example.org,Bhatpara,Uttar Pradesh,1957-04-02,Business,2024-06-02
C002479,Vedant,Pal,sarnaaarna@example.com,Akola,Arunachal Pradesh,1970-06-29,Business,2025-03-23
C002480,Omya,Pingle,surizarna@example.com,Chapra,Andhra Pradesh,1984-03-06,Business,2022-04-01
C002481,Arunima,Dass,yganesan@example.com,Mahbubnagar,Goa,1946-02-06,Premium,2023-01-10
C002482,Darpan,Sibal,bshroff@example.net,Navi Mumbai,Nagaland,1964-03-23,Premium,2023-11-05
C002483,Harini,Karan,shethchampak@example.net,Berhampur,Maharashtra,1970-11-06,Business,2022-01-12
C002484,Darsh,Talwar,wyatt88@example.org,Panipat,Uttar Pradesh,1961-05-11,Business,2025-08-28
C002485,Balhaar,Dave,adwetayogi@example.com,Bangalore,Mizoram,1976-07-27,Business,2024-07-14
C002486,Oni,Ranganathan,hsarna@example.net,Rajkot,Madhya Pradesh,1980-09-16,Standard,2026-06-28
C002487,Krishna,Murthy,shankernitesh@example.com,Kolkata,Haryana,1951-08-23,Standard,2023-01-15
C002488,Wakeeta,Keer,golemeghana@example.com,Jaipur,Tripura,1979-08-22,Business,2021-08-21
C002489,Samesh,Boase,saranchatura@example.com,Belgaum,Rajasthan,1945-12-22,Standard,2023-09-27
C002490,Ronith,Bora,sathvik42@example.com,Udupi,West Bengal,1945-09-30,Standard,2024-01-20
C002491,Bhavika,Narayanan,xavier96@example.net,Latur,Tamil Nadu,1957-03-09,Business,2024-01-15
C002492,Zarna,Gill,arjunganguly@example.net,Kollam,Uttarakhand,1988-12-06,Standard,2025-03-27
C002493,Aachal,Kurian,mohinigupta@example.com,Shimla,Haryana,1957-06-30,Business,2025-01-26
C002494,Gaurav,Jain,fariq99@example.org,Uluberia,Chhattisgarh,1995-11-13,Standard,2022-05-21
C002495,Zayyan,Prabhu,hitesh36@example.org,Hubli–Dharwad,Mizoram,1967-06-06,Business,2024-08-18
C002496,Zilmil,Deshmukh,ria90@example.com,Dehradun,Jharkhand,1985-10-29,Premium,2024-02-24
C002497,Aarush,Ranganathan,hritik59@example.net,Imphal,West Bengal,1984-06-17,Business,2024-02-23
C002498,Ikbal,Verma,saanvikoshy@example.com,Mau,Uttar Pradesh,1980-08-10,Business,2024-05-11
C002499,Luke,Rana,saitak@example.net,Guntakal,Haryana,1968-01-09,Premium,2022-06-12
C002500,Lajita,Jha,vyanjanakala@example.net,Loni,Punjab,1970-03-11,Premium,2026-04-15
C002501,Chakrika,Khosla,alexander02@example.com,Mysore,Uttar Pradesh,1954-07-17,Business,2024-07-22
C002502,Chakradev,Sabharwal,ykapadia@example.net,Hindupur,Chhattisgarh,1946-09-07,Premium,2024-12-12
C002503,Devansh,Agate,vraval@example.com,Bhusawal,Bihar,1949-03-23,Premium,2024-09-22
C002504,Ayushman,Parmer,veer97@example.com,Jehanabad,Punjab,1969-05-10,Standard,2024-09-20
C002505,Damyanti,Hari,gmalhotra@example.com,Pallavaram,Uttarakhand,2007-06-17,Standard,2024-03-27
C002506,Mugdha,Som,rmurty@example.net,Mira-Bhayandar,Andhra Pradesh,1998-08-06,Premium,2021-09-15
C002507,Krishna,Deo,manan14@example.com,Khammam,Sikkim,1997-12-28,Standard,2024-08-08
C002508,Jagat,Keer,xviswanathan@example.org,Munger,Meghalaya,2003-07-01,Premium,2023-10-10
C002509,Chatura,Jain,sridhargaurav@example.org,Jalgaon,Goa,1948-05-28,Standard,2023-12-21
C002510,Anamika,Mani,nsharma@example.org,Chennai,Rajasthan,1980-12-06,Business,2022-03-04
C002511,Ishwar,Taneja,hnair@example.com,Baranagar,Gujarat,1954-04-30,Premium,2025-02-10
C002512,Benjamin,Natarajan,swaminathanleela@example.com,Kochi,Maharashtra,1966-03-19,Premium,2023-03-29
C002513,Owen,Majumdar,akshaybora@example.com,Bongaigaon,Andhra Pradesh,1946-08-02,Premium,2024-11-11
C002514,Wishi,Saraf,raaginibarad@example.net,Malegaon,Manipur,1976-07-04,Business,2024-08-26
C002515,Ranbir,Bhattacharyya,thakerhritik@example.com,Unnao,Maharashtra,1981-01-18,Business,2022-10-20
C002516,Ikshita,Dubey,ektamanda@example.org,Rourkela,Uttarakhand,1993-08-05,Premium,2024-07-03
C002517,Amol,Setty,msetty@example.com,Shimoga,Chhattisgarh,1993-06-13,Business,2024-10-21
C002518,Anthony,Chowdhury,jagatprabhu@example.net,Gudivada,Uttarakhand,1960-09-29,Premium,2022-07-29
C002519,Chameli,Venkataraman,mmangal@example.org,Tenali,Bihar,1952-08-16,Premium,2022-02-08
C002520,Upma,Contractor,palanlekha@example.com,Gandhinagar,Jharkhand,1993-12-20,Business,2026-02-22
C002521,Keya,Venkatesh,gargmegha@example.com,Haridwar,Kerala,1978-07-06,Standard,2023-08-06
C002522,Geetika,Hora,randhawabalvan@example.com,Chinsurah,Tripura,2005-06-18,Standard,2022-02-10
C002523,Devansh,Sagar,isaac89@example.org,Hubli–Dharwad,Sikkim,1994-10-13,Standard,2021-11-03
C002524,Panini,Kalita,wkala@example.org,Noida,Jharkhand,1972-01-30,Standard,2024-11-29
C002525,Ryan,Bhagat,faqid71@example.net,Etawah,Kerala,1974-07-19,Premium,2025-10-11
C002526,Nathan,Aggarwal,balendrabarad@example.org,Thoothukudi,Uttar Pradesh,1954-12-11,Business,2022-03-09
C002527,Faraj,Jain,usrinivas@example.net,Kozhikode,Manipur,1973-11-23,Premium,2026-06-21
C002528,Andrew,Saha,trege@example.net,Jamalpur,Uttar Pradesh,1952-02-18,Premium,2022-10-06
C002529,Qadim,Vig,gollajairaj@example.org,Hazaribagh,Gujarat,1983-06-11,Business,2024-07-02
C002530,Arin,Sidhu,tellasai@example.net,Arrah,Arunachal Pradesh,1976-03-06,Standard,2024-06-19
C002531,Krishna,Lala,khosladarsh@example.org,Thanjavur,Gujarat,1999-02-26,Premium,2024-03-25
C002532,Warhi,Morar,rajagopalekalinga@example.com,Madhyamgram,Nagaland,2007-01-17,Standard,2024-09-29
C002533,Zaitra,Prakash,osha65@example.org,Mirzapur,Manipur,1998-02-15,Standard,2022-05-01
C002534,Urmi,Chokshi,zacharianilima@example.org,Moradabad,Madhya Pradesh,1990-11-28,Standard,2023-09-05
C002535,Damyanti,Doshi,skarpe@example.com,Phusro,Uttar Pradesh,1955-07-27,Premium,2023-09-02
C002536,Sai,Lad,karpeanvi@example.net,Etawah,Punjab,2003-08-13,Premium,2021-12-25
C002537,Vrinda,Bedi,rayaanrai@example.org,Tenali,Karnataka,1951-06-18,Standard,2025-11-16
C002538,Aarush,Bumb,pushti76@example.com,Ahmedabad,Andhra Pradesh,1979-10-30,Standard,2022-07-07
C002539,Peter,Mishra,anandrayaan@example.net,Mathura,Uttar Pradesh,1984-04-29,Business,2022-11-07
C002540,Upasna,Cheema,esodhi@example.com,Cuttack,Uttar Pradesh,1997-04-14,Standard,2025-02-19
C002541,Falan,Shankar,dkala@example.com,Gandhinagar,Tamil Nadu,1984-03-13,Standard,2021-09-08
C002542,Fiyaz,Hegde,naikvasana@example.org,Karnal,Arunachal Pradesh,1983-12-31,Business,2023-07-14
C002543,Bhavna,Kamdar,jyoti81@example.net,Panvel,Punjab,1961-04-13,Standard,2025-03-08
C002544,Kiaan,Kunda,varenya66@example.org,Guna,Meghalaya,1990-04-23,Business,2024-01-05
C002545,Abha,Yogi,anmolperi@example.com,Eluru,Goa,1980-12-07,Premium,2026-06-06
C002546,Fiyaz,Wali,yutika24@example.com,Srinagar,Meghalaya,1972-04-15,business,2022-06-09
C002547,Lavanya,Sibal,udarsh66@example.com,Kozhikode,Rajasthan,1952-08-02,Premium,2022-08-12
C002548,Barkha,Gala,ekhalsa@example.org,Udaipur,Odisha,1965-03-07,Standard,2022-03-08
C002549,Neelima,Jha,bbansal@example.org,Udaipur,Telangana,1977-01-10,Premium,2023-12-29
C002550,Guneet,Gupta,vrishti27@example.com,Kozhikode,Bihar,1959-01-30,Standard,2024-01-15
C002551,Aadhya,Rege,qarin26@example.org,Munger,Tripura,1992-06-01,Standard,2023-11-03
C002552,Onveer,Iyengar,aashi02@example.com,Sambalpur,Uttarakhand,1951-03-20,Premium,2026-04-18
C002553,Ishani,Krishnan,kadeoeshi@example.org,Gandhidham,Andhra Pradesh,1982-02-15,Business,2023-10-04
C002554,Yutika,Ratta,chandchristopher@example.org,Tirunelveli,Nagaland,2006-05-13,Standard,2025-07-26
C002555,Nitara,Goswami,samrasachi@example.com,Bongaigaon,Nagaland,2005-03-10,Standard,2022-01-18
C002556,Ekaraj,Lalla,jagdishsangha@example.com,Bathinda,Odisha,1971-01-04,Premium,2025-07-07
C002557,Nimrat,Kara,sandalyagnesh@example.com,Bhiwani,Jharkhand,1977-01-15,Business,2022-01-15
C002558,Sanya,Baral,dbawa@example.org,Bhusawal,Rajasthan,1953-11-30,Business,2023-04-15
C002559,Bahadurjit,Hayre,mitesh27@example.com,Barasat,Odisha,1996-09-29,Business,2024-05-27
C002560,Anthony,Mukhopadhyay,anjalimani@example.net,Amravati,Chhattisgarh,1964-05-18,Business,2023-11-22
C002561,Farhan,Barad,mammenjalsa@example.org,Durg,Kerala,1963-08-28,Premium,2024-01-03
C002562,Oliver,Wable,emani@example.com,Karaikudi,Meghalaya,1949-07-19,Premium,2023-08-22
C002563,Nakul,Thakkar,joshuagandhi@example.net,Bathinda,Gujarat,2006-03-30,Standard,2023-07-19
C002564,Caleb,Bhalla,bmahal@example.org,Muzaffarnagar,Assam,1977-10-12,Standard,2022-01-27
C002565,Krisha,Brar,dbakshi@example.com,Avadi,Uttarakhand,1975-07-28,Standard,2022-04-25
C002566,Ekiya,Pall,zpathak@example.org,Pimpri-Chinchwad,Madhya Pradesh,1949-02-26,Standard,2024-12-03
C002567,Jyoti,Bajaj,borahkrish@example.com,Naihati,Maharashtra,1993-01-12,Premium,2025-05-14
C002568,Mugdha,Chada,wasonmitali@example.net,Ujjain,West Bengal,1978-04-18,Standard,2025-05-02
C002569,Aarav,Swamy,tsachar@example.net,Ambala,Assam,1998-12-21,Standard,2024-05-08
C002570,Ekavir,Sidhu,malhotrayashoda@example.com,Aurangabad,Chhattisgarh,1963-11-06,Standard,2024-03-02
C002571,Inaya,Kari,yug94@example.org,Mysore,Sikkim,1981-03-30,Business,2026-01-23
C002572,Vivaan,Prashad,eshana76@example.com,Tadepalligudem,Kerala,1959-04-26,Premium,2024-06-08
C002573,Harrison,Pathak,contractorbalveer@example.net,Mau,Sikkim,1984-08-02,Premium,2026-05-25
C002574,Ekiya,Babu,akumer@example.net,Barasat,Sikkim,1963-10-16,Premium,2026-01-23
C002575,Naveen,Rajagopalan,tripathinaveen@example.net,Lucknow,Assam,2007-04-20,Standard,2025-04-05
C002576,Gautami,Sibal,vartynachiket@example.com,Amravati,Kerala,1993-10-10,Business,2023-05-30
C002577,Vincent,Kadakia,ikshitavarma@example.org,Bhiwani,Arunachal Pradesh,1962-12-12,Standard,2022-07-23
C002578,Ethan,Mitter,agrawalneelima@example.net,Orai,Andhra Pradesh,1967-10-03,Business,2025-04-23
C002579,Bhavya,Sankar,peter63@example.com,Erode,Mizoram,2002-11-15,Premium,2023-01-31
C002580,Rachita,Reddy,charvinaik@example.net,Pali,Manipur,2006-08-17,Premium,2021-11-22
C002581,Nikita,Warrior,oramachandran@example.org,Bikaner,Rajasthan,1969-09-11,Business,2024-10-06
C002582,Amrita,Chad,wsuri@example.com,Pali,Mizoram,1982-07-21,Premium,2022-09-04
C002583,Chaman,Sani,deepchristopher@example.net,Bhimavaram,Goa,2008-01-05,Standard,2023-02-13
C002584,Gaurangi,Chaudry,loganmanda@example.net,Guntur,Sikkim,1973-09-13,Business,2022-10-19
C002585,Upadhriti,Balan,tejas24@example.org,Khammam,Mizoram,1947-02-03,Standard,2022-01-04
C002586,Laban,Savant,wkaul@example.net,Kharagpur,Mizoram,1991-09-16,Premium,2022-05-22
C002587,Baljiwan,Atwal,brajagopal@example.net,Surendranagar Dudhrej,Punjab,1963-12-30,Standard,2024-04-08
C002588,Dayita,Ganguly,ladli55@example.net,Sambalpur,Jharkhand,1976-02-24,Premium,2025-06-11
C002589,Mohini,Yadav,lsarma@example.com,Gurgaon,Arunachal Pradesh,2008-06-05,Standard,2026-07-15
C002590,Balvan,Narayan,wsarkar@example.net,Thoothukudi,Arunachal Pradesh,1997-07-01,Premium,2023-07-29
C002591,Nidra,Chanda,bahadurjitpillay@example.com,Gwalior,Uttar Pradesh,1998-05-06,Standard,2025-12-12
C002592,Jeevika,Doctor,ekapad69@example.net,Nagercoil,Jharkhand,1973-01-31,Business,2026-05-06
C002593,Ishwar,Dar,gdhawan@example.org,Orai,Goa,1978-08-15,business,2023-02-13
C002594,Aarini,Saini,mahikachaudhuri@example.org,Raiganj,Karnataka,1998-05-09,Standard,2025-10-20
C002595,Gautami,Sama,odani@example.com,Coimbatore,Uttarakhand,1990-11-09,Business,2025-12-24
C002596,Chakradev,Lad,ishapanchal@example.com,Kolhapur,Goa,1989-06-08,Premium,2023-03-14
C002597,Om,Vohra,jgaba@example.org,Hyderabad,Telangana,1973-05-11,Business,2022-05-03
C002598,Sathvik,Bhat,samarsarna@example.org,Deoghar,Himachal Pradesh,1959-05-26,Standard,2025-12-04
C002599,Vedika,Johal,yashasvilala@example.net,Mau,Arunachal Pradesh,1963-12-12,Premium,2022-11-29
C002600,Ranbir,Patil,riyasinghal@example.com,Chennai,Chhattisgarh,1996-10-16,Premium,2021-09-13
C002601,Naksh,Arya,yastitank@example.org,Allahabad,Odisha,1948-03-26,Premium,2026-01-24
C002602,Unnati,Saxena,rbarman@example.org,Ozhukarai,Sikkim,1983-11-10,Standard,2024-10-02
C002603,Shaurya,Sha,dalalnathaniel@example.net,Udaipur,Assam,1947-01-27,Business,2022-12-06
C002604,Aryan,Bedi,fiyazdhingra@example.net,Rohtak,Gujarat,1987-08-26,Business,2024-06-15
C002605,Anay,Chandran,widisharavi@example.org,Warangal,Uttar Pradesh,1950-12-22,Business,2024-04-27
C002606,Isaiah,Nadkarni,znayak@example.com,Rohtak,Uttarakhand,2005-07-17,Business,2021-12-17
C002607,Pushti,Loke,ishaan90@example.com,Giridih,Arunachal Pradesh,1991-08-18,Standard,2022-12-26
C002608,Jagdish,Narayan,brijesh11@example.org,Bhalswa Jahangir Pur,Manipur,1975-10-07,Standard,2025-06-26
C002609,Xiti,Koshy,harrison74@example.net,Surat,Manipur,1961-08-08,Premium,2024-07-25
C002610,Ishwar,Dhar,daksha54@example.com,Bhatpara,Meghalaya,1965-07-15,Business,2024-02-24
C002611,Simon,Sarkar,ikshitabakshi@example.net,Kolkata,Karnataka,1956-12-25,Premium,2023-09-11
C002612,Keya,Rattan,danijasmit@example.net,Tiruppur,Madhya Pradesh,1964-09-19,Premium,2024-05-03
C002613,Ekantika,Shanker,chhabraanthony@example.net,Suryapet,Odisha,1977-06-21,Business,2024-12-18
C002614,Quincy,Dutta,radhakrishnanjack@example.net,Ghaziabad,Telangana,1957-07-20,Business,2022-09-10
C002615,Neelima,Bora,vihaan91@example.com,Bathinda,Goa,1984-04-08,Standard,2024-04-19
C002616,Lopa,Dhar,dalbir18@example.net,Ahmednagar,Himachal Pradesh,1949-08-28,Standard,2023-05-26
C002617,Neha,Raman,wadhwaharish@example.net,Jabalpur,Sikkim,1985-02-01,Premium,2025-07-15
C002618,Hredhaan,Parikh,iagarwal@example.net,Bulandshahr,Tamil Nadu,1954-11-14,Standard,2024-03-27
C002619,Anita,Magar,prakashdamyanti@example.org,Begusarai,Jharkhand,1971-11-18,Standard,2023-03-01
C002620,Warjas,Randhawa,urvashikrishnan@example.org,Belgaum,Maharashtra,1967-09-12,Premium,2024-02-15
C002621,Samuel,Dugal,ojasvi07@example.net,Medininagar,Madhya Pradesh,1999-07-26,Standard,2025-01-24
C002622,Lopa,Cheema,lekhakhurana@example.org,Malda,Tamil Nadu,1990-03-06,Premium,2022-05-05
C002623,Devansh,Mistry,zilmilbatta@example.net,Sonipat,Mizoram,1990-08-20,Business,2026-01-11
C002624,Raghav,Khosla,harrisonkeer@example.org,Aurangabad,Haryana,1951-09-30,Business,2025-03-21
C002625,Vivaan,Vora,lrege@example.net,Secunderabad,Uttar Pradesh,1974-11-29,Business,2025-07-02
C002626,Dakshesh,Dara,pushtikhanna@example.org,Udaipur,Mizoram,1981-06-02,Premium,2023-02-15
C002627,Janani,D’Alia,kandaekbal@example.org,Uluberia,Kerala,1977-05-27,Standard,2024-06-25
C002628,Aahana,Misra,yutika75@example.org,Hazaribagh,Rajasthan,1956-07-06,Standard,2025-05-23
C002629,Yug,Master,tkibe@example.org,Satna,Manipur,2001-02-06,Premium,2022-07-14
C002630,Irya,Rana,ryadav@example.net,Varanasi,West Bengal,1980-06-26,Business,2022-03-13
C002631,Tristan,Gara,luke03@example.com,Amaravati,Manipur,1981-08-26,Premium,2022-02-27
C002632,Jairaj,Nanda,borahkalpit@example.net,Tirunelveli,Assam,1962-01-02,Standard,2021-09-16
C002633,Kala,Mani,jhalakgopal@example.org,Lucknow,Haryana,1978-01-01,Premium,2024-10-12
C002634,Rachita,Sarna,mayanarang@example.com,Patiala,Nagaland,1989-11-08,Business,2026-05-27
C002635,Adweta,Karan,ekajamander@example.net,Amravati,Assam,1947-10-25,Standard,2022-11-23
C002636,Ucchal,Bhatti,mishrasarthak@example.net,Vijayanagaram,Gujarat,2003-08-01,Premium,2022-01-11
C002637,Neelima,Bhalla,dnadkarni@example.net,Tirunelveli,Nagaland,1965-07-09,Standard,2024-03-31
C002638,Amara,Hari,riyakeer@example.com,Dehradun,Haryana,2001-07-31,Business,2022-06-30
C002639,Aadi,Bhatti,hsheth@example.net,Hajipur,Maharashtra,1961-09-17,Standard,2025-10-29
C002640,Manbir,Vaidya,george67@example.org,Munger,Gujarat,1972-04-23,Business,2022-07-28
C002641,Gayathri,Nath,kaihans@example.net,Sonipat,Mizoram,1953-08-05,Standard,2022-11-11
C002642,Idika,Batra,tanish09@example.net,Coimbatore,Karnataka,1988-01-27,Business,2022-03-19
C002643,Ekaja,Oza,oscar45@example.com,Jehanabad,Nagaland,1995-05-14,Premium,2022-06-20
C002644,Watika,Sura,schopra@example.com,Sultan Pur Majra,Sikkim,1960-03-30,Premium,2025-05-07
C002645,Ekanta,Ghose,thomas90@example.org,Motihari,Uttarakhand,2005-10-31,Standard,2026-08-05
C002646,Anay,Tank,ekanshhayer@example.net,Bhiwani,Himachal Pradesh,1970-08-26,Business,2026-06-23
C002647,Anya,Barman,kgulati@example.org,Begusarai,Punjab,1993-05-18,Premium,2025-03-21
C002648,Jai,Peri,meghana98@example.org,Bihar Sharif,Uttarakhand,1962-01-29,Premium,2025-08-22
C002649,Meera,Datta,edhitha63@example.org,Tiruchirappalli,Gujarat,1995-06-11,Business,2024-12-19
C002650,Yashodhara,Mangal,jagatmody@example.com,Nadiad,Uttarakhand,2004-12-16,Premium,2022-10-31
C002651,Adya,Dora,lakshmibhatnagar@example.org,Anantapur,Tamil Nadu,1980-08-17,Standard,2022-04-22
C002652,Advaith,Chakraborty,manyadass@example.org,Ratlam,Uttar Pradesh,1969-06-07,Standard,2024-02-15
C002653,Indira,Varma,nprabhakar@example.org,Jaunpur,Sikkim,2007-05-10,Premium,2022-09-21
C002654,Kritika,Wali,dharnandini@example.net,Bhatpara,Punjab,1971-04-25,Business,2025-08-03
C002655,Raagini,Mistry,yatin92@example.org,Karaikudi,West Bengal,2004-01-05,Business,2024-11-18
C002656,Rachit,Nadkarni,mitalandrew@example.org,Mumbai,West Bengal,1956-03-24,Premium,2025-02-04
C002657,William,Mani,muttisamaksh@example.org,Sasaram,Andhra Pradesh,1946-07-11,Business,2025-06-14
C002658,Gautami,Sibal,urishillabobal@example.com,Salem,Goa,2005-06-08,Premium,2025-03-24
C002659,Bishakha,Upadhyay,parth05@example.net,Amritsar,Kerala,1973-02-27,Standard,2023-10-28
C002660,Advika,Narain,harrisondoctor@example.org,Vijayanagaram,Goa,2005-07-10,Business,2023-10-12
C002661,Pahal,Tripathi,kaursaanvi@example.com,Noida,Telangana,1997-07-07,Premium,2023-03-26
C002662,Urvi,Dora,brindaramanathan@example.org,Ulhasnagar,Andhra Pradesh,1959-09-25,Standard,2022-02-09
C002663,Elijah,Sachdev,bakshimichael@example.net,Ludhiana,Assam,1994-01-06,Premium,2024-06-28
C002664,Omisha,Samra,triyasarna@example.net,Sambhal,Chhattisgarh,1958-03-31,Standard,2024-05-08
C002665,Dhruv,Sangha,libni56@example.net,Dharmavaram,Kerala,1956-06-05,Standard,2022-06-23
C002666,Harrison,Bhat,maanavbal@example.org,Orai,Manipur,1982-08-30,Standard,2025-05-22
C002667,Om,Sanghvi,modiabhimanyu@example.net,Patiala,Meghalaya,1984-01-11,Standard,2023-04-04
C002668,Niharika,Acharya,logansingh@example.org,Shahjahanpur,Nagaland,1973-05-27,Standard,2024-09-14
C002669,Irya,Anne,chavvi69@example.net,Howrah,Odisha,2005-01-08,Business,2026-05-16
C002670,Pushti,Bajaj,ykhare@example.org,Bidar,Jharkhand,1958-11-04,Standard,2022-04-16
C002671,Jason,Khanna,vkata@example.com,Sultan Pur Majra,Arunachal Pradesh,1983-03-22,Standard,2022-07-06
C002672,Nitesh,Contractor,leena96@example.com,Bhubaneswar,Gujarat,1951-12-05,Business,2021-12-06
C002673,Wridesh,Patil,kdesai@example.net,Kozhikode,Sikkim,1974-11-08,Standard,2026-01-02
C002674,Ethan,Sha,sibalutkarsh@example.com,Rourkela,Goa,1973-08-24,Premium,2025-07-08
C002675,Chatura,Ray,dsen@example.org,Chittoor,Telangana,1967-12-30,Premium,2023-01-16
C002676,Vrinda,Dasgupta,girindra84@example.net,Kanpur,Arunachal Pradesh,1978-10-09,Standard,2021-11-18
C002677,Baghyawati,Grover,rajagopalyahvi@example.net,Kulti,Manipur,1947-01-16,Standard,2025-12-27
C002678,Mohini,Arya,gadebaghyawati@example.com,Kalyan-Dombivli,Manipur,1974-01-23,Premium,2024-08-28
C002679,Frado,Roy,baljiwan13@example.net,Bokaro,Bihar,1968-06-22,standard,2022-01-27
C002680,Alka,Venkatesh,upasna93@example.com,Loni,Uttar Pradesh,1961-02-17,Standard,2026-06-01
C002681,Zashil,Gandhi,ubrar@example.com,Kollam,West Bengal,1998-02-24,Standard,2022-12-09
C002682,Lakshmi,Upadhyay,gangulywilliam@example.net,Chandrapur,Madhya Pradesh,1974-03-30,Standard,2023-05-12
C002683,Pahal,Mall,smohanty@example.com,Khandwa,Telangana,1958-03-31,Business,2022-01-20
C002684,Ekansh,Bhat,jbath@example.org,Bihar Sharif,Chhattisgarh,1995-06-14,Premium,2022-12-25
C002685,Atharv,Dara,okara@example.com,Vellore,Punjab,1996-07-08,Standard,2023-02-08
C002686,Samarth,Walla,salviadweta@example.org,Hosur,Madhya Pradesh,1968-10-27,Standard,2026-07-05
C002687,Lohit,Borde,iyengaroliver@example.net,Bareilly,Kerala,1963-05-04,Business,2022-02-03
C002688,Vanya,Shanker,lipikaprakash@example.org,Medininagar,Mizoram,1953-03-19,Premium,2025-04-17
C002689,Balendra,Brahmbhatt,triyachanda@example.com,Rohtak,Jharkhand,1988-09-14,Premium,2022-05-10
C002690,Nathan,Choudhury,kbajwa@example.net,Solapur,Assam,1990-08-07,Standard,2025-09-18
C002691,Balhaar,Randhawa,chaitanya03@example.com,Ludhiana,Gujarat,1982-06-19,Business,2022-12-25
C002692,Pratyush,Iyer,tanmayi00@example.net,Secunderabad,Sikkim,1959-08-13,Standard,2025-12-06
C002693,Vihaan,Karpe,hredhaan23@example.com,Mumbai,Andhra Pradesh,1958-01-25,Business,2022-11-21
C002694,Meera,Gala,krishnarajagopalan@example.com,Panchkula,Nagaland,1994-12-31,Standard,2023-08-10
C002695,Daksh,Chaudhary,aaravmukhopadhyay@example.net,North Dumdum,Karnataka,1949-01-20,Premium,2022-08-18
C002696,Charvi,Shan,gsamra@example.org,Patna,Maharashtra,1983-03-27,Premium,2025-08-16
C002697,Zansi,Deol,xdivan@example.com,Barasat,Meghalaya,1986-03-03,Business,2026-05-24
C002698,Ryan,Agate,cpalla@example.org,Tadipatri,Assam,1978-09-24,Standard,2023-03-31
C002699,Yashica,Lall,kadekaran@example.net,Nangloi Jat,Maharashtra,1965-12-25,Business,2025-10-03
C002700,Divya,Deol,dattaekalinga@example.com,Muzaffarpur,Telangana,2001-03-24,Standard,2024-01-12
C002701,Ekbal,Lanka,atata@example.com,Morena,Kerala,2002-07-25,Standard,2025-12-16
C002702,Kashish,Mane,xtella@example.org,Giridih,Gujarat,1998-02-25,Business,2023-01-06
C002703,David,Deep,asathe@example.net,Ghaziabad,Madhya Pradesh,1967-10-13,Business,2025-05-19
C002704,Jack,Puri,krishnamukhopadhyay@example.org,Raichur,Bihar,1985-08-05,Business,2026-07-23
C002705,Kamala,Khurana,fshroff@example.org,Kottayam,Telangana,2002-01-28,Business,2024-05-02
C002706,Rehaan,Bawa,mohammed40@example.com,Hubli–Dharwad,Mizoram,1974-06-01,Standard,2023-07-10
C002707,Chanchal,Bahri,urvisoni@example.net,Purnia,Maharashtra,1957-11-30,Standard,2022-07-27
C002708,Vritti,Lalla,chandrantata@example.com,Bhiwandi,Andhra Pradesh,1968-05-12,Premium,2022-02-03
C002709,Ronith,Sawhney,jeetkhanna@example.org,Ujjain,Himachal Pradesh,1993-01-15,Standard,2022-10-14
C002710,Riya,Golla,rgade@example.org,Hapur,Odisha,1952-05-15,Premium,2024-11-27
C002711,Anthony,Bath,fbala@example.com,Nandyal,Kerala,1952-12-12,Standard,2025-06-25
C002712,Samesh,Kade,zchandra@example.net,Udupi,Telangana,1954-05-03,Premium,2026-04-05
C002713,Ryan,Sani,nairishita@example.org,Etawah,Assam,1976-12-29,Premium,2025-02-25
C002714,Ishani,Mani,fmurthy@example.net,Gurgaon,Tamil Nadu,1976-06-21,Standard,2022-05-18
C002715,Krishna,Prabhakar,agour@example.com,Phusro,Meghalaya,1983-12-14,Premium,2024-11-15
C002716,Chakrika,Som,forum01@example.com,Khora ,Sikkim,1970-05-11,Standard,2026-06-04
C002717,Eesha,Pandit,jacobparekh@example.org,Jalgaon,Uttar Pradesh,1960-08-27,Premium,2022-02-23
C002718,Keya,Kumer,dhriti53@example.com,Imphal,Rajasthan,1991-10-01,Business,2023-03-28
C002719,Baljiwan,Misra,guneet32@example.com,Delhi,Andhra Pradesh,1961-04-11,Business,2022-01-23
C002720,Anita,Gour,dixithritik@example.org,Bihar Sharif,Jharkhand,1974-03-04,Business,2025-04-04
C002721,Pahal,Pal,chaudhrybaghyawati@example.org,Gandhidham,Bihar,1997-07-24,Standard,2022-03-06
C002722,Idika,Oommen,netra32@example.org,Madhyamgram,Madhya Pradesh,1970-03-15,Premium,2025-08-07
C002723,Ishaan,Sawhney,balendra02@example.org,Chandrapur,Madhya Pradesh,1980-01-12,Business,2022-10-15
C002724,Oviya,Dhar,tripti51@example.net,Kharagpur,Sikkim,1955-03-13,Premium,2021-09-29
C002725,Ekbal,Pandit,pchanda@example.com,Gangtok,Odisha,1986-11-16,Standard,2026-07-01
C002726,Victor,Merchant,tmalhotra@example.com,Tadipatri,Maharashtra,1956-03-30,Standard,2023-02-24
C002727,Ryan,Kalla,usahota@example.org,Thanjavur,Gujarat,1972-03-04,Business,2025-03-08
C002728,Vansha,Rastogi,dalalvritti@example.org,Giridih,Odisha,1956-02-10,Business,2023-08-09
C002729,Onkar,Modi,esubramanian@example.com,Dehri,Gujarat,1966-03-04,Premium,2022-06-15
C002730,Pranav,Sharaf,tmadan@example.org,Mau,Himachal Pradesh,1946-05-19,Standard,2022-06-19
C002731,Vasatika,Menon,aryanrattan@example.org,Muzaffarnagar,Meghalaya,1996-07-20,Business,2026-05-07
C002732,Urmi,Rajagopal,omukhopadhyay@example.net,Mirzapur,Manipur,1964-01-17,Standard,2025-07-24
C002733,Jasmit,Bobal,bobalthomas@example.com,Proddatur,Jharkhand,1997-04-12,Premium,2022-08-20
C002734,Balhaar,Sen,panditshivani@example.com,South Dumdum,Himachal Pradesh,1956-11-10,Premium,2023-04-03
C002735,Dhruv,Shetty,prishasidhu@example.net,Surendranagar Dudhrej,Himachal Pradesh,1992-04-26,Standard,2024-12-09
C002736,Chameli,Mukherjee,bhardwajanika@example.com,Saharsa,Himachal Pradesh,1962-08-02,Business,2025-07-22
C002737,Ekbal,Murty,ridhi60@example.net,Giridih,Rajasthan,2001-07-24,Premium,2024-04-04
C002738,Ekapad,Sarna,vjaggi@example.net,Sasaram,Andhra Pradesh,1953-03-05,Standard,2025-10-01
C002739,Warhi,Chhabra,girish48@example.org,Asansol,Nagaland,1957-12-19,Standard,2025-05-22
C002740,Onveer,Wali,sawhneysiddharth@example.org,Kishanganj,Kerala,1975-08-30,Premium,2024-02-02
C002741,Parth,Pau,adyasamra@example.net,Panvel,Meghalaya,1978-09-06,Business,2024-02-16
C002742,Zansi,Kapadia,rgara@example.net,Jhansi,Himachal Pradesh,2005-11-29,Business,2022-03-30
C002743,Yatin,Buch,pranitkumar@example.org,Arrah,Karnataka,1956-11-25,Standard,2021-12-19
C002744,Mitesh,Balay,watikamaharaj@example.org,Guna,Tamil Nadu,1947-08-10,Premium,2024-10-02
C002745,Saumya,Bobal,eiravati46@example.org,Kharagpur,Telangana,1984-01-20,Standard,2023-02-19
C002746,Anika,Wagle,dlal@example.com,Guwahati,Tamil Nadu,1994-07-14,Premium,2022-10-29
C002747,Bhavya,Venkatesh,geetikasaran@example.org,Raichur,Punjab,1987-11-24,Premium,2025-12-04
C002748,Nirja,Tandon,pkala@example.com,Ulhasnagar,Gujarat,1979-08-06,Standard,2022-08-12
C002749,Varsha,Mand,hiteshbrar@example.org,Mau,Rajasthan,1977-07-30,Business,2026-08-04
C002750,Vivaan,Naidu,panditgeetika@example.org,Fatehpur,Nagaland,1964-11-14,Premium,2021-11-17
C002751,Yashvi,Jhaveri,ishaannagy@example.com,Karnal,Meghalaya,1953-05-10,business,2023-11-09
C002752,Aadhya,Bajaj,ekaraj64@example.net,Indore,Odisha,1993-03-23,Business,2024-08-07
C002753,Patrick,Raj,kashvi37@example.net,Bhilwara,Mizoram,1981-11-23,Business,2025-07-07
C002754,Omisha,Kuruvilla,yoak@example.net,Howrah,Madhya Pradesh,1969-10-14,premium,2023-07-17
C002755,Naksh,Mishra,,Arrah,Sikkim,1962-09-13,Business,2024-04-18
C002756,Aahana,Kibe,oommenleela@example.com,Shivpuri,Jharkhand,1955-10-27,Premium,2022-10-31
C002757,Ekbal,Mander,champaksrinivasan@example.net,Kota,Telangana,1949-07-06,Standard,2026-04-22
C002758,Ikbal,Gaba,advika95@example.com,Vijayawada,Manipur,1975-07-01,Business,2024-09-04
C002759,Jeremiah,Krishna,bailaachal@example.net,Sasaram,Uttar Pradesh,1972-10-02,Business,2025-03-25
C002760,Saksham,Anne,jairaj80@example.org,Gwalior,Maharashtra,1948-08-10,Business,2022-07-26
C002761,Dipta,Swamy,rthakur@example.com,Kurnool,Sikkim,1957-06-16,Standard,2025-11-24
C002762,Thomas,Kanda,vyanjanasridhar@example.org,Bidar,Telangana,1973-05-03,Business,2024-10-30
C002763,Manthan,Baral,vanshagill@example.com,Navi Mumbai,Punjab,1961-04-30,Premium,2021-10-26
C002764,Nihal,Loke,cbumb@example.net,Vadodara,Maharashtra,1996-09-12,Standard,2025-01-26
C002765,Shaurya,Kala,dmanda@example.com,Gandhidham,Meghalaya,1992-02-10,Premium,2026-05-19
C002766,Dakshesh,Choudhry,geetika97@example.com,Fatehpur,Odisha,1971-10-21,Premium,2022-01-22
C002767,Kritika,Sangha,msabharwal@example.com,Mehsana,Andhra Pradesh,1977-07-27,Business,2025-11-22
C002768,Vamakshi,Lal,yauvani43@example.net,Tumkur,Punjab,2008-08-05,Standard,2026-03-15
C002769,Gagan,Sharma,vchopra@example.org,Eluru,Andhra Pradesh,1965-09-23,Standard,2022-03-09
C002770,Ekaraj,Mallick,chandranhayer@example.com,Bidar,Madhya Pradesh,1958-03-26,Business,2025-03-20
C002771,Quincy,Doctor,aarna99@example.com,Dewas,Karnataka,2007-06-22,Standard,2025-08-23
C002772,Eiravati,Bains,pchopra@example.net,Vellore,Tamil Nadu,1961-02-25,Premium,2023-03-08
C002773,Daksha,Talwar,zachariaveer@example.net,Narasaraopet,Karnataka,1965-12-01,Premium,2024-07-23
C002774,Mohini,Prasad,saumya20@example.org,Siliguri,West Bengal,1972-12-28,Premium,2024-05-20
C002775,Ayushman,Gour,harishkara@example.net,Kollam,Gujarat,1968-01-19,Business,2026-02-15
C002776,Udant,Mitra,luke94@example.net,Kirari Suleman Nagar,Karnataka,1995-10-07,Business,2025-11-04
C002777,Gagan,Kara,eshana10@example.org,Nellore,Telangana,1994-07-01,Premium,2022-12-10
C002778,Kashish,Nayar,yatan15@example.org,Morbi,Kerala,1996-10-17,Standard,2023-09-26
C002779,Triya,Kadakia,sankaranaryan@example.org,Danapur,West Bengal,1997-09-01,Standard,2025-06-07
C002780,Robert,Bhardwaj,ubains@example.net,Jamalpur,Gujarat,1958-03-21,Standard,2025-07-04
C002781,Gunbir,Kadakia,ravalimaran@example.net,Bongaigaon,Rajasthan,1954-07-12,Standard,2025-06-04
C002782,Hema,Ramakrishnan,lajita09@example.org,Imphal,Madhya Pradesh,1966-01-01,Business,2023-04-17
C002783,Devansh,Das,urishillabahri@example.com,Tezpur,Nagaland,2008-05-26,Business,2021-10-19
C002784,Kamya,Issac,darpanjayaraman@example.net,Meerut,Madhya Pradesh,1950-08-15,Business,2022-03-16
C002785,Divya,Upadhyay,chandrangaurav@example.com,Naihati,Maharashtra,1968-11-04,Premium,2024-10-20
C002786,Hemani,Luthra,qlad@example.com,Agra,Rajasthan,1995-09-05,Standard,2025-04-13
C002787,Shivansh,Dar,sabharwaldayamai@example.com,Nagaon,Meghalaya,1992-12-23,Standard,2024-01-18
C002788,Jackson,Das,neelimakade@example.com,Jhansi,Manipur,1951-04-30,Premium,2022-01-06
C002789,Isaac,Oak,timothy38@example.org,Bhalswa Jahangir Pur,Goa,1969-09-03,Business,2023-02-11
C002790,Saksham,Lal,talwarsai@example.net,Kamarhati,Sikkim,1959-08-02,Premium,2021-09-13
C002791,Ekantika,Wadhwa,siyashere@example.net,Srinagar,Punjab,2005-09-04,Business,2025-09-10
C002792,Vidhi,Bail,lchand@example.org,Kochi,Madhya Pradesh,1978-05-26,Premium,2022-12-22
C002793,Victor,Kota,krishkurian@example.com,Aizawl,Jharkhand,1974-09-12,Premium,2025-09-27
C002794,Gunbir,Maharaj,aayush77@example.com,Bahraich,Maharashtra,1995-07-15,Business,2026-02-05
C002795,Rachana,Ramanathan,bhavsaredhitha@example.com,Gudivada,Karnataka,2001-09-14,Premium,2025-12-15
C002796,Ethan,Mandal,xmohanty@example.com,Jehanabad,Assam,1947-05-17,Standard,2022-01-06
C002797,Radhika,Kalla,amara88@example.net,Salem,Madhya Pradesh,1951-07-17,Premium,2025-11-19
C002798,Dakshesh,Mohanty,wakeeta23@example.org,Kamarhati,Odisha,1951-05-24,Business,2022-10-19
C002799,Harita,Bumb,ovarghese@example.com,Madurai,Arunachal Pradesh,2000-01-19,Business,2023-04-20
C002800,Andrew,Badami,ychoudhry@example.com,Madanapalle,Punjab,2001-01-23,Standard,2024-02-22
C002801,Omya,Bains,vasatikakorpal@example.com,Patna,Kerala,1960-11-25,Business,2025-09-09
C002802,Saksham,Pandit,syogi@example.net,Akola,Telangana,1992-10-13,Standard,2025-06-18
C002803,Kala,Ratta,mannegirindra@example.org,Bokaro,Uttarakhand,1972-07-28,Standard,2024-01-02
C002804,Gautam,Parikh,girik67@example.com,Muzaffarnagar,Mizoram,1987-04-05,Standard,2022-12-24
C002805,Nitesh,Misra,ayushmanramakrishnan@example.org,Amravati,Haryana,1963-05-01,Premium,2024-11-21
C002806,Abhimanyu,Batta,ayushman12@example.com,Chennai,Goa,1957-06-05,Standard,2024-05-04
C002807,Ijaya,Sem,qpatil@example.com,Dhanbad,Sikkim,1975-07-27,Business,2022-12-07
C002808,Urvi,Dalal,dipta20@example.com,Medininagar,Bihar,2004-04-17,Standard,2021-10-04
C002809,Aarna,Bains,charles34@example.net,Bhimavaram,Tripura,1995-02-10,Business,2025-12-28
C002810,Yashvi,Hayre,wthaker@example.net,Durgapur,Mizoram,1951-09-26,Business,2021-08-17
C002811,Amruta,Balan,nathanielbuch@example.net,Solapur,Meghalaya,1996-07-09,Standard,2024-09-26
C002812,Tanay,Badami,veer43@example.net,Coimbatore,Punjab,1966-07-05,Premium,2022-01-03
C002813,Abdul,Dora,meghaguha@example.org,Satna,Sikkim,1991-08-18,Premium,2025-05-01
C002814,Udyati,Bandi,mitalisetty@example.net,Khammam,Meghalaya,1982-04-08,Premium,2025-01-26
C002815,Aarna,Seshadri,ikbal01@example.com,Navi Mumbai,Meghalaya,1984-01-09,Business,2025-11-30
C002816,Shivansh,Dasgupta,bkonda@example.org,Bally,Gujarat,1995-07-02,Standard,2024-11-10
C002817,Arunima,Zachariah,maneaayush@example.com,Surat,Mizoram,2006-11-08,Premium,2023-12-05
C002818,Arjun,Subramaniam,jdara@example.net,Ambala,Meghalaya,1994-11-21,Standard,2022-12-24
C002819,Widisha,Mitter,narayananria@example.net,Ambala,Karnataka,1974-08-17,Business,2024-06-29
C002820,Harrison,Sangha,gangulyucchal@example.net,Mahbubnagar,Goa,1976-12-11,Business,2026-05-22
C002821,Aachal,Kumer,panini26@example.com,Ambarnath,Madhya Pradesh,2006-08-29,Standard,2024-01-11
C002822,Gaurangi,Mukherjee,vigkashish@example.org,Amroha,Nagaland,1977-01-28,Premium,2023-01-25
C002823,Yashoda,Manne,chakrabartiudyati@example.com,Parbhani,Mizoram,1981-07-16,Business,2024-05-13
C002824,Samarth,Kulkarni,mekhaladhingra@example.com,Dewas,Jharkhand,1970-08-05,Standard,2021-08-16
C002825,Jhalak,Bala,ygoswami@example.net,Loni,Rajasthan,1963-10-02,Premium,2026-03-04
C002826,Pushti,Sengupta,rameshchakrika@example.org,Hyderabad,Uttar Pradesh,1947-09-13,Premium,2021-12-20
C002827,Hema,Dhillon,idika50@example.com,Durgapur,Assam,1972-02-13,Business,2023-11-30
C002828,Advay,Kumar,zreddy@example.com,Raichur,Manipur,1980-03-10,Premium,2024-01-01
C002829,Omaja,Atwal,qvasa@example.net,Guwahati,Manipur,1951-09-18,Standard,2023-11-09
C002830,Owen,Amble,riyagala@example.org,Vijayanagaram,Mizoram,1946-02-05,Premium,2025-02-20
C002831,Nakul,Gara,revauppal@example.com,Bhilwara,Bihar,1998-11-02,Business,2023-06-12
C002832,Gautami,Naik,wsankar@example.org,Jaipur,Rajasthan,1992-06-27,Premium,2025-04-14
C002833,Vinaya,Chaudhry,vritti12@example.net,Motihari,Bihar,1979-11-08,Business,2024-01-11
C002834,Megha,Kumer,qsood@example.org,Aurangabad,Kerala,1996-03-08,Business,2024-06-25
C002835,Pranit,Bains,harish64@example.org,Jaunpur,Rajasthan,1959-01-10,Business,2022-07-31
C002836,Sudiksha,Raju,owen44@example.com,Dhanbad,Rajasthan,1994-02-21,Premium,2025-02-04
C002837,Xiti,Rege,framesh@example.net,Aizawl,Goa,1974-11-11,Business,2025-09-11
C002838,Gauri,Sheth,kulkarnisamuel@example.com,Pudukkottai,Tamil Nadu,1945-10-07,Business,2024-01-11
C002839,Aditya,Naik,nitara94@example.org,Kozhikode,Meghalaya,1959-06-19,Standard,2023-07-09
C002840,Praneel,Kaul,anya28@example.net,Karnal,Uttar Pradesh,1945-10-30,Standard,2021-11-08
C002841,Chakrika,Kunda,vincentbajaj@example.com,Unnao,Punjab,1981-03-26,Business,2024-08-25
C002842,Aradhana,Kade,indira54@example.com,Sasaram,Maharashtra,1964-06-10,Standard,2021-09-14
C002843,Tejas,Borde,qbalakrishnan@example.net,Sirsa,Meghalaya,1954-11-09,Business,2023-12-24
C002844,Vidhi,Edwin,alexandersrinivas@example.org,Jodhpur,Jharkhand,1986-10-17,Business,2025-08-27
C002845,Falan,Natt,aayush46@example.org,Imphal,Tripura,1994-03-31,Standard,2023-05-01
C002846,Shravya,Ranganathan,rushilchaudhary@example.org,Baranagar,Chhattisgarh,1958-04-26,Premium,2022-07-19
C002847,Charita,Dave,oviyasundaram@example.net,Tinsukia,Haryana,1978-04-01,Premium,2023-04-24
C002848,Bahadurjit,D’Alia,jbhatnagar@example.net,Madurai,Kerala,1962-05-29,Business,2025-12-15
C002849,Leena,Pau,finn62@example.org,Bikaner,Arunachal Pradesh,1990-03-11,Business,2022-05-23
C002850,Upma,Shankar,orinder16@example.com,Ambarnath,Meghalaya,1968-07-26,Standard,2024-12-20
C002851,Naksh,Uppal,mahalgarima@example.net,Serampore,Kerala,1962-07-31,Premium,2023-12-18
C002852,Tanvi,Venkataraman,hemangdua@example.net,Satara,Sikkim,1966-05-05,Standard,2025-05-19
C002853,Hritik,Narayan,srinivaspranav@example.com,Sirsa,Uttar Pradesh,1958-10-13,Premium,2026-03-18
C002854,Harita,Gaba,zarnamane@example.com,Amravati,Assam,1989-01-26,Business,2024-04-30
C002855,Jyoti,Dubey,xalak06@example.net,Sambhal,Kerala,1991-02-17,Premium,2022-04-20
C002856,Avi,Chaudhry,omamol@example.com,Jodhpur,Punjab,1956-07-21,Standard,2025-11-10
C002857,Aahana,Savant,xbhatnagar@example.com,Jamalpur,Maharashtra,1966-05-23,Premium,2024-08-25
C002858,Robert,Sastry,rachit43@example.com,Siliguri,Manipur,1991-06-26,Business,2025-12-16
C002859,Niharika,Ghosh,fradoahuja@example.net,Dhule,Tripura,1953-07-26,Premium,2022-10-26
C002860,Lila,Karan,ibhatnagar@example.org,Proddatur,Kerala,1954-03-23,Business,2024-03-01
C002861,Shivansh,Dhar,venkataramananthony@example.com,Guwahati,Manipur,1980-09-01,Standard,2025-02-24
C002862,Daksh,Madan,meera59@example.com,Dibrugarh,Assam,1991-12-15,Standard,2024-02-16
C002863,Tanmayi,Acharya,vnaidu@example.net,Ajmer,Manipur,1962-12-14,Business,2025-12-05
C002864,Qadim,Balasubramanian,kiaan96@example.net,Jamnagar,Telangana,1974-12-28,Standard,2021-12-04
C002865,Bina,Bhakta,chandresh47@example.org,Panihati,Kerala,1965-10-24,Premium,2022-03-09
C002866,Jyoti,Srinivas,raghavkunda@example.com,Mehsana,Sikkim,1946-09-07,Standard,2022-10-16
C002867,Bhavini,Chahal,ronithchander@example.net,Bilaspur,Kerala,2001-06-02,Business,2022-02-05
C002868,Yug,Chhabra,finnsaran@example.org,Rampur,Gujarat,1980-03-14,Business,2024-06-11
C002869,Vihaan,Sathe,tarora@example.org,Sonipat,Kerala,2001-02-03,Standard,2025-06-06
C002870,Samesh,Balasubramanian,dalajajayaraman@example.org,Bally,Jharkhand,1972-09-13,Business,2024-01-18
C002871,Nathan,Krish,pdada@example.com,Tiruvottiyur,Uttar Pradesh,1957-06-18,Standard,2022-10-29
C002872,Reva,Chhabra,saanvibarad@example.com,Bhilwara,Assam,1961-06-28,Premium,2025-03-01
C002873,Sanya,Garde,kibelogan@example.org,Shahjahanpur,Himachal Pradesh,1992-06-22,Business,2022-12-12
C002874,Nachiket,Sankar,lipika43@example.org,Berhampore,Andhra Pradesh,1950-03-18,Premium,2025-06-04
C002875,Hredhaan,Mohan,iraja@example.org,Karimnagar,Nagaland,1963-07-29,Premium,2025-11-04
C002876,Lila,Sama,netra83@example.com,Amaravati,Bihar,1948-04-08,Standard,2025-09-16
C002877,Nidhi,Pingle,misraomya@example.net,Dewas,Tamil Nadu,1963-07-26,business,2023-01-04
C002878,Vidhi,Madan,upadhyaymaanav@example.org,Asansol,Jharkhand,1981-02-28,Business,2024-01-10
C002879,Ati,Basak,sahotadalaja@example.net,Jamnagar,Meghalaya,1947-09-08,Premium,2023-01-10
C002880,Qadim,Borah,harrisonpatil@example.org,Tadepalligudem,Uttar Pradesh,1996-03-10,Business,2024-08-11
C002881,Andrew,Yadav,aachal33@example.com,Dhanbad,Tamil Nadu,1984-12-31,Business,2025-09-22
C002882,Oscar,Tella,yashvi59@example.org,Nangloi Jat,Manipur,1979-08-16,Standard,2024-05-29
C002883,Tanay,Palla,sastryyauvani@example.org,Guntakal,Assam,1967-09-21,Premium,2022-07-24
C002884,Vedika,Brar,jshetty@example.org,Bihar Sharif,Tripura,1953-12-28,Premium,2023-09-28
C002885,Kai,Palla,tankyasti@example.net,Bhiwandi,Sikkim,1974-10-26,Business,2023-05-11
C002886,Dev,Ratti,harini40@example.com,Vadodara,Meghalaya,2001-11-17,Standard,2024-12-16
C002887,Gautami,Basak,hamsini91@example.net,Bokaro,Tamil Nadu,1948-09-13,Premium,2021-10-11
C002888,Brinda,Roy,elijahbaral@example.com,Bihar Sharif,Arunachal Pradesh,1979-11-22,Business,2024-04-06
C002889,Jhalak,Dua,rsura@example.net,Agra,Sikkim,1953-01-18,Business,2021-12-15
C002890,Yashvi,Pai,arjunbadami@example.net,Muzaffarpur,West Bengal,1972-04-08,Standard,2021-09-14
C002891,Jai,Reddy,chandjyoti@example.com,Mathura,Madhya Pradesh,1987-12-05,Business,2023-02-04
C002892,Nimrat,Murty,rakshashenoy@example.net,Panihati,Rajasthan,1967-06-19,Premium,2021-12-16
C002893,Indira,Divan,yastichawla@example.com,Ahmedabad,Punjab,2005-03-31,Business,2025-11-05
C002894,Ekapad,Balay,anika60@example.com,Deoghar,Telangana,1966-06-24,Premium,2026-03-21
C002895,Veda,Khalsa,barallajita@example.net,Jamshedpur,Andhra Pradesh,1992-04-27,business,2024-10-30
C002896,Kamala,Sahota,gaurangi44@example.net,Farrukhabad,West Bengal,1989-08-26,Business,2022-08-04
C002897,Jyoti,Raghavan,atata@example.net,Ahmedabad,Goa,2004-09-03,Business,2025-09-27
C002898,Eta,Korpal,xavierbera@example.net,Bidar,Assam,1965-03-27,Premium,2022-08-30
C002899,Reyansh,Sama,divya45@example.org,Sonipat,Karnataka,1984-10-10,Standard,2024-12-29
C002900,Vasana,Gaba,perilibni@example.com,Bangalore,Uttarakhand,1964-07-11,Standard,2022-02-12
C002901,Ekiya,Som,dnaik@example.org,Morena,Tripura,1968-02-10,Standard,2024-11-23
C002902,Siya,Sarkar,samaksh73@example.org,Fatehpur,Nagaland,1955-08-25,Standard,2023-02-04
C002903,Nisha,Chander,oagarwal@example.org,Sirsa,Uttarakhand,1959-05-18,Standard,2023-07-03
C002904,Yadavi,Uppal,darshnarasimhan@example.net,Phusro,Rajasthan,1989-10-03,Standard,2021-08-20
C002905,Max,Saxena,varshasuresh@example.org,Katihar,Gujarat,1952-01-29,Standard,2024-07-28
C002906,Unnati,Kapadia,yashasvichaudhary@example.net,Amaravati,Andhra Pradesh,1965-01-25,Business,2025-12-13
C002907,Fariq,Shan,miteshkale@example.com,Udupi,Karnataka,1954-08-11,Business,2026-06-15
C002908,Chandani,Gill,aishani48@example.org,Karimnagar,Chhattisgarh,2004-11-17,Business,2023-08-24
C002909,Lohit,Ganesh,sarnapeter@example.net,Bongaigaon,Telangana,1986-03-08,Standard,2022-06-06
C002910,Utkarsh,Srivastava,fram@example.net,Firozabad,West Bengal,1990-03-16,Premium,2024-03-09
C002911,Christopher,Vyas,ramachandranjoshua@example.net,Coimbatore,Nagaland,1954-01-27,Standard,2024-02-08
C002912,Nihal,Pandit,koshymeghana@example.org,Srikakulam,Nagaland,1984-12-31,Premium,2022-09-25
C002913,Gopal,Loyal,vbala@example.org,Miryalaguda,Punjab,1958-02-09,Business,2022-07-11
C002914,Caleb,Narayan,mandamadhavi@example.com,Gopalpur,Gujarat,1980-12-01,Standard,2022-11-26
C002915,Garima,Borde,yaminigoda@example.org,Udupi,West Bengal,1998-03-15,Standard,2024-05-25
C002916,Maya,Deo,ishani40@example.com,Nadiad,Karnataka,1959-07-06,Business,2025-11-01
C002917,Mohammed,Memon,ladli99@example.net,Nanded,Haryana,1956-08-06,Standard,2022-03-24
C002918,Vedant,Banerjee,dhayre@example.com,Jamalpur,West Bengal,1987-01-21,Business,2022-02-24
C002919,Abdul,Vyas,mohammedthaman@example.org,Madhyamgram,Tamil Nadu,1982-12-21,Business,2023-04-20
C002920,Kevin,Shetty,tara37@example.org,Jaipur,Odisha,1963-10-29,Business,2021-11-05
C002921,Nitara,Choudhary,taranadig@example.org,Panvel,Meghalaya,1986-01-06,Premium,2023-04-27
C002922,Mitesh,Sachdev,chameli94@example.net,Tiruchirappalli,Telangana,1957-08-25,Standard,2024-07-14
C002923,Praneel,Pradhan,sarrafrishi@example.net,Morena,Uttarakhand,1957-12-17,Standard,2026-07-05
C002924,Indali,Kohli,pallapallavi@example.org,Ozhukarai,Meghalaya,1995-11-21,Business,2022-04-02
C002925,Riya,Hegde,amol31@example.org,Junagadh,Tamil Nadu,1954-09-30,Standard,2025-04-30
C002926,Kashish,Dass,aayush38@example.org,Bhagalpur,Maharashtra,1955-05-02,Business,2022-07-18
C002927,Chavvi,Vasa,kbuch@example.com,Cuttack,Bihar,1996-01-20,Business,2025-11-29
C002928,Sachi,Bhatt,manderyadavi@example.org,Shimoga,Tamil Nadu,1972-05-22,business,2022-12-14
C002929,Zayyan,Oak,hvarma@example.com,Agartala,Odisha,1994-12-18,Standard,2022-10-08
C002930,Yachana,Raval,aarav60@example.net,Morbi,Sikkim,1983-09-21,Business,2025-11-29
C002931,Caleb,Babu,zwalla@example.com,Indore,Maharashtra,2002-08-02,Standard,2026-02-11
C002932,Daksh,Agate,patilonveer@example.net,Bhilwara,Mizoram,1958-11-24,Business,2025-04-02
C002933,Manbir,Mangat,egupta@example.org,Muzaffarnagar,Telangana,2002-12-02,Standard,2023-12-01
C002934,Ayush,Barad,paikrish@example.net,Giridih,Madhya Pradesh,2004-08-06,Business,2021-09-18
C002935,Lakshit,Soni,ekavirmagar@example.com,Agartala,Punjab,1977-04-28,Premium,2022-02-16
C002936,Gabriel,Kibe,kothariaachal@example.com,Visakhapatnam,Gujarat,1962-06-14,Business,2023-07-03
C002937,Vanya,Singh,krisha25@example.net,Raipur,Jharkhand,2004-05-07,Business,2025-04-23
C002938,Pahal,De,lakshmi53@example.org,Meerut,Uttarakhand,1983-02-03,Business,2025-07-09
C002939,Orinder,Batra,qushi10@example.org,Bhavnagar,Gujarat,1955-01-26,Business,2021-12-09
C002940,Raagini,Sundaram,chasmum29@example.org,Dehri,Himachal Pradesh,1950-01-09,Standard,2025-03-23
C002941,Reva,Zacharia,valanicholas@example.net,Jaipur,Goa,1974-01-17,Standard,2022-09-17
C002942,Kavya,Kala,revadesai@example.com,Bhiwandi,West Bengal,1985-11-11,Standard,2025-02-28
C002943,Gunbir,Sura,zashilmangal@example.com,Varanasi,Madhya Pradesh,1958-11-27,Standard,2026-07-05
C002944,Ladli,Singh,bakshisachi@example.org,Mango,Gujarat,2001-05-07,Standard,2025-12-30
C002945,Samesh,Panchal,kundaoni@example.com,Nellore,Telangana,1963-07-09,Standard,2025-05-17
C002946,Nitesh,Ravi,dakshratti@example.net,Tiruppur,Rajasthan,1983-05-04,Standard,2022-10-15
C002947,Anika,Johal,vanshabarad@example.com,Kavali,West Bengal,1970-04-15,Business,2022-06-06
C002948,Qabil,Uppal,mdugar@example.org,Kurnool,Uttar Pradesh,2001-07-28,Business,2025-05-05
C002949,Ekaraj,Naik,ekantagrover@example.com,Silchar,Jharkhand,1997-01-05,Premium,2025-09-02
C002950,Azad,Sarma,om81@example.com,Gudivada,Meghalaya,1959-04-28,Business,2022-09-09
C002951,Unnati,Kannan,preddy@example.com,Jabalpur,Punjab,2007-08-13,Premium,2022-01-19
C002952,Jhalak,Shukla,gunbirthakur@example.com,Rourkela,Telangana,1992-03-12,Standard,2025-03-12
C002953,Vedant,Bansal,vviswanathan@example.org,Rewa,Telangana,1955-10-13,Standard,2022-03-14
C002954,Ekapad,Manda,devbadal@example.net,Salem,Jharkhand,1959-02-18,Premium,2025-06-12
C002955,Ekapad,Seshadri,ekavir93@example.org,Ujjain,Tamil Nadu,1976-08-16,Premium,2026-07-08
C002956,Karan,Andra,mpalla@example.com,Haldia,Uttar Pradesh,2003-07-11,Premium,2023-04-30
C002957,Jeevika,Prabhu,quincybatra@example.org,Gwalior,Kerala,1964-08-01,Standard,2023-06-15
C002958,Vasana,Rajan,faras37@example.org,Kamarhati,Jharkhand,1987-06-22,Standard,2024-11-09
C002959,Chandran,Madan,karpeneha@example.com,Adoni,Bihar,1992-07-04,Premium,2022-11-27
C002960,Vasudha,Sathe,isaac91@example.com,Tiruchirappalli,Uttarakhand,1987-10-02,Standard,2022-09-29
C002961,Saumya,Gokhale,kamyanayar@example.net,Medininagar,Chhattisgarh,1975-01-17,Premium,2023-02-23
C002962,Gauri,Saini,kibebhavini@example.net,Kottayam,Chhattisgarh,1946-09-30,Premium,2025-04-29
C002963,Neel,Swaminathan,gokhalerohan@example.net,Surendranagar Dudhrej,Sikkim,1997-06-28,Standard,2022-05-31
C002964,Sathvik,Mitra,hchaudry@example.com,Barasat,Punjab,2008-04-13,Premium,2023-09-22
C002965,Indrajit,Aurora,samuelben@example.net,Bokaro,Himachal Pradesh,1970-02-25,Business,2021-11-07
C002966,Balvan,Mistry,benjamin19@example.org,Patna,Uttar Pradesh,1992-03-03,Business,2024-07-09
C002967,Kala,Iyer,fsabharwal@example.net,Darbhanga,Andhra Pradesh,1967-05-10,Premium,2025-04-16
C002968,Tanveer,Modi,wardanadkarni@example.net,Dindigul,Arunachal Pradesh,1993-08-27,Business,2024-04-17
C002969,Ishita,Korpal,dsangha@example.org,Indore,Nagaland,1961-03-22,Standard,2025-11-14
C002970,Qarin,Sangha,sankarandayita@example.net,Srinagar,Goa,1950-12-05,Standard,2021-11-08
C002971,Oni,Dasgupta,reva28@example.com,Raebareli,Bihar,1991-03-21,Standard,2022-10-05
C002972,Yasti,Sawhney,harita30@example.org,Gaya,Assam,1948-08-17,Premium,2025-11-13
C002973,Irya,Pai,braju@example.org,Allahabad,Maharashtra,1988-02-08,Business,2025-01-16
C002974,Jacob,Sane,jbhandari@example.net,Berhampore,Karnataka,1978-11-20,Business,2024-02-14
C002975,Warjas,Kale,pranit20@example.net,Ichalkaranji,Rajasthan,1985-12-05,Standard,2022-07-05
C002976,Hemang,Cherian,ykurian@example.com,Gandhidham,Bihar,1954-07-15,Premium,2022-01-31
C002977,Warhi,Goswami,harinisheth@example.com,Navi Mumbai,Goa,1956-04-17,Premium,2026-05-27
C002978,Jacob,Warrior,surinimrat@example.net,Bihar Sharif,Uttarakhand,2007-05-14,Standard,2024-07-03
C002979,Nicholas,Grewal,urvi15@example.com,North Dumdum,Jharkhand,2007-02-09,Business,2024-10-26
C002980,Gaurang,Chawla,simonpurohit@example.com,Begusarai,Rajasthan,1986-06-26,Business,2023-07-16
C002981,Zaitra,Chadha,yagnesh62@example.com,Latur,Chhattisgarh,1959-03-05,Business,2023-07-05
C002982,Harita,Kalita,azaanthakkar@example.net,Nizamabad,Madhya Pradesh,1979-03-23,Business,2026-02-13
C002983,Gautami,Bhardwaj,jhagopal@example.com,Raichur,Odisha,1982-05-24,Business,2023-08-20
C002984,Harish,Subramanian,bansaladvik@example.net,Kharagpur,Himachal Pradesh,1955-06-12,Premium,2025-12-05
C002985,Vansha,Swamy,lbhat@example.org,Siliguri,Jharkhand,1972-07-03,Standard,2025-06-04
C002986,Jairaj,Aurora,vrinda07@example.net,Tadipatri,Telangana,1989-09-27,Standard,2025-07-06
C002987,Amaira,Viswanathan,yatinprabhu@example.org,New Delhi,Chhattisgarh,1989-02-20,Premium,2023-04-12
C002988,Jeet,Sundaram,zinal21@example.net,Shimla,Haryana,1993-03-31,Standard,2021-10-24
C002989,Frado,Narang,sathvik39@example.com,Vijayawada,Kerala,1954-02-18,Premium,2022-07-02
C002990,Harshil,Jaggi,ijaya54@example.org,Thanjavur,Goa,1970-11-01,Standard,2026-06-07
C002991,Jeet,Bandi,isanghvi@example.net,Ahmednagar,Jharkhand,1993-03-29,Business,2024-08-31
C002992,Noah,Nanda,parth02@example.com,Serampore,Uttarakhand,1962-04-28,Business,2024-02-10
C002993,Bhavini,Varty,qray@example.com,Jalandhar,Andhra Pradesh,1991-08-15,Premium,2022-04-08
C002994,Aadhya,Banerjee,mekhalakannan@example.net,Kumbakonam,Madhya Pradesh,1980-02-10,Standard,2025-05-14
C002995,Harshil,Chandran,prashadvedhika@example.com,Kharagpur,Madhya Pradesh,1993-03-13,Business,2023-12-10
C002996,Inaya,Naik,,Bhubaneswar,Haryana,2003-05-11,Business,2024-01-15
C002997,Mitesh,Memon,rohanbedi@example.com,Kollam,Andhra Pradesh,1952-03-02,Business,2022-10-16
C002998,Rajata,Mani,cvarty@example.net,Patna,Bihar,1995-03-09,Business,2024-05-19
C002999,Veda,Kurian,adya08@example.com,Rohtak,Tripura,1997-11-19,Business,2023-05-05
C003000,Megha,Dhaliwal,dassoni@example.com,Allahabad,Rajasthan,1947-01-31,Business,2026-01-30
C003001,Tristan,Choudhary,manya54@example.org,Coimbatore,Andhra Pradesh,1969-09-28,Premium,2025-01-17
C003002,Zayan,Bhalla,rajanbhavna@example.org,Nashik,Arunachal Pradesh,1999-10-18,Standard,2021-10-18
C003003,Chaman,Brahmbhatt,dattaaahana@example.com,Chinsurah,Rajasthan,1976-11-18,Business,2023-01-22
C003004,Kalpit,Sawhney,amritaborde@example.org,Hapur,Goa,2005-08-28,Standard,2024-03-25
C003005,Omisha,Khare,ekanivenkataraman@example.net,Rajkot,Bihar,1966-11-20,Standard,2022-12-13
C003006,Vihaan,Chauhan,minhasluke@example.com,Nizamabad,Nagaland,1993-08-19,Premium,2021-10-23
C003007,Chavvi,Kant,udyatichoudhary@example.com,Kochi,Madhya Pradesh,2001-11-25,standard,2026-03-04
C003008,Joshua,Bains,cmittal@example.com,Hubli–Dharwad,Andhra Pradesh,1957-06-16,Business,2023-12-18
C003009,Isha,Kannan,ijayasinha@example.com,Kochi,Meghalaya,1978-06-27,Business,2024-01-03
C003010,Wyatt,Ghosh,anusha30@example.org,Bhimavaram,Himachal Pradesh,1962-06-02,Standard,2025-10-24
C003011,Nihal,Shah,ktalwar@example.org,Sirsa,Tamil Nadu,1968-06-03,Premium,2021-10-11
C003012,Advik,Keer,aarna73@example.com,Bongaigaon,Arunachal Pradesh,2004-01-29,Business,2022-05-11
C003013,Mohammed,Vohra,elijahbajwa@example.com,Sonipat,Tamil Nadu,1959-06-13,Standard,2022-08-18
C003014,Ekbal,Gara,etakamdar@example.com,Motihari,Gujarat,1986-07-23,Business,2024-07-04
C003015,Manya,Choudhary,thamannachiket@example.org,Ambala,Chhattisgarh,1972-04-08,Standard,2025-06-04
C003016,Hamsini,Doshi,arjun91@example.org,Maheshtala,Himachal Pradesh,1974-01-07,Business,2026-01-16
C003017,Rajeshri,Sen,tvala@example.net,Darbhanga,Karnataka,1986-07-13,Business,2023-06-28
C003018,Aarini,Batta,nigamharinakshi@example.org,Bettiah,Maharashtra,1964-04-08,Standard,2023-02-17
C003019,Yuvraj,Shere,kulkarnichasmum@example.net,Danapur,Tripura,1961-01-21,Business,2023-11-23
C003020,Yochana,Uppal,yoshita62@example.net,Kirari Suleman Nagar,Tripura,1979-02-22,Business,2023-07-18
C003021,Dhriti,Soni,cranganathan@example.net,Bidhannagar,Arunachal Pradesh,1948-10-31,Business,2025-01-16
C003022,Dalaja,Bhavsar,raofrederick@example.net,Bijapur,Kerala,1949-10-08,Premium,2024-09-21
C003023,Ekantika,Tank,umang12@example.com,Ongole,Tamil Nadu,1976-12-06,Business,2023-04-15
C003024,Indira,Misra,bchakrabarti@example.net,Ambattur,Telangana,2004-01-25,Standard,2023-12-30
C003025,Jasmit,Bumb,ykashyap@example.com,Hapur,Bihar,1982-11-24,Premium,2024-03-18
C003026,Damini,Cherian,boasetarak@example.net,Tinsukia,Jharkhand,1988-03-03,Business,2023-10-26
C003027,Ekantika,Mohanty,sandalishwar@example.net,Kota,Mizoram,1997-08-22,Business,2022-03-09
C003028,Triya,Mittal,ishanvichauhan@example.net,Tirupati,Andhra Pradesh,1992-01-28,Standard,2024-09-24
C003029,Manthan,Sarkar,aarnavsheth@example.net,Kalyan-Dombivli,Goa,2003-09-15,Business,2023-04-30
C003030,Januja,Subramaniam,faristoor@example.net,Jalgaon,Goa,1976-04-16,Business,2022-09-06
C003031,Manbir,Saraf,ememon@example.net,Nizamabad,West Bengal,1997-01-15,Business,2025-11-09
C003032,Indali,Sastry,gaurangi08@example.org,Silchar,Uttarakhand,1954-03-19,Standard,2023-01-20
C003033,Amruta,Hayer,rtaneja@example.com,Jaunpur,Kerala,1956-08-01,business,2021-10-19
C003034,Unni,Sethi,ladaarini@example.org,Burhanpur,Mizoram,1987-07-16,Premium,2026-05-14
C003035,Vrishti,Cheema,tdhawan@example.com,Kottayam,Kerala,1953-02-23,Premium,2022-11-04
C003036,Naksh,Barad,tanveertripathi@example.net,Coimbatore,Gujarat,1968-02-20,Standard,2025-03-06
C003037,Kevin,Krishnan,qmani@example.com,Bahraich,Haryana,1989-08-04,Standard,2022-03-12
C003038,Gabriel,Sood,tagrawal@example.com,Nandyal,Meghalaya,1975-04-06,Premium,2025-11-13
C003039,Indrajit,Agate,anandekaraj@example.net,Jaunpur,Madhya Pradesh,1974-06-07,Standard,2022-06-14
C003040,Champak,Venkatesh,aahanachawla@example.net,Ghaziabad,Manipur,1946-10-31,business,2023-06-06
C003041,Fariq,Rau,manbir19@example.com,Tadepalligudem,Himachal Pradesh,1991-10-28,Premium,2026-03-11
C003042,Sathvik,Patel,kprabhu@example.net,Indore,Haryana,1949-12-21,Premium,2025-01-08
C003043,Om,De,ganga13@example.org,Berhampur,Punjab,2007-10-29,Business,2021-09-04
C003044,Om,Naik,chaaya64@example.net,Panipat,West Bengal,1991-02-07,Premium,2025-03-19
C003045,Omaja,Chanda,bavaomisha@example.com,Faridabad,Meghalaya,1964-07-12,Standard,2025-12-19
C003046,Tanveer,Wable,tpathak@example.com,Machilipatnam,Haryana,1964-01-06,Premium,2025-09-24
C003047,Viraj,Loyal,udarsh58@example.com,Tumkur,Haryana,1962-06-29,Premium,2025-01-17
C003048,Zaid,Pillai,hayervarsha@example.org,Hosur,Goa,1983-12-22,Premium,2024-01-16
C003049,Jairaj,Venkataraman,warhitak@example.net,Raebareli,Tripura,1947-08-21,Business,2024-03-10
C003050,Farhan,Narayan,yogirobert@example.org,Nadiad,Kerala,1990-09-25,Standard,2022-10-09
C003051,Dipta,Ahluwalia,wranganathan@example.com,Bilaspur,Meghalaya,2006-07-01,Standard,2023-05-26
C003052,Jagat,Mutti,georgelall@example.net,Satara,Andhra Pradesh,1971-03-23,Business,2026-06-01
C003053,Nicholas,Prakash,pathakisaiah@example.net,Tiruvottiyur,Arunachal Pradesh,1985-02-03,Business,2025-10-31
C003054,Yashoda,Pal,nbuch@example.net,Morena,Tripura,1966-11-10,Premium,2024-10-09
C003055,Nathan,Bhatt,lnarasimhan@example.net,New Delhi,Rajasthan,1951-08-10,Business,2024-01-02
C003056,Darsh,Kota,riasodhi@example.net,Vijayawada,Karnataka,1960-10-25,Premium,2024-03-22
C003057,Om,Behl,hkothari@example.net,Bhind,Mizoram,1988-07-27,Premium,2024-03-23
C003058,Manbir,Tank,parekhcharan@example.org,Mirzapur,Maharashtra,1970-05-06,Standard,2023-10-12
C003059,Krisha,Chowdhury,abehl@example.net,Khora ,Nagaland,1965-11-19,Premium,2022-06-19
C003060,Imaran,Din,jbhatt@example.com,Sagar,Uttarakhand,1954-06-17,Premium,2022-11-22
C003061,Thomas,Doctor,alexander07@example.net,Surat,Meghalaya,1997-05-27,Premium,2025-07-10
C003062,Ekavir,Krishnamurthy,lokefaras@example.net,Ujjain,Bihar,1993-04-07,Premium,2022-06-27
C003063,Daksh,Chadha,agastya11@example.net,Ulhasnagar,Assam,1966-11-19,Premium,2023-01-08
C003064,Kiaan,Srinivas,wablechatresh@example.org,Ambala,Assam,1977-08-14,Premium,2022-05-20
C003065,Gautami,Mukhopadhyay,hchoudhury@example.net,Mathura,Kerala,1996-09-01,Business,2025-11-05
C003066,Farhan,Mallick,chatreshghose@example.org,Kharagpur,Maharashtra,1957-10-31,Business,2023-03-08
C003067,Raksha,Goel,vanyanarang@example.org,Bhalswa Jahangir Pur,Arunachal Pradesh,1957-09-05,Premium,2024-09-05
C003068,Wishi,Vyas,ydey@example.org,Ichalkaranji,Maharashtra,1984-04-03,Premium,2022-08-10
C003069,Upadhriti,Parikh,aryapalla@example.net,Muzaffarpur,Nagaland,2002-01-03,Business,2022-05-22
C003070,Girik,Mall,danielparmer@example.com,Bettiah,Maharashtra,1971-12-25,Premium,2022-01-15
C003071,Simon,Mody,ira66@example.net,Srinagar,Odisha,1963-02-25,Standard,2023-01-24
C003072,Karan,Handa,vansha65@example.org,Begusarai,Telangana,2002-04-29,Business,2025-06-07
C003073,Edhitha,Bhargava,chakradharzacharia@example.com,Tinsukia,Odisha,1957-11-14,Business,2022-12-05
C003074,Logan,Maharaj,ikbalbadal@example.net,Tezpur,Nagaland,1976-03-15,Premium,2022-10-06
C003075,Patrick,Joshi,tpathak@example.com,Akola,Haryana,1959-09-28,Standard,2023-01-09
C003076,Ekani,Nadkarni,lakshminarayanan@example.com,Raurkela Industrial Township,Mizoram,1949-10-08,Premium,2021-11-29
C003077,Kalpit,Trivedi,maanavnarayanan@example.com,Gangtok,Mizoram,1990-10-30,Premium,2026-01-08
C003078,Jeremiah,Lad,hchoudhury@example.net,Bihar Sharif,Mizoram,1950-02-25,Standard,2025-01-09
C003079,Vidhi,Subramaniam,mistrydivya@example.org,Pallavaram,Manipur,1971-10-04,Premium,2021-09-12
C003080,Jonathan,Konda,tanayatwal@example.org,Purnia,Chhattisgarh,1960-03-18,Standard,2026-07-12
C003081,Jhalak,Mann,zaitra43@example.com,Karaikudi,Jharkhand,1986-02-14,Standard,2022-10-19
C003082,Sachi,Rao,obhatt@example.org,Gudivada,Uttarakhand,1953-04-30,Premium,2025-09-21
C003083,Victor,Tank,falguniwadhwa@example.net,Gulbarga,Goa,1997-03-13,Standard,2023-12-26
C003084,Laban,Lala,mpai@example.org,Kozhikode,Manipur,1978-08-15,Standard,2025-05-09
C003085,Upkaar,Rajagopal,ektabhakta@example.org,Tadipatri,West Bengal,1971-06-07,Business,2022-02-04
C003086,Warinder,Solanki,gwarrior@example.com,Ramagundam,Arunachal Pradesh,1999-06-21,Business,2023-02-07
C003087,Christopher,Dara,gautamimerchant@example.org,Kolkata,Manipur,1957-01-06,Business,2024-05-28
C003088,Devika,Sahota,qushikeer@example.org,Miryalaguda,Maharashtra,1953-12-17,Standard,2024-05-05
C003089,Ekaja,Uppal,sdutta@example.org,Pali,Goa,1954-12-18,Premium,2022-04-11
C003090,Amol,De,smann@example.com,Korba,Goa,1967-07-22,Premium,2022-08-10
C003091,Dayamai,Grewal,kgala@example.com,Yamunanagar,Odisha,1951-12-26,Business,2024-12-16
C003092,Ladli,Badami,tripti38@example.com,Bhilwara,Goa,1997-09-29,Premium,2024-10-13
C003093,Aditya,Chakrabarti,chatura48@example.org,Cuttack,Meghalaya,1987-01-16,Business,2023-05-05
C003094,Nicholas,Tandon,bavachakradev@example.net,Tinsukia,Himachal Pradesh,1992-10-22,Premium,2022-10-01
C003095,Neelima,Korpal,meera77@example.net,Varanasi,Gujarat,1976-03-29,Premium,2026-08-03
C003096,Bachittar,Maharaj,upkaarratta@example.net,Kota,Uttar Pradesh,1956-02-05,Business,2026-04-04
C003097,Sudiksha,Ganesan,ahujaomaja@example.com,Coimbatore,Madhya Pradesh,1985-01-12,Business,2021-09-14
C003098,Unnati,Sarkar,chakradevdivan@example.net,Meerut,Uttar Pradesh,1972-11-08,Premium,2026-04-28
C003099,Avi,Naik,samakshpillay@example.org,Rampur,Nagaland,1974-08-03,Business,2026-04-02
C003100,Neelima,Bhavsar,vinaya02@example.com,Bhiwani,Odisha,1965-02-06,Business,2026-03-29
C003101,Harinakshi,Rai,ranbir93@example.org,Bettiah,Rajasthan,2007-07-16,Business,2024-10-14
C003102,George,Keer,gunbirvasa@example.org,Nellore,Rajasthan,1951-08-23,Standard,2021-12-23
C003103,Aryan,Chander,vkalla@example.com,Raiganj,Assam,2001-04-21,Premium,2023-09-10
C003104,Amruta,Devi,dalbir05@example.net,Kishanganj,Haryana,1996-04-17,Premium,2026-03-24
C003105,Ekbal,Murthy,gavinkapadia@example.com,Unnao,Tripura,1979-11-24,Standard,2021-08-31
C003106,Widisha,Ravi,theodore39@example.org,Madanapalle,Goa,1956-06-27,Business,2021-12-15
C003107,Anya,Guha,chakradevsetty@example.com,North Dumdum,Assam,1974-05-28,Premium,2024-04-11
C003108,Lopa,Prabhakar,ikbalbarman@example.com,Gurgaon,Assam,1966-01-23,Standard,2022-04-17
C003109,Abdul,Doctor,odikabedi@example.net,Kadapa,Uttarakhand,1959-02-22,Premium,2023-09-13
C003110,Saksham,Setty,fbobal@example.org,Muzaffarnagar,Madhya Pradesh,1978-05-19,Standard,2022-10-02
C003111,Aachal,Dutt,jsagar@example.net,Vadodara,Uttarakhand,1945-09-09,Premium,2022-06-29
C003112,Abhimanyu,Agarwal,kabirbuch@example.com,Nangloi Jat,Jharkhand,1953-11-06,Standard,2026-04-15
C003113,Yashodhara,Ram,bsinha@example.com,Hosur,Goa,1978-07-14,Premium,2023-07-27
C003114,Warda,Rege,kbhargava@example.org,Ghaziabad,Kerala,1960-01-12,Premium,2022-01-03
C003115,Idika,Wagle,tripti15@example.com,Bhilwara,Madhya Pradesh,1971-06-14,Standard,2026-04-02
C003116,Krisha,Yogi,kritika28@example.net,Avadi,Gujarat,1949-06-25,Standard,2023-03-19
C003117,Pooja,Tella,pranavsharaf@example.net,Haridwar,Odisha,1987-04-28,Standard,2026-07-19
C003118,Avi,Setty,ndhillon@example.org,Hindupur,Jharkhand,1952-10-17,Standard,2024-11-28
C003119,Baljiwan,Ben,hemaldhawan@example.org,Jammu,Goa,1959-06-04,Premium,2025-07-13
C003120,Zaid,Kota,ozarachana@example.net,Thoothukudi,Bihar,1947-12-18,Premium,2025-03-29
C003121,Anika,Saha,banikfaraj@example.net,Latur,Madhya Pradesh,1994-04-13,Premium,2023-04-17
C003122,Ati,Rajagopal,smahajan@example.com,Patna,Chhattisgarh,2000-11-16,Premium,2024-03-19
C003123,Aryan,Raju,jatin46@example.com,Cuttack,Chhattisgarh,2007-04-14,Standard,2024-06-18
C003124,Bhavika,Gara,veda09@example.org,Rajpur Sonarpur,Mizoram,1969-04-04,Business,2024-08-17
C003125,Vyanjana,Dugar,savantlekha@example.net,Ghaziabad,Jharkhand,1954-09-05,Standard,2025-10-02
C003126,Anirudh,Kade,iatwal@example.org,Tinsukia,Haryana,1974-09-30,Business,2023-02-14
C003127,Aishani,Deo,hemal92@example.org,Bally,Mizoram,1988-07-09,Standard,2023-08-31
C003128,Zashil,Balakrishnan,nachiketmalhotra@example.net,Karaikudi,Tripura,1969-09-17,Premium,2025-02-09
C003129,Jyoti,Bose,datwal@example.com,Ludhiana,Sikkim,1957-03-21,Standard,2023-10-18
C003130,Krisha,Bhalla,nikitakhosla@example.org,Giridih,Nagaland,1964-04-12,Premium,2023-04-07
C003131,Bhavya,Bhatnagar,hsarna@example.com,Silchar,Jharkhand,1956-10-03,Premium,2023-12-03
C003132,Falguni,Keer,pratyushdixit@example.org,Surat,Chhattisgarh,2001-03-26,Business,2022-02-10
C003133,Bimala,Sharma,ugrover@example.org,Hyderabad,Punjab,2005-05-19,Premium,2022-10-16
C003134,Lipika,Varma,jacobdutta@example.org,Belgaum,Nagaland,2003-10-31,Business,2023-03-30
C003135,Amaira,Ganguly,megha45@example.net,Delhi,Rajasthan,1983-08-23,Business,2025-11-06
C003136,Hema,Majumdar,tanmayinarula@example.com,Vasai-Virar,Punjab,1970-08-21,Business,2021-11-04
C003137,Anamika,Ganesh,vmemon@example.net,Mathura,Uttar Pradesh,2000-10-06,Standard,2022-06-13
C003138,Onkar,Wali,gavin69@example.net,Nagaon,Odisha,1957-10-18,Premium,2022-04-06
C003139,Gautami,Rai,narayanfalan@example.com,Ambattur,Odisha,2004-11-27,Premium,2022-07-15
C003140,Chakrika,Swamy,bosejyoti@example.org,Bahraich,Bihar,1946-02-28,Standard,2023-02-15
C003141,Anusha,Rastogi,yrama@example.org,Gandhidham,Mizoram,2000-10-09,Standard,2024-01-17
C003142,Nihal,Subramanian,lbuch@example.com,Sambhal,Tamil Nadu,1954-05-16,Standard,2022-08-15
C003143,Dipta,Purohit,pathakshivansh@example.org,Kolkata,West Bengal,1964-01-13,Premium,2023-05-29
C003144,Yashodhara,Goda,pushti54@example.net,Kamarhati,Arunachal Pradesh,1967-04-11,Business,2022-12-17
C003145,Yug,Konda,maanaskade@example.org,Guntakal,Manipur,1977-08-29,Premium,2026-07-29
C003146,Jyoti,Deo,saksham36@example.net,Nadiad,West Bengal,1966-09-29,business,2025-11-19
C003147,Janani,Koshy,sekhonfalak@example.com,Panipat,Assam,2006-10-29,Business,2022-11-10
C003148,Daniel,Bhattacharyya,sankarabeer@example.com,Jamalpur,West Bengal,2001-09-01,Premium,2024-12-24
C003149,Ojasvi,Ravi,schahal@example.net,Rajahmundry,Mizoram,1954-04-11,Business,2021-12-13
C003150,Ekantika,Zachariah,michael19@example.net,Patiala,Tamil Nadu,1982-03-30,Business,2025-11-16
C003151,Indrajit,Seth,guneet02@example.net,Satna,Himachal Pradesh,1963-04-20,Premium,2022-01-18
C003152,Atharv,Rajagopal,yogipahal@example.net,Satara,Maharashtra,1948-03-05,Business,2022-08-04
C003153,Siya,Sheth,bansallakshit@example.net,Bhavnagar,Odisha,2002-12-29,Standard,2025-03-22
C003154,Samesh,Kalla,mbanerjee@example.org,Karawal Nagar,Uttarakhand,1968-04-01,Business,2022-03-03
C003155,Oliver,Biswas,nsawhney@example.com,Bettiah,Kerala,1996-04-06,standard,2024-01-06
C003156,Tanay,Yogi,ckapoor@example.net,Amroha,Arunachal Pradesh,1981-08-14,Standard,2023-08-14
C003157,Lajita,Vig,tristankannan@example.org,Secunderabad,Tamil Nadu,1965-12-27,Standard,2022-10-26
C003158,Zilmil,Issac,kakarekbal@example.org,Kochi,Rajasthan,1987-10-25,Premium,2025-10-17
C003159,Irya,Srinivasan,senguptanitesh@example.net,Satara,Rajasthan,1991-02-18,Business,2022-03-09
C003160,Yashvi,Memon,rachita66@example.net,Imphal,Meghalaya,1976-02-16,Premium,2024-12-21
C003161,Jagdish,Jayaraman,kapurbhanumati@example.com,Siliguri,Gujarat,1972-07-07,Premium,2024-09-26
C003162,Nakul,Andra,hkade@example.org,Ambarnath,Chhattisgarh,1958-03-27,Premium,2024-08-11
C003163,Qadim,Tailor,igoyal@example.net,Tiruchirappalli,Goa,1998-08-12,Business,2023-04-23
C003164,Fariq,Bhardwaj,znarayan@example.net,Chinsurah,Kerala,1977-07-26,Business,2025-09-07
C003165,Qasim,Loke,hkanda@example.org,Anantapuram,Nagaland,1961-04-23,Premium,2024-08-26
C003166,Aarna,Sule,azaan18@example.com,Mathura,Karnataka,1971-05-24,Premium,2026-01-17
C003167,Inaya,Grover,inayatalwar@example.org,Kishanganj,Himachal Pradesh,1987-06-30,Premium,2021-10-13
C003168,Yashoda,Cheema,omcharles@example.net,Bihar Sharif,West Bengal,1972-08-19,Premium,2024-01-25
C003169,Pranav,Mander,kmutti@example.com,Sangli-Miraj & Kupwad,Rajasthan,1990-03-11,Business,2022-11-19
C003170,Harish,Venkatesh,urau@example.net,Anantapur,Maharashtra,1955-10-14,Premium,2024-12-27
C003171,Amrita,Sridhar,jgoyal@example.org,Phagwara,Punjab,1965-10-10,Business,2026-01-24
C003172,Brijesh,Chakrabarti,saanvi26@example.net,Shimla,Chhattisgarh,1979-12-05,Premium,2023-11-25
C003173,Ronith,Keer,wahabsrinivas@example.com,Raipur,Bihar,2002-01-06,Premium,2026-01-01
C003174,Oni,Badami,azadmenon@example.net,Vijayawada,Mizoram,1986-03-15,Standard,2023-05-01
C003175,Dev,Ramanathan,ojani@example.com,Nagaon,West Bengal,1981-12-05,Standard,2022-01-26
C003176,Thomas,Garg,dhruv99@example.com,Ramagundam,Manipur,1979-12-20,Business,2024-03-03
C003177,Tanveer,Sha,gshanker@example.org,Kakinada,Gujarat,1986-03-29,Business,2023-10-12
C003178,Ekansh,Rai,utkarsh68@example.com,Bongaigaon,Uttar Pradesh,1966-11-25,Business,2021-12-15
C003179,Finn,Kata,randhawaodika@example.net,Dindigul,Goa,1983-09-09,Business,2025-01-14
C003180,Ubika,Sachdev,neelima86@example.com,Nangloi Jat,Sikkim,1952-10-30,Standard,2026-04-27
C003181,Aarnav,Nath,lsinghal@example.net,Sikar,Jharkhand,1950-02-10,Premium,2024-01-12
C003182,Benjamin,Prasad,omyadhingra@example.org,Hajipur,Punjab,1961-01-24,Business,2022-06-19
C003183,Neelima,Ranganathan,biryashasvi@example.net,Sambhal,Tamil Nadu,1977-12-30,Standard,2026-03-10
C003184,Radha,Atwal,sathedipta@example.org,Mau,Telangana,1996-01-09,Premium,2022-03-02
C003185,Qasim,Brahmbhatt,itank@example.org,Jalandhar,Odisha,1956-12-04,Standard,2026-05-29
C003186,Dakshesh,Madan,vedhika13@example.com,Amritsar,Andhra Pradesh,1957-08-13,Premium,2024-04-09
C003187,Maanas,Bandi,tdube@example.org,Guwahati,Assam,1987-11-03,Standard,2023-06-07
C003188,Akshay,Bobal,widisha73@example.org,Noida,Odisha,1993-05-26,Standard,2021-10-07
C003189,Odika,Misra,baradchatura@example.net,Ujjain,Sikkim,1987-05-05,Business,2022-03-06
C003190,Alexander,Bhatnagar,manyapau@example.com,Udaipur,Tripura,1990-03-19,Premium,2026-04-11
C003191,Karan,Sani,ishaan92@example.org,Katihar,Punjab,1984-01-02,Standard,2024-09-01
C003192,Nathan,Pillay,subramaniamwriddhish@example.com,Machilipatnam,Telangana,1959-03-25,Premium,2022-12-03
C003193,Adya,Sarma,joshiprisha@example.net,Maheshtala,Uttar Pradesh,1985-03-04,Premium,2023-12-15
C003194,Omkaar,Sawhney,vrindawali@example.com,Kamarhati,Himachal Pradesh,1946-07-28,Standard,2022-07-11
C003195,Daksh,Bora,jkuruvilla@example.org,Vellore,Madhya Pradesh,1989-08-25,Premium,2023-12-26
C003196,Yutika,Pandey,saanvisengupta@example.net,Bidhannagar,Uttarakhand,1986-04-26,Premium,2025-11-11
C003197,Ishani,Chopra,janyajain@example.com,Dindigul,Nagaland,1954-08-18,Standard,2022-10-07
C003198,Amruta,Chakrabarti,lchaudhuri@example.com,Ghaziabad,West Bengal,1977-01-07,Premium,2022-02-19
C003199,Dalaja,Buch,ishwar52@example.org,Tadipatri,Assam,1994-12-05,Standard,2023-12-15
C003200,Daniel,Gupta,ppadmanabhan@example.com,Gandhidham,Odisha,1966-08-07,Premium,2021-09-19
C003201,Yadavi,Pal,chakrabortyupma@example.com,Howrah,Uttar Pradesh,1996-07-01,Premium,2023-05-26
C003202,Gaurangi,Talwar,bgopal@example.org,Shimla,Sikkim,1957-06-25,Business,2021-12-17
C003203,Vincent,Kamdar,godayadavi@example.org,Raichur,Chhattisgarh,1949-05-20,Standard,2023-06-06
C003204,Triya,Pradhan,yutika71@example.com,Gorakhpur,Madhya Pradesh,2004-04-02,Premium,2024-03-25
C003205,Ekta,Dube,theodorerau@example.com,Bhimavaram,Goa,1950-05-12,Premium,2024-06-15
C003206,Raagini,Basu,hardik94@example.org,Thiruvananthapuram,West Bengal,1995-08-24,Standard,2025-12-23
C003207,Orinder,Cheema,ymahajan@example.net,Darbhanga,Uttarakhand,1986-08-23,Standard,2023-03-24
C003208,Ucchal,Ghosh,zilmil67@example.org,Hosur,Jharkhand,1997-03-27,Standard,2025-12-16
C003209,Ekavir,Bumb,chanchaldara@example.com,Loni,Jharkhand,2000-03-24,Business,2023-01-20
C003210,Omkaar,Dalal,yamini38@example.net,Bhimavaram,Mizoram,1993-10-29,Standard,2025-04-05
C003211,Manthan,Bedi,dominic46@example.net,Shahjahanpur,Rajasthan,1989-10-16,Business,2024-08-22
C003212,Radha,Kumar,isaiahshroff@example.net,Hindupur,Mizoram,1969-03-05,Business,2022-04-21
C003213,Vincent,Aggarwal,buchharrison@example.org,Davanagere,Goa,2000-03-21,Business,2026-03-06
C003214,Max,Kapur,daradalbir@example.com,Ambarnath,Maharashtra,2003-03-31,Business,2025-09-03
C003215,Bhanumati,Panchal,pmanne@example.org,Ambala,Tamil Nadu,1984-01-28,Standard,2022-09-19
C003216,Joshua,Chada,pbava@example.net,Bardhaman,Arunachal Pradesh,1964-09-23,Premium,2021-12-10
C003217,Varsha,Chana,bdasgupta@example.com,Chandrapur,Assam,1972-05-04,Standard,2022-05-02
C003218,Gautam,Dar,lohit30@example.com,Burhanpur,Sikkim,1956-10-04,Standard,2024-07-12
C003219,Chasmum,Grover,rishibarad@example.com,Shimoga,Punjab,1967-01-01,Business,2023-06-04
C003220,Aarnav,Bawa,prabhuwyatt@example.org,Alappuzha,Punjab,1952-02-22,Standard,2023-12-11
C003221,Jai,Ranganathan,ydatta@example.com,Chittoor,Gujarat,1983-08-26,Business,2026-07-08
C003222,Jagat,Dhar,jgaba@example.com,Jodhpur,Tamil Nadu,1988-01-04,Standard,2024-08-03
C003223,Varenya,Char,ladveer@example.net,Nellore,Mizoram,1976-07-31,Standard,2025-08-16
C003224,Panini,Buch,hbali@example.com,Pune,Arunachal Pradesh,1958-07-09,Standard,2022-06-14
C003225,Veer,Suresh,qsoman@example.org,Arrah,Uttar Pradesh,2005-03-25,Standard,2021-09-01
C003226,Adya,Lala,prakashyashawini@example.com,Bhusawal,Andhra Pradesh,1956-05-12,Standard,2024-04-20
C003227,Chaaya,Lalla,behlsamesh@example.net,Danapur,Manipur,1962-03-20,Premium,2026-02-10
C003228,Hredhaan,Jha,chadawazir@example.com,Agra,Uttarakhand,1988-08-02,Premium,2024-06-10
C003229,David,Arya,wmahajan@example.com,Katihar,Uttar Pradesh,1977-09-08,Standard,2026-07-01
C003230,Nidhi,Ramachandran,inaya09@example.net,Hospet,Tripura,1979-10-04,Business,2021-11-17
C003231,Tanmayi,Lata,oni86@example.net,Dehradun,Rajasthan,1970-08-04,Premium,2023-01-19
C003232,Gautami,Patla,ekanta71@example.net,Naihati,Uttar Pradesh,1994-12-06,Standard,2025-11-19
C003233,Leena,Keer,surethan@example.com,Aurangabad,Sikkim,1979-06-20,Standard,2025-01-06
C003234,Neelima,Ahluwalia,thakerharsh@example.com,Sultan Pur Majra,Assam,2002-05-19,Standard,2025-09-06
C003235,Maya,Sehgal,kotaeiravati@example.net,Sangli-Miraj & Kupwad,Punjab,1982-09-07,Business,2025-05-29
C003236,Falak,Kala,tarak29@example.org,Amroha,Chhattisgarh,1952-04-29,Business,2024-02-04
C003237,Ekanta,Dixit,darika16@example.org,Tadepalligudem,Assam,1988-02-05,Business,2023-11-21
C003238,Kamya,Mukherjee,saisabharwal@example.org,Gandhidham,Rajasthan,1976-05-04,Standard,2025-11-01
C003239,Urishilla,Sankar,qdoshi@example.net,Ichalkaranji,Gujarat,1990-03-01,Standard,2025-01-22
C003240,Kamya,Sachdev,quincykarpe@example.net,Malda,Bihar,1977-01-12,Business,2025-05-19
C003241,Patrick,Kohli,farhanmishra@example.com,Belgaum,Andhra Pradesh,1960-05-30,Premium,2024-09-05
C003242,Geetika,Chaudry,damyantisekhon@example.org,Patna,Himachal Pradesh,1984-01-04,Premium,2024-06-04
C003243,Ranbir,Mutti,geetikaoza@example.net,Chandrapur,West Bengal,1952-05-23,Business,2024-07-17
C003244,Maya,Roy,samuel29@example.com,Berhampur,Meghalaya,1968-11-22,Premium,2021-08-14
C003245,Laksh,Suri,upadhriti16@example.org,South Dumdum,Karnataka,1950-07-04,Business,2023-10-27
C003246,Rachita,Sur,aarna34@example.com,Singrauli,Sikkim,2005-07-04,Premium,2022-01-16
C003247,Aarav,Yogi,nathan93@example.net,Muzaffarnagar,Uttar Pradesh,1982-01-16,Standard,2025-07-10
C003248,Deepa,Dua,kevingill@example.com,Surendranagar Dudhrej,Maharashtra,1963-12-06,Business,2025-03-18
C003249,Noah,Khare,pallavi20@example.net,Raiganj,Arunachal Pradesh,1995-03-24,Premium,2025-09-13
C003250,Yashodhara,Chand,nbhatia@example.org,Parbhani,Arunachal Pradesh,1955-11-09,Standard,2022-05-29
C003251,Caleb,Yadav,bailyamini@example.org,Burhanpur,Chhattisgarh,1973-02-07,Standard,2026-03-15
C003252,Nitara,Bala,bhavika15@example.org,Srinagar,Sikkim,2002-11-09,Standard,2025-07-07
C003253,Banjeet,Chowdhury,chamansrivastava@example.net,Medininagar,Manipur,1980-08-18,Premium,2026-04-21
C003254,Wahab,Dave,vsibal@example.com,Dindigul,Manipur,1998-02-09,Standard,2026-02-03
C003255,Sarthak,Saxena,samarth52@example.com,Chinsurah,Arunachal Pradesh,1970-08-14,Premium,2023-11-11
C003256,Garima,Kalita,mmadan@example.org,Agartala,Odisha,1978-09-02,Premium,2025-05-21
C003257,Manya,Desai,nicholas46@example.net,Bilaspur,Bihar,2004-02-17,Standard,2026-03-27
C003258,Lopa,Chandra,zachariajagdish@example.com,Bhopal,Chhattisgarh,1970-07-30,Premium,2022-08-23
C003259,Bhavna,Sodhi,aashi35@example.net,Warangal,Haryana,1989-09-30,Premium,2023-12-26
C003260,Tarak,Chakrabarti,pandyagauri@example.org,Gaya,Uttar Pradesh,1977-01-15,Premium,2025-03-06
C003261,Charles,Oza,wableliam@example.org,Hindupur,Tamil Nadu,1970-06-16,Premium,2024-05-28
C003262,Frado,Batta,wmody@example.com,Bettiah,Nagaland,1992-04-12,Premium,2025-08-29
C003263,Veer,Nigam,kala46@example.com,Uluberia,Madhya Pradesh,1949-06-22,Business,2023-03-21
C003264,Chaitaly,Rastogi,ishani43@example.org,Proddatur,Sikkim,1974-12-29,Premium,2023-02-11
C003265,Ekaraj,Swaminathan,mangatjyoti@example.net,Ozhukarai,Bihar,2005-06-07,Premium,2022-09-25
C003266,Bhanumati,Behl,chauhanlavanya@example.net,Jaipur,Andhra Pradesh,1996-07-21,Business,2024-01-14
C003267,Samarth,Sastry,singhdalaja@example.net,Amroha,Sikkim,2001-12-21,Premium,2024-05-26
C003268,Riya,Cherian,doctordhruv@example.org,Orai,Himachal Pradesh,1959-12-04,Premium,2026-04-18
C003269,Frado,Kale,dsankaran@example.com,Bhilai,Punjab,1965-07-12,Business,2025-06-30
C003270,Xiti,Narasimhan,znarain@example.net,Avadi,Haryana,1952-04-09,Business,2024-10-19
C003271,Champak,Panchal,dvasa@example.org,Vellore,Sikkim,1998-02-16,Business,2023-02-09
C003272,Naveen,Prakash,ojasvipalla@example.com,Vadodara,Punjab,1993-02-12,Premium,2023-03-31
C003273,Vasana,Chakrabarti,reva20@example.com,Sri Ganganagar,Assam,1980-01-05,Standard,2023-09-12
C003274,Chatura,Badal,mukhopadhyaychakradhar@example.com,Mau,Manipur,1958-03-26,Business,2022-12-23
C003275,Gayathri,Sawhney,gandhijeet@example.com,Jabalpur,Karnataka,1956-02-24,Standard,2022-04-24
C003276,Janaki,Bains,narangira@example.org,New Delhi,Himachal Pradesh,1999-04-12,Business,2023-08-26
C003277,Chasmum,Mangal,samagayathri@example.org,Solapur,Manipur,2004-07-23,Business,2026-06-21
C003278,Janya,Deol,oaggarwal@example.net,Gaya,Madhya Pradesh,1955-06-24,Standard,2023-10-29
C003279,Damini,Divan,naikdamyanti@example.org,Amroha,Karnataka,1977-11-13,Premium,2022-12-12
C003280,Yug,Kale,turvi14@example.org,Bulandshahr,Tamil Nadu,1951-03-31,Business,2023-03-19
C003281,Qasim,Parmar,mekhalasehgal@example.com,Aurangabad,Gujarat,1996-06-11,Business,2025-12-25
C003282,Kamala,Edwin,ramaswamydayamai@example.org,Barasat,Jharkhand,1967-10-01,Business,2026-04-27
C003283,Bina,Sood,kwable@example.org,Surendranagar Dudhrej,Tamil Nadu,1985-03-22,Premium,2023-10-27
C003284,Hemal,Sridhar,urama@example.org,Naihati,Punjab,1950-06-27,Premium,2024-10-13
C003285,Nidra,Prashad,fdeo@example.org,Nagercoil,Bihar,1956-04-27,Business,2024-11-08
C003286,Isha,Dass,surachandresh@example.net,Ramgarh,Sikkim,1947-08-07,Business,2022-02-23
C003287,Maya,Nori,garima52@example.org,Ramgarh,Mizoram,1967-03-29,Premium,2024-05-24
C003288,Omaja,Dubey,yashasvi20@example.com,Anantapuram,Telangana,1967-05-18,Business,2024-06-21
C003289,Kashish,Mall,gautamkothari@example.com,Navi Mumbai,Assam,1986-06-06,Premium,2024-07-22
C003290,Indrajit,Mutti,kashvi06@example.org,Belgaum,Maharashtra,1993-01-05,Standard,2021-11-08
C003291,Hema,Chhabra,sanya86@example.org,Parbhani,Rajasthan,1948-04-22,Business,2025-11-12
C003292,Balveer,Dara,jackson36@example.net,Ongole,Madhya Pradesh,1946-11-06,Business,2021-12-14
C003293,Lopa,Taneja,vamakshi68@example.com,Deoghar,Meghalaya,2001-09-21,Premium,2023-06-06
C003294,Aryan,Sibal,ranveerchaudhari@example.net,Bareilly,Jharkhand,1958-06-10,Premium,2025-05-21
C003295,Yoshita,Sami,kabirupadhyay@example.com,Kochi,Mizoram,1993-11-01,Standard,2026-05-21
C003296,Januja,Ram,gautami51@example.org,Amroha,Arunachal Pradesh,1977-07-21,Premium,2025-10-15
C003297,Viraj,Mahajan,harsh47@example.org,Pali,Jharkhand,1983-01-26,Premium,2022-07-13
C003298,Robert,Khosla,gaurangidua@example.org,Moradabad,Assam,1949-11-10,Premium,2024-07-19
C003299,Turvi,Buch,asahota@example.net,Shivpuri,Himachal Pradesh,1967-04-03,Standard,2023-03-06
C003300,Frado,Sarna,vshenoy@example.org,Durg,Manipur,1947-01-11,Business,2024-09-15
C003301,Bishakha,Ramakrishnan,advaithdivan@example.com,Gorakhpur,Jharkhand,1995-08-01,Premium,2025-08-02
C003302,Quincy,Srinivasan,oscar22@example.org,Mira-Bhayandar,Punjab,1959-02-16,Standard,2026-07-12
C003303,Faras,Mutti,bhavsardayita@example.org,Guna,Haryana,1977-12-31,Premium,2023-12-15
C003304,Avni,Kaur,buchvritti@example.net,Pudukkottai,Punjab,1986-04-14,Business,2023-08-26
C003305,Christopher,Chhabra,maanavbhattacharyya@example.com,Sambhal,Gujarat,1992-05-14,Business,2022-11-06
C003306,Advay,Sathe,riya71@example.org,Nizamabad,Maharashtra,1979-02-26,standard,2024-12-17
C003307,Radha,Chatterjee,thayre@example.net,Kakinada,Mizoram,2007-09-05,Business,2025-05-25
C003308,Jeremiah,Badal,dalbirdeep@example.com,Gorakhpur,Punjab,1958-02-25,Business,2024-09-04
C003309,Ekani,Oommen,tandonutkarsh@example.net,Solapur,Odisha,1997-10-07,Standard,2022-02-07
C003310,Teerth,Raj,neelimachawla@example.net,Imphal,Jharkhand,1956-03-27,Premium,2025-04-09
C003311,Harrison,Sarkar,warinder81@example.org,Unnao,Gujarat,2000-04-26,Standard,2022-06-13
C003312,Sai,Sundaram,qadim88@example.com,Salem,Odisha,1991-05-25,Business,2023-12-03
C003313,Forum,Bajwa,ramachandrankai@example.com,Bilaspur,Odisha,1997-10-05,Premium,2025-05-19
C003314,Pallavi,Rau,chandrandate@example.com,Bulandshahr,Punjab,1956-06-12,Business,2025-08-18
C003315,Dalbir,Lanka,isehgal@example.net,Proddatur,Punjab,1969-10-26,Standard,2025-04-29
C003316,Eesha,Luthra,vasana04@example.org,Bidar,Tamil Nadu,2005-01-18,Standard,2024-03-17
C003317,Ridhi,Sura,vasatika72@example.com,Raiganj,Andhra Pradesh,1986-02-19,Premium,2022-12-17
C003318,Tanvi,Pathak,quincybhalla@example.com,Nizamabad,Chhattisgarh,1953-08-11,Premium,2023-02-05
C003319,Yatin,Ghosh,gabrieldevi@example.com,Jaipur,Bihar,2000-04-19,Business,2023-05-04
C003320,Manthan,Sabharwal,harshraman@example.net,Gorakhpur,Sikkim,1990-04-15,Standard,2021-11-16
C003321,Advika,Dubey,bhavikashukla@example.org,Gopalpur,Andhra Pradesh,2001-07-30,Premium,2023-02-25
C003322,Nachiket,Master,onveerdivan@example.com,Nandyal,Sikkim,1954-05-12,Business,2024-11-23
C003323,Frado,Bumb,adhar@example.net,Khammam,Uttarakhand,1981-04-25,Standard,2026-05-08
C003324,Karan,Kar,darika93@example.net,Udaipur,Haryana,1947-05-05,Standard,2023-03-18
C003325,Chandresh,Gola,baljiwansaran@example.org,Tadipatri,Uttarakhand,1960-05-20,Standard,2025-03-22
C003326,Charles,Parikh,sarrafkeya@example.org,Ghaziabad,Gujarat,1977-08-16,Business,2022-12-04
C003327,Kai,Ram,puricharvi@example.net,Kishanganj,Uttar Pradesh,1961-04-02,Standard,2022-01-14
C003328,Isha,Mahajan,nagarurvi@example.org,Kamarhati,Sikkim,1989-10-27,Standard,2023-10-09
C003329,Ekta,Sura,lgulati@example.com,Gopalpur,Bihar,1973-10-31,Premium,2024-04-09
C003330,Tamanna,Balakrishnan,pranavprakash@example.org,Motihari,Madhya Pradesh,1948-04-09,Premium,2025-12-18
C003331,Nihal,Gill,sethekantika@example.com,Gwalior,Meghalaya,1958-02-01,Standard,2026-05-16
C003332,Nathaniel,Hari,wparsa@example.org,Kadapa,Sikkim,1997-08-01,Standard,2024-05-14
C003333,Hiral,Naidu,sandhurachita@example.com,Shivpuri,Haryana,1964-11-30,Standard,2026-05-11
C003334,Rohan,Magar,chanaanusha@example.net,Bangalore,Tripura,1991-01-11,Premium,2022-08-09
C003335,Aarini,Madan,dhari@example.org,Moradabad,Kerala,1968-01-19,Premium,2024-01-15
C003336,Geetika,Chaudhari,atharv98@example.net,Panihati,Gujarat,1999-06-11,Premium,2025-09-10
C003337,Niharika,Sani,nikitaraval@example.net,Guntakal,Kerala,2007-07-18,Standard,2023-08-30
C003338,Balhaar,Pant,lchokshi@example.com,Noida,Gujarat,2001-01-23,business,2025-09-16
C003339,Tanish,Bhavsar,fandra@example.com,Loni,West Bengal,1995-02-02,Standard,2026-06-28
C003340,Forum,Sathe,odugal@example.net,Dhule,Gujarat,1947-12-26,Standard,2023-10-06
C003341,Omkaar,Parmar,manan99@example.net,Kishanganj,Tamil Nadu,1989-04-01,Premium,2023-09-11
C003342,Saanvi,Bhagat,borrayashawini@example.org,Arrah,West Bengal,2007-08-31,Standard,2021-09-16
C003343,Kavya,Borra,unnati26@example.net,Bidar,Nagaland,2007-03-03,Premium,2025-02-04
C003344,Yahvi,Patla,jsahota@example.com,Ranchi,Meghalaya,2007-02-08,Business,2023-05-15
C003345,Dev,Warrior,bnair@example.net,Ichalkaranji,Maharashtra,1984-06-01,Premium,2025-04-02
C003346,Owen,Vasa,qradhakrishnan@example.com,Ongole,Odisha,1967-08-28,Business,2022-01-24
C003347,Aayush,Balakrishnan,goyalzarna@example.org,Amravati,Andhra Pradesh,1954-02-16,Premium,2025-07-14
C003348,Gagan,Sule,thomashegde@example.net,Bhatpara,Manipur,1948-10-10,Business,2023-05-01
C003349,Rachit,Varty,wbhardwaj@example.net,Phagwara,Odisha,1999-09-23,Standard,2022-06-09
C003350,Max,Baria,wyatt34@example.org,Kochi,Assam,1960-12-03,Business,2022-09-28
C003351,Rishi,Mitra,anushabatra@example.org,Orai,Jharkhand,1960-07-21,Standard,2022-06-11
C003352,Oscar,Hegde,dassbhanumati@example.com,Tirunelveli,Rajasthan,1985-06-15,Standard,2025-09-25
C003353,Wakeeta,Karnik,tbhatnagar@example.com,Silchar,Kerala,1994-10-01,Business,2024-02-11
C003354,Ikshita,Deol,yasti88@example.net,Tiruppur,Madhya Pradesh,1951-03-26,Premium,2023-07-13
C003355,Omkaar,Parmer,kallaanvi@example.com,Guntakal,Jharkhand,1982-04-11,Standard,2026-03-19
C003356,Deepa,Gandhi,sanivrinda@example.org,Bathinda,Kerala,1951-11-12,Premium,2022-12-12
C003357,Nihal,Reddy,jananichad@example.com,Naihati,Nagaland,1947-03-07,Premium,2025-11-26
C003358,Jeremiah,Konda,dkumer@example.com,Ajmer,Assam,1965-10-17,Business,2025-01-24
C003359,Yashvi,Varty,ayaan84@example.net,Thanjavur,Chhattisgarh,2001-03-29,Standard,2021-09-30
C003360,Dalaja,Din,kgrover@example.com,Secunderabad,Gujarat,1990-04-22,Premium,2024-11-26
C003361,Vritti,Samra,jagat14@example.org,Dhule,Gujarat,2008-04-23,Standard,2023-02-11
C003362,Simon,Mannan,ikbaldalal@example.net,Serampore,Bihar,1961-02-09,Premium,2022-12-17
C003363,Ira,Goda,kalegaurang@example.com,Bangalore,West Bengal,1994-11-19,Premium,2023-02-25
C003364,Falan,Bumb,gabriel49@example.com,Katni,Odisha,1995-04-23,Business,2025-06-30
C003365,Jalsa,Chaudhary,anandupadhriti@example.org,Raebareli,West Bengal,1950-05-23,Premium,2021-09-15
C003366,Dev,Patil,wnarang@example.net,Dibrugarh,Uttarakhand,1958-09-17,Standard,2022-03-10
C003367,Janya,Rai,zayan74@example.com,Bhavnagar,Assam,2005-08-27,Business,2025-09-06
C003368,Vedhika,Devi,edhitharama@example.com,Yamunanagar,Tamil Nadu,2001-02-17,Premium,2023-07-28
C003369,Vritti,Aggarwal,mohammed62@example.net,Parbhani,Rajasthan,1956-03-04,Standard,2023-10-01
C003370,Yochana,Randhawa,umangkata@example.org,Panchkula,Meghalaya,2004-05-17,Premium,2023-04-22
C003371,Praneel,Gade,vmand@example.com,Nandyal,Goa,1955-01-30,Premium,2022-06-14
C003372,Udyati,Walla,skhosla@example.org,Satara,Maharashtra,2004-05-22,Business,2024-10-15
C003373,Wriddhish,Contractor,urmi23@example.net,Gulbarga,Chhattisgarh,1990-05-27,Business,2026-05-03
C003374,Varenya,Wable,krishnaalka@example.com,Kulti,Manipur,1954-02-21,Business,2021-08-31
C003375,Advay,Sastry,xdubey@example.org,Katni,West Bengal,2004-01-21,Standard,2025-05-06
C003376,Balhaar,Verma,maharajvedika@example.net,Kavali,Assam,1970-01-24,Business,2026-05-22
C003377,Sudiksha,Vora,yramesh@example.net,Kulti,Chhattisgarh,1957-09-30,Business,2022-12-04
C003378,Kalpit,Bedi,aarnasankar@example.com,Chinsurah,Telangana,1945-11-07,Business,2022-09-08
C003379,Krisha,Sandal,shroffxalak@example.net,Unnao,Andhra Pradesh,1964-08-30,Business,2023-02-06
C003380,Robert,Pillay,shivansh98@example.org,Jabalpur,Andhra Pradesh,1995-10-23,Standard,2021-08-26
C003381,Pushti,Gokhale,zswaminathan@example.com,Mau,West Bengal,1959-01-03,Business,2023-01-12
C003382,Triya,Manda,cmangal@example.net,Jalna,Nagaland,1948-01-01,Premium,2021-10-09
C003383,Yashasvi,Ratta,qsuresh@example.org,Tirunelveli,Kerala,1994-09-26,Premium,2024-01-17
C003384,Aayush,Mani,doctormanan@example.com,Bhagalpur,Telangana,1998-10-04,Premium,2021-09-20
C003385,Ekani,Pingle,talwarabhimanyu@example.com,Mirzapur,Andhra Pradesh,1947-02-12,Premium,2025-12-18
C003386,Manbir,Parekh,osoni@example.com,Bharatpur,Rajasthan,1977-10-31,Standard,2024-11-28
C003387,Andrew,Bala,xsur@example.net,Bareilly,Nagaland,1993-11-26,Premium,2023-01-11
C003388,Timothy,Ray,mvarma@example.net,Bally,Madhya Pradesh,1965-09-17,Standard,2022-02-28
C003389,Kalpit,Ghose,robert17@example.org,Hajipur,Kerala,1950-09-10,Premium,2026-05-15
C003390,Ikshita,Palla,aarav17@example.net,Ballia,West Bengal,1977-03-28,Premium,2025-04-03
C003391,Deepa,Sura,ijayaradhakrishnan@example.net,Vijayanagaram,Arunachal Pradesh,2008-07-30,Premium,2022-08-12
C003392,Falguni,Walla,niteshbaria@example.org,Singrauli,Telangana,1982-05-10,Business,2023-06-09
C003393,Laksh,Dalal,umang00@example.org,Khandwa,Assam,1961-05-23,Standard,2026-03-10
C003394,Chavvi,Garg,ranbirmody@example.org,Singrauli,Tamil Nadu,1973-03-30,Premium,2024-03-30
C003395,Jeevika,Sangha,sethranbir@example.org,Hapur,Karnataka,1991-08-05,Standard,2026-07-08
C003396,David,Natarajan,adwetamitra@example.net,Firozabad,Telangana,1953-09-03,Business,2022-06-07
C003397,Zashil,Shroff,advikmalhotra@example.net,Gurgaon,Sikkim,1949-07-06,Premium,2021-08-11
C003398,Ijaya,Bhardwaj,oscar64@example.com,Shimla,Chhattisgarh,1956-07-28,Business,2025-05-13
C003399,Lakshit,Menon,gayathri33@example.org,Navi Mumbai,Sikkim,2003-11-29,Business,2026-06-30
C003400,Akshay,Bhatt,kdhillon@example.org,Morena,Tamil Nadu,1953-04-13,Standard,2023-05-21
C003401,Ishwar,Cherian,pgrewal@example.com,Guwahati,Chhattisgarh,1959-05-28,Standard,2022-04-26
C003402,Ishaan,Toor,widishagarg@example.com,Gwalior,Mizoram,1957-11-16,Business,2025-04-20
C003403,Jhalak,Ramanathan,ishaan60@example.net,Bhilwara,Goa,1993-10-06,Premium,2026-07-27
C003404,Elijah,Varty,echopra@example.org,Pondicherry,Madhya Pradesh,2000-06-11,Premium,2026-04-23
C003405,Pahal,Prakash,raghavanmohammed@example.org,Motihari,Uttarakhand,1988-08-11,Standard,2026-07-18
C003406,Megha,Saini,latagauri@example.com,Gulbarga,Mizoram,1998-03-26,Business,2022-05-25
C003407,Ekansh,Nair,nmadan@example.com,Gopalpur,Mizoram,1995-06-25,Business,2024-08-10
C003408,Omya,Bassi,rajagopalanyashodhara@example.net,Agra,Uttarakhand,2000-05-17,Business,2022-06-10
C003409,Oviya,Kata,xbedi@example.net,Tenali,Gujarat,1958-11-03,Standard,2025-07-06
C003410,Ethan,Sarraf,bucheta@example.net,Udaipur,Gujarat,1967-03-13,Business,2023-09-25
C003411,Leela,Dhar,ekapad48@example.com,Berhampore,Assam,1966-05-29,Premium,2022-11-29
C003412,Isaiah,Kaul,deepa85@example.net,Chandigarh,Odisha,2003-09-04,Standard,2025-09-27
C003413,Yoshita,Kapoor,charvi94@example.com,Durg,West Bengal,1966-06-07,Business,2026-05-04
C003414,Oni,Basu,mandaleiravati@example.com,Ozhukarai,Rajasthan,1976-08-17,Business,2026-01-12
C003415,Jagat,Ray,arjungoyal@example.net,Siwan,Gujarat,1972-05-07,Premium,2025-09-04
C003416,Veda,Ganguly,,Srinagar,Tamil Nadu,1956-08-17,Business,2026-01-06
C003417,Anjali,Andra,rattayahvi@example.com,Warangal,Assam,2003-01-19,Business,2025-04-03
C003418,Chameli,Sachar,jsani@example.org,Pondicherry,Haryana,1947-07-30,Business,2022-09-18
C003419,Samaksh,Bhatti,atichadha@example.org,Kharagpur,Bihar,1971-11-20,Premium,2024-04-24
C003420,Atharv,Parekh,sidhuridhi@example.net,Hindupur,Madhya Pradesh,1989-09-29,Business,2025-12-26
C003421,Lopa,Khurana,abhiram78@example.com,Proddatur,West Bengal,1969-04-01,Premium,2022-01-01
C003422,Tanveer,Baria,comarjanaki@example.org,Davanagere,Punjab,1958-03-27,Business,2025-07-03
C003423,Udarsh,Vala,rzachariah@example.net,Rampur,Assam,2005-02-15,Business,2025-04-05
C003424,Karan,Bassi,qganesan@example.net,Eluru,Jharkhand,1946-04-05,Standard,2024-06-16
C003425,Jeremiah,Khatri,nsanghvi@example.net,Durgapur,Andhra Pradesh,1952-06-28,Premium,2022-10-27
C003426,Logan,Bhagat,gokhalenihal@example.org,Mehsana,West Bengal,1980-10-06,Premium,2022-04-18
C003427,Gabriel,Tank,vaishnavipillai@example.org,Surendranagar Dudhrej,Rajasthan,1976-01-15,Business,2024-06-23
C003428,Rachita,Vyas,tiwariyashica@example.com,Kamarhati,West Bengal,1979-05-01,Standard,2026-04-11
C003429,Aarini,Bumb,omurishilla@example.com,North Dumdum,Uttar Pradesh,1969-06-05,Standard,2024-03-29
C003430,Ishaan,Bose,cherianreva@example.net,Jhansi,Rajasthan,1972-09-29,Premium,2024-08-19
C003431,Caleb,Virk,veer10@example.com,Tirupati,Chhattisgarh,2008-01-01,Premium,2024-10-26
C003432,Leena,Bath,tkeer@example.net,Buxar,Sikkim,1948-01-21,Standard,2022-04-19
C003433,Udyati,Comar,yatin65@example.org,Chinsurah,Chhattisgarh,1963-06-20,Business,2024-10-27
C003434,Shaurya,Thakkar,balayamini@example.org,Belgaum,Andhra Pradesh,1973-06-06,Premium,2024-11-22
C003435,Omya,Tella,aachal12@example.org,Durgapur,West Bengal,1999-03-29,Standard,2022-10-20
C003436,Chaitaly,Bains,shettychameli@example.net,Gaya,Odisha,1977-08-05,Business,2026-03-30
C003437,Samuel,Toor,goyallila@example.com,Varanasi,Madhya Pradesh,1967-06-14,Business,2023-09-18
C003438,Bhavika,Prabhu,xbhasin@example.com,Hosur,Punjab,1987-01-13,Premium,2026-02-20
C003439,Mohini,Soman,emohan@example.com,Korba,Odisha,1951-09-09,Premium,2025-02-19
C003440,Balendra,Mitter,darshsubramaniam@example.net,Lucknow,Andhra Pradesh,2002-08-18,Business,2023-02-08
C003441,Vasana,Sawhney,nimratbhatti@example.com,Junagadh,Rajasthan,2004-10-06,Standard,2022-01-30
C003442,Raagini,Dada,tbadal@example.org,Dhule,Madhya Pradesh,1969-07-20,Premium,2022-03-27
C003443,Chanakya,Raj,ishabuch@example.org,Karawal Nagar,Telangana,1994-10-16,Business,2025-06-14
C003444,Pooja,Thaman,ekavir20@example.org,Deoghar,Goa,1957-06-10,Premium,2023-08-01
C003445,Jacob,Char,ppandey@example.com,Jehanabad,Tripura,1976-11-26,Premium,2022-08-15
C003446,Reyansh,Walia,ekalingawagle@example.org,Buxar,Odisha,1964-09-22,Standard,2024-05-01
C003447,Falak,Bal,upadhritidin@example.org,Baranagar,Tamil Nadu,1968-03-12,Business,2025-02-26
C003448,Darpan,Merchant,gauri27@example.net,Buxar,Assam,1949-11-08,Premium,2022-11-10
C003449,Neelima,Sampath,aarushchadha@example.org,Uluberia,Himachal Pradesh,1995-03-03,Premium,2026-07-31
C003450,Jairaj,Srinivas,robertradhakrishnan@example.net,Bhusawal,Manipur,1975-12-19,Standard,2024-09-12
C003451,Charita,Chand,abhandari@example.org,Vijayawada,Himachal Pradesh,1994-08-31,Standard,2026-02-06
C003452,Ekanta,Luthra,chaudrysudiksha@example.net,Amroha,Assam,1979-11-09,Standard,2023-05-16
C003453,Vrinda,Guha,ramanathangopal@example.org,Mahbubnagar,West Bengal,2005-07-26,Business,2026-02-06
C003454,Robert,Chatterjee,kaulpallavi@example.com,Machilipatnam,Himachal Pradesh,1979-04-25,Business,2024-06-15
C003455,Zansi,Kalita,krishaloyal@example.com,Tinsukia,West Bengal,1994-03-26,Premium,2025-07-30
C003456,Amol,Gara,xbumb@example.net,Jalna,Uttarakhand,1973-08-17,Business,2022-12-05
C003457,Dalbir,Baria,naveenraghavan@example.org,Tiruppur,Manipur,2003-07-17,Premium,2022-06-11
C003458,Charita,Gala,faqidchakraborty@example.net,Korba,Tripura,1969-08-07,Standard,2023-11-29
C003459,Ekapad,Buch,yauvani89@example.org,Siwan,Tripura,1987-07-02,Premium,2023-05-20
C003460,Yashodhara,Cheema,dayitakapur@example.net,Aurangabad,Kerala,2008-04-20,Premium,2026-02-09
C003461,Lipika,Bath,zsodhi@example.com,Chapra,Assam,1998-12-12,Standard,2023-01-02
C003462,Aarush,Garde,tanmayi58@example.org,Bhiwani,Manipur,1954-03-26,Business,2023-06-01
C003463,Rajata,Lala,pooja90@example.net,Gulbarga,Manipur,1980-08-12,Premium,2023-08-06
C003464,Ati,Uppal,rajagopalanwidisha@example.com,Unnao,Maharashtra,1971-04-19,Standard,2022-10-10
C003465,William,Sankaran,simondara@example.net,Belgaum,Himachal Pradesh,1993-12-11,Business,2022-10-30
C003466,Yahvi,Sankar,arinbabu@example.com,Amroha,Andhra Pradesh,2004-12-20,premium,2024-07-31
C003467,Jasmit,Malhotra,ijaya13@example.net,Suryapet,Uttar Pradesh,2005-03-08,Standard,2026-02-07
C003468,Om,Chacko,dalaja38@example.com,Ratlam,Madhya Pradesh,1980-11-07,Standard,2025-10-05
C003469,Sara,Rout,tgupta@example.com,Mathura,Jharkhand,1988-01-04,Business,2023-01-24
C003470,Jagat,Parekh,dsarma@example.net,Bhavnagar,Andhra Pradesh,1956-01-06,Standard,2024-07-02
C003471,Udarsh,Deshpande,geravedhika@example.net,Bilaspur,Tripura,1958-03-04,Business,2024-06-04
C003472,Veda,Raghavan,gautam28@example.org,Jodhpur,Meghalaya,1989-06-16,Standard,2023-08-24
C003473,Zashil,Grover,fdubey@example.org,Patna,Gujarat,1987-06-16,Standard,2025-08-09
C003474,Girish,Naik,semmaya@example.org,Visakhapatnam,Goa,2005-04-27,Premium,2025-12-19
C003475,Yachana,Goel,gsamra@example.net,Rohtak,Assam,2000-11-12,Business,2026-03-22
C003476,Charan,Keer,jaisastry@example.org,Morbi,Arunachal Pradesh,1983-02-26,Standard,2025-07-22
C003477,Arunima,Vasa,knayak@example.com,Vijayanagaram,Maharashtra,2001-08-25,Standard,2025-06-14
C003478,Gaurang,Sengupta,mahalinaya@example.org,Saharanpur,Meghalaya,1994-08-24,Business,2025-07-09
C003479,Hemangini,Shanker,ckapur@example.org,Ozhukarai,Gujarat,2001-11-29,Business,2023-12-10
C003480,Xavier,Dugar,raggarwal@example.org,Imphal,Karnataka,1990-06-27,Business,2024-05-22
C003481,Ubika,Bal,krishna20@example.com,Sambalpur,Tamil Nadu,1994-07-13,Standard,2025-05-30
C003482,Sarthak,Kota,mahajanalka@example.com,Narasaraopet,Meghalaya,1955-01-10,Business,2026-05-24
C003483,Ekaraj,Upadhyay,bajwapahal@example.com,Raebareli,Mizoram,1951-03-14,Standard,2022-11-18
C003484,Ijaya,Sridhar,itata@example.net,Maheshtala,Odisha,1974-02-25,Standard,2023-08-13
C003485,Lipika,Naik,wakeeta11@example.net,Pimpri-Chinchwad,Meghalaya,1970-01-09,Standard,2025-11-14
C003486,Darsh,Venkataraman,shravya98@example.org,Uluberia,Jharkhand,1967-07-05,Business,2024-06-06
C003487,Warhi,Goda,ayushmanrattan@example.com,Siliguri,Uttar Pradesh,2008-01-15,Premium,2026-04-27
C003488,Wazir,Brar,libnisaxena@example.org,Jalna,Goa,1969-03-31,Premium,2023-08-28
C003489,Sarthak,Pathak,balhaarbhatti@example.net,Nashik,Assam,1964-02-21,Business,2022-09-20
C003490,Reyansh,Mitter,yagneshkumar@example.org,Mumbai,Assam,1967-06-04,Standard,2024-06-05
C003491,Advaith,Kara,amolnadkarni@example.com,Vijayawada,Odisha,1976-05-18,Premium,2023-06-03
C003492,Omaja,Chhabra,jagvi66@example.org,Hazaribagh,Bihar,1959-06-10,Standard,2024-06-08
C003493,Anusha,Dara,ubika53@example.net,Bilaspur,Mizoram,1993-03-18,Standard,2025-08-01
C003494,Chanchal,Baria,inaya67@example.org,Madurai,Jharkhand,1985-03-01,Business,2026-05-26
C003495,Reva,Jhaveri,triveni05@example.com,Karaikudi,Mizoram,1955-09-25,Standard,2025-08-15
C003496,Advaith,Sampath,yashicadani@example.org,Bokaro,Maharashtra,1967-09-06,Standard,2024-07-14
C003497,Devika,Narayanan,ragate@example.com,Nizamabad,Assam,1996-10-19,Standard,2025-06-05
C003498,Zilmil,Khurana,fariqsubramaniam@example.org,Lucknow,Assam,1974-03-02,Premium,2024-07-07
C003499,Jonathan,Ranganathan,gshukla@example.org,Guna,Arunachal Pradesh,1954-08-25,Standard,2023-03-20
C003500,Hamsini,D’Alia,dasguptavedika@example.net,Udupi,Himachal Pradesh,1989-05-07,Premium,2023-06-14
C003501,Finn,Doctor,gaurangi95@example.net,Mahbubnagar,Uttarakhand,1968-02-15,Premium,2022-08-24
C003502,Yashawini,Patil,qmalhotra@example.org,Korba,Gujarat,2008-03-31,Business,2023-12-11
C003503,Tanish,Prasad,jairajdin@example.com,Jamalpur,Goa,1958-02-19,Business,2026-07-22
C003504,Vasatika,Mahajan,manbir86@example.com,Srinagar,Nagaland,1970-11-18,Standard,2023-12-18
C003505,Neelima,Lad,,Mangalore,Telangana,1962-05-21,Premium,2021-12-11
C003506,Sachi,Batra,karnikekaja@example.com,Sonipat,Nagaland,1975-09-03,Premium,2023-06-27
C003507,Kiaan,Dubey,tkulkarni@example.net,Kirari Suleman Nagar,Meghalaya,1983-08-05,Premium,2021-11-19
C003508,Hritik,Vaidya,snehamaster@example.org,Ulhasnagar,Odisha,1991-03-30,Standard,2023-07-22
C003509,Hitesh,Dutt,dsaini@example.net,Haldia,Arunachal Pradesh,2000-03-18,Standard,2022-06-23
C003510,Jacob,Tripathi,lmani@example.net,Saharanpur,Haryana,2006-09-30,Premium,2021-09-20
C003511,Gunbir,Kapoor,harshilsom@example.net,Udaipur,Gujarat,1951-09-07,Business,2022-06-02
C003512,Vrishti,Jhaveri,bhatiashaurya@example.org,Jalgaon,Manipur,1982-03-19,Premium,2026-02-01
C003513,Jagdish,Dave,mchahal@example.net,Kishanganj,West Bengal,1996-08-08,Business,2022-06-14
C003514,Ansh,Basu,ekavir51@example.org,Erode,Meghalaya,1983-08-15,Standard,2022-08-11
C003515,Victor,Ramakrishnan,nathaniel69@example.net,Morbi,Goa,2007-01-01,Standard,2025-08-15
C003516,Dalaja,Cherian,rajusaanvi@example.com,Ramagundam,Nagaland,1997-10-18,Standard,2022-04-01
C003517,Bhavani,Sarraf,gautamisani@example.com,Parbhani,Manipur,1998-07-31,Standard,2025-08-11
C003518,Kashvi,Sethi,fsani@example.com,Amaravati,Jharkhand,1993-05-26,Standard,2026-04-07
C003519,Ranbir,Mani,samaharita@example.org,Rampur,Meghalaya,2004-10-26,Business,2022-05-17
C003520,Jason,Sha,dalaja15@example.org,Gurgaon,Jharkhand,1969-05-05,Standard,2026-08-01
C003521,Riya,Kalita,george98@example.com,Mangalore,Sikkim,1988-03-03,Premium,2023-08-05
C003522,Harshil,Mammen,ladbhavya@example.net,Sirsa,Madhya Pradesh,1953-03-25,Premium,2025-06-06
C003523,Bishakha,Kaur,vigkashish@example.net,Udupi,Kerala,1997-09-15,Standard,2025-07-19
C003524,Rachit,Jha,raghav65@example.com,Sri Ganganagar,Odisha,1994-02-24,Standard,2024-01-20
C003525,Sara,Kibe,qwadhwa@example.net,Pimpri-Chinchwad,Tamil Nadu,1969-11-23,Standard,2023-01-01
C003526,Tarak,Bahl,mukherjeeveda@example.com,Purnia,Karnataka,1961-04-17,Premium,2024-09-08
C003527,Aarna,Pandit,ekalingamann@example.org,Burhanpur,Meghalaya,1998-03-06,Standard,2025-07-21
C003528,Orinder,Arya,robertbadal@example.net,Farrukhabad,Mizoram,1953-02-15,Business,2025-03-31
C003529,Yahvi,Sachar,wdeshpande@example.com,Bellary,Tamil Nadu,1987-05-09,Premium,2022-09-12
C003530,Jeevika,Sharaf,kgade@example.com,Noida,Kerala,1965-03-23,Premium,2023-11-29
C003531,Pratyush,Pingle,pratyushsaraf@example.com,Naihati,Haryana,1992-10-30,Business,2025-05-23
C003532,Rajata,Kar,isaiah81@example.com,Bulandshahr,Odisha,1987-07-14,Standard,2022-03-25
C003533,Vamakshi,Majumdar,mukherjeegaurangi@example.org,Madanapalle,Arunachal Pradesh,1979-03-27,Premium,2021-12-15
C003534,Logan,Thaker,aarnabanerjee@example.org,Rampur,Kerala,1966-07-21,Standard,2023-05-15
C003535,Kabir,Toor,mmajumdar@example.org,Mirzapur,Sikkim,1980-01-18,Business,2024-03-15
C003536,Yashodhara,Bal,kaurwarinder@example.org,Kavali,Jharkhand,1956-11-25,Standard,2023-10-06
C003537,Oliver,Chaudhuri,ihanda@example.com,Vijayawada,Himachal Pradesh,1958-12-10,Premium,2024-08-22
C003538,Ira,Deshmukh,jchaudhary@example.net,Agra,Arunachal Pradesh,1997-10-26,Premium,2026-07-13
C003539,Onkar,Raman,basuupasna@example.org,Tadipatri,Gujarat,2002-02-13,Business,2025-01-03
C003540,Watika,Chawla,chaudhariyashawini@example.org,Ongole,Uttar Pradesh,1978-12-09,Business,2025-06-16
C003541,Pooja,Narain,ekanta56@example.net,Madurai,Chhattisgarh,1997-03-16,Standard,2022-09-23
C003542,Samar,Garg,xjaggi@example.org,Dindigul,Rajasthan,1955-11-13,Standard,2022-05-31
C003543,Krisha,Gade,lankajeet@example.org,Shahjahanpur,Jharkhand,1959-05-19,Standard,2026-07-21
C003544,Ladli,Padmanabhan,zhans@example.com,Ajmer,Mizoram,1979-10-11,Standard,2025-04-14
C003545,Nandini,Din,daraishwar@example.com,Muzaffarpur,Bihar,1970-08-07,Premium,2021-10-20
C003546,Xalak,Venkatesh,parekhunni@example.org,Alappuzha,Jharkhand,1964-10-30,Standard,2022-09-12
C003547,Adya,Dhaliwal,harishramanathan@example.net,Khora ,Jharkhand,2003-01-04,Premium,2025-11-18
C003548,Zinal,Mann,balasubramanianurvi@example.org,Meerut,Telangana,1952-08-06,Standard,2022-05-02
C003549,Alexander,Anne,owen78@example.com,Bijapur,Odisha,1994-09-30,Standard,2023-07-31
C003550,Yashawini,Bhandari,lparekh@example.net,Nanded,Kerala,1972-11-07,Business,2021-11-18
C003551,Omaja,Desai,vsuri@example.com,Tinsukia,Telangana,1982-08-14,Business,2024-06-21
C003552,Maanav,Ramaswamy,raaginisankar@example.net,Rampur,Tamil Nadu,1952-06-10,Premium,2023-12-20
C003553,Bahadurjit,Mukherjee,garima97@example.com,Gopalpur,Tripura,1979-07-12,Standard,2022-02-15
C003554,Mekhala,Dhillon,phari@example.net,Bilaspur,Odisha,1947-10-07,Business,2025-05-09
C003555,Garima,Chaudhry,cmandal@example.org,Indore,Assam,1949-06-01,Business,2022-12-07
C003556,Nidra,Ghose,eshana44@example.net,Mira-Bhayandar,Uttarakhand,1965-11-26,Premium,2023-05-21
C003557,Yashasvi,Misra,bhatrudra@example.net,Nadiad,Sikkim,1967-05-14,Standard,2026-02-06
C003558,Aayush,Venkatesh,krishnamurty@example.net,Hubli–Dharwad,Nagaland,1980-05-13,Standard,2024-07-15
C003559,Hemani,Goda,horavyanjana@example.org,Surendranagar Dudhrej,Mizoram,1993-01-26,Premium,2025-08-02
C003560,Chatresh,Rajan,balveersandhu@example.com,Jabalpur,Gujarat,2003-12-19,Premium,2021-11-12
C003561,Anamika,Aurora,parekhharrison@example.com,Sirsa,Goa,2007-05-23,Premium,2026-03-22
C003562,Gagan,Choudhry,zbhagat@example.com,Durgapur,Goa,1954-05-08,Premium,2022-09-11
C003563,Janya,Tank,victor73@example.net,Ratlam,Telangana,1981-05-28,Standard,2024-01-01
C003564,Netra,Mitra,ychakrabarti@example.net,Bhopal,Bihar,1975-11-08,Premium,2026-03-13
C003565,Mason,Chacko,cdalal@example.net,Suryapet,Karnataka,1987-02-18,Business,2023-11-20
C003566,Chanchal,Pathak,birarya@example.org,Katihar,Kerala,1967-10-03,Premium,2022-02-14
C003567,Jagdish,Handa,lukechacko@example.com,Kochi,Tamil Nadu,1974-01-10,Business,2022-05-19
C003568,Bhavya,Mital,sethadvaith@example.org,Raichur,Manipur,1952-01-07,Premium,2024-04-30
C003569,Chasmum,Goyal,lakshit56@example.net,Fatehpur,Sikkim,1957-04-11,Standard,2023-11-12
C003570,Ishwar,Chakraborty,shankarsaumya@example.org,Kadapa,Rajasthan,1963-08-29,Premium,2022-12-17
C003571,Yauvani,Basak,lsangha@example.com,Hajipur,Jharkhand,1960-01-29,premium,2026-01-29
C003572,Ekani,Deshpande,qmitter@example.net,Jamshedpur,Karnataka,1960-12-11,Standard,2024-05-28
C003573,Gayathri,Hora,vyanjanakaul@example.net,Vellore,Mizoram,1981-09-04,Premium,2025-12-04
C003574,Mohammed,Balay,cbaria@example.com,Guna,Andhra Pradesh,1967-12-26,Standard,2025-02-23
C003575,Maanav,Bal,oarya@example.net,Chapra,Jharkhand,1954-12-06,Business,2023-06-07
C003576,Vaishnavi,Shan,tarawarjas@example.org,Kavali,Punjab,2008-06-21,Business,2023-02-07
C003577,Ikshita,Kaul,bakshichandresh@example.net,Haridwar,West Bengal,1967-09-01,Premium,2024-09-02
C003578,Tejas,Saxena,devanshraja@example.org,Jamalpur,Meghalaya,1976-10-01,Standard,2023-10-03
C003579,Jagat,Sawhney,atikorpal@example.org,Purnia,Himachal Pradesh,1999-03-26,Business,2022-10-15
C003580,Radhika,Bawa,darpankalita@example.com,Panvel,Himachal Pradesh,2001-08-05,Premium,2021-12-09
C003581,Maya,Salvi,varshagaba@example.net,Raebareli,Uttarakhand,1991-04-28,Standard,2023-12-16
C003582,Benjamin,Chauhan,rajufaras@example.org,Korba,Bihar,1948-12-19,Standard,2024-07-10
C003583,Sara,Uppal,kumeraryan@example.org,Thane,Karnataka,1959-11-10,Premium,2025-08-03
C003584,Zinal,Baral,advikbhatia@example.org,Anantapuram,Tamil Nadu,1960-04-18,Premium,2021-11-25
C003585,Kalpit,Basu,tatakala@example.net,Machilipatnam,Haryana,1982-12-03,Business,2023-01-09
C003586,Udant,Prakash,dayita60@example.net,Vasai-Virar,Arunachal Pradesh,2000-08-21,Standard,2022-04-13
C003587,Kavya,Misra,nkeer@example.org,Guntakal,Uttarakhand,1966-05-03,Standard,2025-08-20
C003588,Anika,Manne,yadaviuppal@example.com,Udupi,Haryana,1996-03-19,Standard,2025-07-13
C003589,Chavvi,Kalla,asanghvi@example.org,Mehsana,Arunachal Pradesh,2006-11-30,Standard,2024-01-23
C003590,Ria,Guha,singhreva@example.net,Bhopal,Arunachal Pradesh,1999-06-19,Business,2026-07-27
C003591,Vidhi,Jhaveri,qsrinivas@example.com,Thoothukudi,West Bengal,1982-10-09,Standard,2022-08-25
C003592,Brinda,Ray,zilmil36@example.net,Bulandshahr,Odisha,1963-06-30,Business,2025-08-23
C003593,Maanav,Varty,osharma@example.net,Jabalpur,Assam,1982-06-01,Premium,2026-05-09
C003594,Jagat,Sathe,gunbir20@example.org,Ongole,Madhya Pradesh,1987-11-05,Business,2026-01-01
C003595,Ekaraj,Baria,warinder15@example.org,Sangli-Miraj & Kupwad,Haryana,1949-01-07,Standard,2026-05-25
C003596,Vrinda,Garg,contractorradhika@example.org,Mirzapur,Chhattisgarh,1967-05-18,Business,2022-10-02
C003597,Arin,Kulkarni,vedhika44@example.com,Vadodara,Chhattisgarh,1995-05-20,Standard,2021-11-29
C003598,Samaksh,Dani,ati43@example.com,Shimla,Uttar Pradesh,1985-04-08,Business,2022-05-11
C003599,Abhimanyu,Rastogi,chamelinanda@example.org,Jamshedpur,Arunachal Pradesh,1956-07-28,Standard,2026-04-17
C003600,Unni,Andra,nmenon@example.com,Jaunpur,Arunachal Pradesh,1957-02-07,Premium,2023-07-11
C003601,Daksh,Dada,nihalatwal@example.com,Farrukhabad,Meghalaya,1951-04-25,Standard,2022-06-04
C003602,Balhaar,Chopra,rkhare@example.com,Visakhapatnam,Uttarakhand,1993-03-31,Standard,2023-06-03
C003603,Yashawini,Chadha,turvi07@example.org,Nagpur,Goa,1982-03-28,Business,2024-06-24
C003604,Bachittar,Hari,balendra33@example.net,Farrukhabad,Kerala,1975-07-23,Business,2024-11-12
C003605,Watika,Rajagopalan,sankaranabhiram@example.com,Dharmavaram,Himachal Pradesh,1947-04-09,Business,2025-08-07
C003606,Lajita,Samra,jdara@example.net,Jammu,Gujarat,1966-01-16,Premium,2022-05-04
C003607,Hiral,Bhatia,ladlisangha@example.org,Mahbubnagar,Uttar Pradesh,2003-04-18,Standard,2025-03-12
C003608,Chakradhar,Bir,faris60@example.net,Bangalore,Madhya Pradesh,1955-04-01,Business,2022-04-28
C003609,Charan,Hayre,dasguptaupma@example.net,Dibrugarh,Uttar Pradesh,1952-08-01,Premium,2022-06-15
C003610,Samarth,Natt,anjaliprabhu@example.com,Jamshedpur,Arunachal Pradesh,1968-09-27,Business,2022-12-31
C003611,Ekiya,Gopal,vanshasami@example.com,Madurai,Rajasthan,1952-01-12,Standard,2022-04-15
C003612,Lila,Loyal,tdugar@example.com,Hosur,Karnataka,1993-10-03,Standard,2022-12-16
C003613,Dayita,Jani,wkhurana@example.net,Jamnagar,Manipur,1949-09-07,Standard,2026-02-09
C003614,Zilmil,Andra,jeetchauhan@example.net,Barasat,Uttarakhand,1991-05-15,Premium,2022-04-01
C003615,Mahika,Andra,ganeshkai@example.net,Nashik,Andhra Pradesh,1950-03-16,Business,2025-02-04
C003616,Xiti,Raju,ranveer10@example.net,Madurai,Punjab,1959-09-10,Business,2024-04-05
C003617,Kamala,Hari,rgrover@example.org,Jammu,Maharashtra,1982-11-01,Premium,2023-12-30
C003618,Chavvi,Varghese,qabilsavant@example.org,Mangalore,Arunachal Pradesh,1988-02-15,Standard,2024-06-30
C003619,Indali,Dasgupta,parthkara@example.com,Nadiad,Gujarat,1997-03-03,Standard,2025-02-02
C003620,Rajeshri,Natarajan,saumya69@example.com,Ozhukarai,Odisha,2007-08-12,Standard,2025-03-22
C003621,Nandini,Comar,chavvikalla@example.com,Indore,Uttarakhand,1967-04-01,Standard,2024-06-22
C003622,Ekaraj,Dugal,upmapathak@example.org,Muzaffarnagar,Manipur,1955-11-20,Premium,2022-04-21
C003623,Gagan,Edwin,champakjayaraman@example.org,Avadi,Tamil Nadu,1997-05-02,Standard,2024-01-16
C003624,Anjali,Wali,aarora@example.org,Dewas,Bihar,1954-05-25,Standard,2022-03-21
C003625,Jason,Yadav,butalaanika@example.org,Silchar,Mizoram,1989-08-03,Premium,2023-12-19
C003626,Triya,Shan,gourgeetika@example.org,Bahraich,Tripura,1969-06-14,Business,2022-03-14
C003627,Nitara,Biswas,wkari@example.com,Shimoga,Madhya Pradesh,2001-06-17,Standard,2025-06-30
C003628,Jack,Borde,hwarrior@example.com,Guntur,Goa,1952-02-18,Standard,2025-05-18
C003629,Gayathri,Varghese,fprakash@example.net,Bettiah,Maharashtra,1986-03-29,Business,2025-12-04
C003630,Reva,Konda,abahri@example.org,Giridih,Karnataka,1993-07-21,Business,2025-11-05
C003631,Maya,Mangat,ishaan70@example.com,Pallavaram,Sikkim,1975-09-14,Standard,2023-11-06
C003632,Riya,Arya,zarna74@example.net,Kottayam,Gujarat,1977-08-17,Standard,2024-06-30
C003633,Onveer,Mandal,nagyoliver@example.org,Karnal,Assam,1985-03-31,Business,2025-07-07
C003634,Vivaan,Raghavan,eatwal@example.net,Bharatpur,Tamil Nadu,1971-06-29,Premium,2024-03-12
C003635,Sai,Dua,praneel74@example.org,Khora ,Madhya Pradesh,1998-11-13,Business,2025-05-22
C003636,Aashi,Mishra,upma33@example.com,Karimnagar,Bihar,1958-10-06,Premium,2025-02-17
C003637,Advay,Walia,isathe@example.net,Bhopal,Meghalaya,1964-04-13,Premium,2024-10-14
C003638,Tristan,Mahal,upasna43@example.org,Patiala,Uttarakhand,1985-07-15,Business,2025-08-09
C003639,Mitesh,De,radhachander@example.com,Katni,Tamil Nadu,2004-08-07,Standard,2022-10-16
C003640,Shravya,Buch,npai@example.com,Panchkula,Uttar Pradesh,2002-11-08,Standard,2023-07-10
C003641,Amol,Sehgal,ktara@example.com,Jodhpur,Arunachal Pradesh,1971-02-24,Standard,2025-04-13
C003642,Isaac,Mahal,peterbose@example.com,Pondicherry,Andhra Pradesh,1955-04-19,Business,2024-11-21
C003643,Indira,Nazareth,darafaras@example.org,Bally,Bihar,1960-07-15,Business,2023-08-02
C003644,Omaja,Khatri,nviswanathan@example.net,Nagaon,Tripura,1992-11-25,Business,2025-04-02
C003645,Vivaan,Suri,handanisha@example.com,Cuttack,Mizoram,1952-12-27,Premium,2024-11-16
C003646,Aarush,Natt,yutikakadakia@example.com,Avadi,Karnataka,1974-11-16,Premium,2022-07-21
C003647,Krishna,Barad,manyaiyer@example.net,Mau,Goa,1985-05-19,Premium,2025-09-09
C003648,Bhavini,Som,owensahni@example.net,Jodhpur,Gujarat,1977-02-24,Premium,2022-02-13
C003649,Nikita,Padmanabhan,baljiwannori@example.net,Muzaffarpur,Meghalaya,1998-07-23,Standard,2026-03-12
C003650,Gautami,Muni,chadyahvi@example.net,Bardhaman,Jharkhand,1952-04-13,Standard,2022-02-02
C003651,Manya,Lad,deviadvay@example.net,Deoghar,Nagaland,1975-01-24,Business,2023-02-12
C003652,Forum,Kala,balhaar72@example.org,Patiala,Bihar,1999-09-19,Business,2023-06-25
C003653,Yoshita,Pillai,amblemanbir@example.net,Jamnagar,Arunachal Pradesh,1945-09-04,Premium,2025-01-26
C003654,Maanav,Gala,zsamra@example.com,Kumbakonam,Gujarat,1946-01-27,Premium,2024-01-14
C003655,Urishilla,Jayaraman,chamelibarman@example.org,Srinagar,Uttarakhand,1984-01-20,Standard,2023-11-27
C003656,Suhani,Raju,amaira56@example.net,Udupi,Uttarakhand,1981-06-21,Standard,2024-03-23
C003657,Nicholas,Dara,kuruvillarobert@example.com,Fatehpur,Chhattisgarh,1996-11-02,Business,2023-08-24
C003658,Vaishnavi,Raghavan,watikabuch@example.com,Baranagar,Punjab,1950-10-29,Business,2026-04-05
C003659,Nandini,Zachariah,xvora@example.net,Guntakal,Andhra Pradesh,1986-07-04,Standard,2024-02-18
C003660,Falguni,Tandon,ubalay@example.com,Guntur,Tripura,1965-06-25,Premium,2025-06-27
C003661,Vritti,Raval,kapoorwidisha@example.org,Nizamabad,Uttar Pradesh,1981-02-21,Standard,2025-11-24
C003662,Darika,Muni,srinivasmanya@example.net,Mau,Mizoram,1995-07-26,Business,2024-09-07
C003663,Zashil,Chand,nandra@example.com,Mysore,Haryana,1957-06-11,Standard,2021-12-19
C003664,Jyoti,Narayanan,ggour@example.com,Madanapalle,Bihar,1969-05-15,Standard,2025-08-08
C003665,Urishilla,Palla,dakshesh41@example.com,Anantapur,Nagaland,2001-04-07,Business,2022-07-04
C003666,Rachita,Raval,hitesh76@example.org,Avadi,Uttar Pradesh,1996-01-31,Standard,2023-12-08
C003667,William,Das,shivansh32@example.net,Dehradun,Andhra Pradesh,2006-09-03,Business,2025-02-05
C003668,Nachiket,Anand,brahmbhattabeer@example.net,Khandwa,Gujarat,2006-10-09,Premium,2026-05-15
C003669,Oviya,Nath,achaudhary@example.net,Kakinada,Manipur,1966-06-07,Standard,2023-07-20
C003670,Udyati,Nayak,modyirya@example.org,Rampur,Andhra Pradesh,1978-05-13,Premium,2026-03-02
C003671,Pratyush,Sharma,mkanda@example.net,Bulandshahr,Sikkim,1957-08-24,Premium,2022-11-11
C003672,Gabriel,Amble,malhotraanika@example.org,Bhilwara,Telangana,2006-01-11,Business,2022-12-15
C003673,Elijah,Ahluwalia,umanne@example.net,Bhagalpur,Mizoram,1958-04-24,Business,2021-09-05
C003674,Zarna,Sundaram,cvaidya@example.com,Vasai-Virar,Madhya Pradesh,1972-04-12,Premium,2025-03-07
C003675,Raksha,Sinha,olala@example.net,Mau,Chhattisgarh,1965-02-08,Business,2023-02-15
C003676,Lakshmi,Ganesh,shivani93@example.net,Bilaspur,Assam,1997-07-08,Standard,2023-11-08
C003677,Fiyaz,Dalal,mangaldev@example.com,Lucknow,Odisha,1949-03-12,Business,2024-09-15
C003678,Hredhaan,Narayan,tandonindrajit@example.net,Satara,Tamil Nadu,1971-08-29,Business,2021-12-24
C003679,Pratyush,Balasubramanian,janyabhargava@example.net,Parbhani,Meghalaya,1993-10-10,Premium,2026-02-07
C003680,Naksh,Gulati,urvashiwali@example.net,Haridwar,Tripura,2005-10-13,Standard,2024-11-27
C003681,Bachittar,Purohit,liamkamdar@example.com,Shimla,Gujarat,1966-07-11,Premium,2026-02-15
C003682,Matthew,Ravi,davedayita@example.net,Proddatur,Tamil Nadu,2005-09-20,Business,2024-01-12
C003683,Dalaja,Rai,rachanaramanathan@example.net,Dindigul,Rajasthan,1968-06-25,Business,2026-05-02
C003684,Jagdish,Goel,unadkarni@example.com,Imphal,Rajasthan,1966-09-08,Premium,2023-11-02
C003685,Brijesh,Talwar,advaithkapoor@example.net,Etawah,Uttarakhand,1997-09-22,Business,2022-12-13
C003686,Sai,Gour,odika81@example.org,Bhiwani,Chhattisgarh,1994-03-31,Business,2023-04-24
C003687,Dayita,Bhavsar,mshroff@example.net,Amravati,Arunachal Pradesh,2006-03-13,Premium,2024-12-15
C003688,Pranit,Sahni,daminishah@example.org,Karawal Nagar,Uttarakhand,1991-08-04,Business,2026-03-21
C003689,Hardik,Subramanian,grajagopal@example.net,Chittoor,Uttarakhand,1958-10-17,Business,2022-10-02
C003690,Krisha,Kamdar,chowdhurygavin@example.org,Vijayanagaram,Nagaland,1969-08-20,Standard,2022-08-02
C003691,Madhavi,Venkataraman,bathsarthak@example.org,Khora ,Andhra Pradesh,1978-06-28,Business,2022-10-25
C003692,Udyati,Balay,lagrawal@example.com,Tadepalligudem,Goa,1992-02-13,Premium,2025-12-29
C003693,Lavanya,Modi,sandhuidika@example.net,Secunderabad,Chhattisgarh,1959-07-09,Business,2025-12-22
C003694,Vihaan,Saha,malhotraurmi@example.net,Sasaram,Uttar Pradesh,1999-02-14,Premium,2021-08-11
C003695,Gaurang,Arya,jyoti32@example.org,Warangal,Odisha,1980-09-14,Standard,2021-10-15
C003696,Kabir,Yogi,ekantaboase@example.com,Bikaner,Telangana,1976-04-07,Business,2022-10-26
C003697,Geetika,Kuruvilla,omajumdar@example.org,Yamunanagar,Assam,1962-12-12,Standard,2024-07-31
C003698,Vritti,Dada,ishani29@example.org,Tirupati,Assam,1948-04-04,Premium,2023-06-15
C003699,Lakshit,Vasa,max39@example.com,Thane,Mizoram,1991-08-13,Standard,2025-11-26
C003700,Vrinda,Om,goswamiyachana@example.net,Ichalkaranji,Chhattisgarh,1989-11-13,Business,2023-10-18
C003701,Aradhana,Ramanathan,bhandariucchal@example.org,Raichur,Odisha,1972-10-15,Business,2026-06-13
C003702,Advika,Subramaniam,nimrat22@example.net,Tiruchirappalli,West Bengal,1956-05-30,Premium,2026-01-01
C003703,Hamsini,Mannan,dhayer@example.com,Morbi,Tamil Nadu,1963-06-28,Business,2023-02-15
C003704,Omkaar,Dada,vsagar@example.net,Bhusawal,Himachal Pradesh,2006-01-28,Premium,2025-07-07
C003705,Wyatt,Cherian,nmisra@example.org,Shimoga,Gujarat,1983-01-17,Business,2025-03-19
C003706,Anamika,Menon,isehgal@example.org,Medininagar,Telangana,1962-04-28,Standard,2022-03-25
C003707,Pratyush,Karan,krajan@example.net,Bhiwani,Sikkim,1994-07-25,Premium,2023-05-01
C003708,Yug,Badal,bavagirik@example.com,Khammam,Odisha,1949-04-24,Premium,2024-02-10
C003709,Gauri,Dhillon,andrewloyal@example.net,Buxar,Uttarakhand,2004-10-13,Standard,2023-03-25
C003710,Anamika,Naik,baghyawatikrishna@example.net,Kota,Mizoram,1956-12-24,Standard,2026-03-16
C003711,Pranit,Prabhu,ramanathangabriel@example.org,Latur,Madhya Pradesh,1950-09-12,Business,2025-03-01
C003712,Aadhya,Swaminathan,ekapadbobal@example.net,Bhavnagar,Punjab,1976-04-14,Premium,2024-09-29
C003713,Zayan,Choudhury,doctorjagvi@example.com,Hosur,Chhattisgarh,1981-07-02,Business,2024-04-29
C003714,Darpan,Sachdeva,snagarajan@example.com,Thoothukudi,Chhattisgarh,1961-06-08,Premium,2022-01-18
C003715,Ikbal,Sura,jacob50@example.org,Darbhanga,Maharashtra,1977-08-27,Premium,2026-05-03
C003716,Leela,Agate,kabirmaharaj@example.org,Sagar,Nagaland,1955-03-29,Standard,2022-04-07
C003717,Umang,Wadhwa,luke42@example.net,Bareilly,Andhra Pradesh,1996-11-15,Standard,2025-09-06
C003718,Adweta,Naik,mallickchaaya@example.net,Thrissur,Uttarakhand,1964-11-19,Business,2026-08-05
C003719,Darika,Bajwa,chandran08@example.net,Katihar,Madhya Pradesh,1948-01-23,Standard,2024-12-15
C003720,Rachita,Nayak,triptiparmer@example.net,Ambarnath,Sikkim,1948-01-17,Standard,2021-08-27
C003721,Radhika,Sama,pallavi31@example.org,Howrah,Odisha,1981-04-07,Standard,2026-04-30
C003722,Qasim,Samra,idikabaral@example.org,Bhind,Tamil Nadu,1950-10-25,Premium,2026-02-14
C003723,Zaitra,Khalsa,gayathri97@example.net,Bhiwani,Karnataka,1977-04-18,Premium,2021-08-13
C003724,Wakeeta,Nayar,magarchandani@example.com,Yamunanagar,Odisha,1967-12-06,standard,2023-11-14
C003725,Urvashi,Barad,chakradharnadkarni@example.net,Maheshtala,Gujarat,2001-08-28,Premium,2026-06-22
C003726,Ekansh,Bava,zkhanna@example.com,Tezpur,Haryana,1947-12-09,Premium,2023-02-07
C003727,Sanya,Gera,qabil87@example.org,Ramagundam,Chhattisgarh,1991-12-03,Business,2025-06-18
C003728,Pushti,Lanka,mekhalabalay@example.com,Imphal,Meghalaya,2006-12-07,Business,2022-04-09
C003729,Sachi,Chacko,rajagopalankrishna@example.org,Fatehpur,Andhra Pradesh,1990-09-14,Standard,2023-08-28
C003730,Lakshit,Gade,farhan37@example.net,Hindupur,Bihar,1991-08-02,Standard,2024-10-05
C003731,Dominic,Chopra,patilmax@example.org,Shivpuri,Haryana,1976-04-20,Premium,2022-06-10
C003732,Wridesh,Sarraf,adeshpande@example.org,Etawah,Mizoram,1981-07-06,Standard,2024-01-14
C003733,Oscar,Ganguly,bordeyachana@example.net,Vasai-Virar,Arunachal Pradesh,1974-05-07,Business,2024-06-12
C003734,Banjeet,Lalla,mohanneelima@example.com,Kulti,Meghalaya,1984-12-01,Premium,2025-04-06
C003735,Yasti,Golla,chandreshkar@example.net,Jaipur,Arunachal Pradesh,1974-06-04,Standard,2025-06-27
C003736,Ishanvi,Kari,swamyamruta@example.com,Madhyamgram,Tripura,1959-09-24,Premium,2022-05-17
C003737,Banjeet,Rau,anay07@example.com,Jamalpur,Gujarat,1988-01-11,Premium,2024-12-01
C003738,Jagvi,Kohli,beranachiket@example.net,Salem,Telangana,1969-04-23,Business,2024-07-07
C003739,Orinder,Gupta,bavaabdul@example.com,Nellore,Madhya Pradesh,1964-03-02,Business,2023-01-20
C003740,Lajita,Sant,faris16@example.com,Vellore,West Bengal,1954-10-23,Business,2025-06-05
C003741,Ekta,Kapur,rachita79@example.net,Surendranagar Dudhrej,Jharkhand,1976-09-24,Business,2023-02-08
C003742,Aayush,Kadakia,dakshabhargava@example.net,Hapur,Jharkhand,1964-06-23,Business,2025-08-06
C003743,Jhalak,Pandey,ubadal@example.net,Ghaziabad,Odisha,2004-05-30,Standard,2024-09-17
C003744,Fiyaz,Lad,dominic88@example.net,Satna,Tamil Nadu,1969-09-05,Premium,2022-02-13
C003745,Niharika,Nair,nsachar@example.org,Suryapet,Bihar,1971-02-15,Standard,2022-01-08
C003746,Aishani,De,ekapadtak@example.org,Madanapalle,Karnataka,2000-09-24,Business,2021-10-27
C003747,Gauri,Dewan,patlasuhani@example.net,Thiruvananthapuram,Mizoram,1974-12-17,Business,2021-09-27
C003748,Tripti,Parmar,vdalal@example.com,Warangal,Kerala,2003-07-07,Business,2022-07-30
C003749,Alka,Ahuja,pathakucchal@example.org,Muzaffarnagar,Uttarakhand,1971-01-27,Business,2022-03-06
C003750,Sudiksha,Sekhon,jagdishkeer@example.com,Raurkela Industrial Township,Telangana,2004-07-06,Standard,2022-12-24
C003751,Aarav,Sehgal,abeerdhillon@example.net,Madurai,Uttarakhand,2000-08-08,Premium,2024-06-18
C003752,Dalbir,Kara,ladlidash@example.com,Mangalore,Arunachal Pradesh,1981-01-26,Premium,2025-07-14
C003753,Bachittar,Rao,balhaar35@example.org,Satara,Tripura,1963-05-23,Business,2023-10-06
C003754,Eshana,Yadav,blad@example.org,Siliguri,Bihar,2001-10-06,Standard,2024-04-25
C003755,Chaaya,Mishra,hema66@example.org,Guntakal,Rajasthan,2004-06-16,Business,2022-09-29
C003756,Riya,Gara,parekhdivya@example.com,Tumkur,Goa,1986-02-09,Standard,2026-04-11
C003757,Jasmit,Hegde,nbehl@example.org,Anand,Goa,1981-02-22,Premium,2022-01-03
C003758,Sudiksha,Bobal,dsankar@example.com,Mangalore,Chhattisgarh,1955-09-13,Business,2021-11-16
C003759,Diya,Hari,bariatheodore@example.com,Ambarnath,Tripura,1978-10-14,Standard,2023-05-16
C003760,Mason,Bhandari,vidhi61@example.org,Bellary,Gujarat,2001-08-24,Standard,2023-02-24
C003761,Chaaya,Parmar,hredhaan73@example.net,Rewa,Goa,1998-10-02,Premium,2022-12-13
C003762,Indali,Lad,ojas81@example.com,Anand,Karnataka,1955-12-10,Business,2024-02-04
C003763,Yashasvi,Doshi,darshnath@example.org,Thanjavur,Sikkim,1963-05-04,Premium,2025-08-25
C003764,Orinder,Purohit,zashil89@example.com,Jehanabad,West Bengal,1968-06-23,Business,2021-12-14
C003765,Dayamai,Chand,baralrachana@example.org,Bahraich,Manipur,1952-05-12,Premium,2025-10-09
C003766,Tara,Sastry,manthanben@example.net,Kulti,Goa,1961-06-15,Business,2026-02-22
C003767,Nicholas,Mane,aptegirish@example.com,Sambalpur,Kerala,1971-10-27,Standard,2023-08-07
C003768,Chanakya,Choudhury,vinaya90@example.org,Shimla,Gujarat,1979-12-20,Business,2023-02-27
C003769,Nathaniel,Chokshi,avnilad@example.com,Akola,Maharashtra,1987-01-14,Business,2022-09-26
C003770,Yochana,Saraf,hardik08@example.net,Bally,Assam,1975-10-11,Premium,2022-03-27
C003771,Rushil,Apte,sviswanathan@example.com,Kharagpur,Kerala,1973-08-20,Standard,2024-01-15
C003772,Veda,Hayre,chadudarsh@example.com,Munger,Meghalaya,1985-08-20,Business,2023-07-31
C003773,Ekansh,Srivastava,solankirayaan@example.org,Naihati,Meghalaya,1985-03-29,Standard,2026-03-27
C003774,Omkaar,Mand,tanishmistry@example.net,Berhampur,Sikkim,1962-05-15,Premium,2025-03-04
C003775,Jalsa,Sekhon,ckurian@example.org,Srinagar,Tamil Nadu,1981-06-07,Premium,2023-12-15
C003776,Liam,Chauhan,kalpitranganathan@example.net,Fatehpur,Gujarat,1948-09-08,Business,2025-08-08
C003777,Samaksh,Narang,zdutta@example.org,Munger,Andhra Pradesh,1968-03-14,Business,2022-06-24
C003778,Shivani,Prakash,vedantnadkarni@example.net,Jamshedpur,Assam,2003-01-10,Standard,2023-07-01
C003779,Triya,Keer,brarmatthew@example.com,Secunderabad,Haryana,1971-10-31,Standard,2022-07-14
C003780,Joshua,Dash,sundaramindrajit@example.net,Proddatur,Himachal Pradesh,1983-10-03,Standard,2025-03-07
C003781,Luke,Hari,noahbarad@example.net,Uluberia,Sikkim,1999-05-31,Premium,2023-10-26
C003782,Rajata,Hans,lsethi@example.com,Thiruvananthapuram,Madhya Pradesh,1976-12-12,Business,2026-02-24
C003783,Bachittar,Dhillon,neeldasgupta@example.com,Bally,Nagaland,2006-08-03,Standard,2023-05-23
C003784,Wridesh,Wali,moommen@example.net,Dehri,Bihar,1968-11-09,Premium,2021-11-14
C003785,Raksha,Karnik,hmahajan@example.org,Bhalswa Jahangir Pur,Telangana,2000-06-02,Business,2026-08-01
C003786,Yoshita,Nath,gagan69@example.com,Thoothukudi,Uttar Pradesh,1953-09-03,Premium,2023-04-04
C003787,Nikita,Hans,bariamohammed@example.com,Katni,Uttarakhand,2002-08-21,Business,2022-10-23
C003788,Saanvi,Radhakrishnan,rajagopalekantika@example.com,Madanapalle,Odisha,2001-08-25,premium,2022-03-24
C003789,Oscar,Minhas,sanya38@example.com,Raebareli,Tamil Nadu,1974-02-14,Premium,2023-09-24
C003790,Jhalak,Vyas,kalaneha@example.org,Sikar,Himachal Pradesh,1978-05-05,Standard,2025-06-07
C003791,William,Dani,luke95@example.net,Howrah,Maharashtra,1976-04-03,Standard,2021-11-19
C003792,Jasmit,Samra,gautami17@example.net,Durgapur,Jharkhand,2003-08-02,Premium,2024-08-24
C003793,Riya,Sangha,parikhlakshmi@example.org,Delhi,Punjab,1983-04-28,Standard,2026-06-16
C003794,Chandran,Bahl,triptiiyengar@example.net,Bikaner,Sikkim,1982-09-12,Business,2023-10-04
C003795,Rohan,Nayak,rushil79@example.org,Srikakulam,West Bengal,2004-04-26,Business,2023-09-26
C003796,Pallavi,Garde,kabirkala@example.net,Davanagere,Nagaland,1994-10-23,Standard,2022-04-09
C003797,Priya,Narain,mohanekiya@example.net,Kolkata,Himachal Pradesh,1945-12-06,Premium,2023-06-28
C003798,Nakul,Sharma,rbuch@example.org,Uluberia,Manipur,1963-02-02,Premium,2024-08-27
C003799,Yauvani,Kadakia,bajwaoeshi@example.com,Machilipatnam,Uttar Pradesh,1962-03-03,Premium,2022-09-22
C003800,Thomas,Lad,brahmbhattbaljiwan@example.com,Kirari Suleman Nagar,Maharashtra,1978-08-09,Standard,2024-01-10
C003801,Yashasvi,Chada,bosezehaan@example.org,Haldia,Tamil Nadu,1966-04-24,Standard,2024-01-08
C003802,Panini,Pai,obhasin@example.com,Bareilly,West Bengal,1971-03-02,Standard,2023-03-19
C003803,Abha,Deol,lnayar@example.com,Agartala,Gujarat,2007-12-18,Business,2024-09-24
C003804,Panini,Dara,hsetty@example.net,Tiruvottiyur,West Bengal,1994-08-18,Premium,2023-06-27
C003805,Hritik,Bassi,nathan12@example.org,Silchar,Goa,2007-01-16,Standard,2025-07-20
C003806,Abeer,Dugar,chakrika36@example.net,Khora ,Rajasthan,1976-09-13,Premium,2022-08-31
C003807,Yochana,Dyal,trivenimanne@example.com,Fatehpur,Punjab,1961-01-26,Premium,2024-11-07
C003808,Divya,Agarwal,neha75@example.com,Bidhannagar,Assam,2005-03-25,Premium,2026-05-09
C003809,Peter,Sule,teerthnanda@example.org,Ichalkaranji,Andhra Pradesh,1962-04-17,Business,2023-08-23
C003810,Lipika,Seth,libnisant@example.com,Kolkata,Madhya Pradesh,1982-05-05,Business,2025-07-04
C003811,Rishi,Bora,ldatta@example.org,Bahraich,Haryana,1953-02-10,Premium,2025-11-26
C003812,Hredhaan,Hayre,ckrish@example.com,Allahabad,Arunachal Pradesh,1956-11-16,Standard,2022-08-17
C003813,Ekaja,Ratti,simonnagar@example.org,Loni,Maharashtra,2007-11-26,Premium,2024-05-17
C003814,Xalak,Pandit,wsrinivas@example.org,New Delhi,Sikkim,1995-07-26,Business,2023-05-13
C003815,Qushi,Chopra,deoindrajit@example.com,Ramagundam,Uttar Pradesh,1951-10-22,Business,2021-08-28
C003816,Jack,Lalla,jackbhardwaj@example.org,Udaipur,Haryana,1997-03-14,Business,2022-03-19
C003817,Charan,Gopal,gparikh@example.com,Guna,Uttarakhand,2005-12-08,Premium,2025-07-02
C003818,Viraj,Dugar,viswanathanchristopher@example.org,Mira-Bhayandar,Jharkhand,1946-11-15,Standard,2023-08-24
C003819,Charvi,Kurian,farisdixit@example.com,Shimla,Rajasthan,1989-10-03,Premium,2025-03-01
C003820,Reva,Chad,rajagopalanyashoda@example.org,Sagar,Tamil Nadu,1984-05-26,Standard,2021-10-15
C003821,Chatresh,Palla,rrout@example.org,Bhimavaram,Odisha,1998-04-15,Premium,2024-02-02
C003822,Widisha,Randhawa,anay19@example.org,Bhavnagar,Punjab,1996-09-03,Standard,2022-12-02
C003823,Krish,Bhatti,hansrachana@example.net,Guntur,Uttarakhand,1946-10-15,Business,2023-07-12
C003824,Rayaan,Varkey,lavanyasandhu@example.org,Shimla,Haryana,1991-07-20,Standard,2022-10-29
C003825,Ojasvi,Barad,hdeol@example.com,Kolkata,Manipur,1974-06-27,Business,2025-03-27
C003826,Nilima,Saraf,david13@example.com,Mathura,Meghalaya,1986-01-27,Business,2024-01-03
C003827,Chatura,Bhattacharyya,jagatmadan@example.org,Muzaffarpur,Tamil Nadu,1948-07-18,Business,2025-04-16
C003828,Krish,Karnik,venkataramanshivansh@example.com,Bihar Sharif,Goa,2002-03-25,Standard,2022-02-09
C003829,Aarnav,Lalla,raijanuja@example.com,Karnal,Jharkhand,1971-07-14,Business,2022-10-13
C003830,Ekani,Suri,gardearya@example.net,Kirari Suleman Nagar,Punjab,1965-08-11,Standard,2023-12-23
C003831,Hredhaan,Hayre,eeshachahal@example.org,Munger,Haryana,1997-04-17,Standard,2024-05-19
C003832,Pushti,Varghese,oparekh@example.org,Amaravati,Odisha,1984-11-05,Standard,2024-03-15
C003833,Gaurang,Khare,ekapadjha@example.org,Nandyal,West Bengal,1975-09-03,Standard,2024-06-17
C003834,Karan,Varughese,champakchad@example.net,Rajkot,Assam,1949-09-24,Standard,2026-06-03
C003835,Anika,Ganesan,skorpal@example.com,Madanapalle,Rajasthan,1952-06-26,Standard,2025-08-06
C003836,Yagnesh,Natt,bmanda@example.com,Bhavnagar,Chhattisgarh,1960-05-08,Premium,2021-10-01
C003837,Chatresh,Vig,mitalaryan@example.org,Ulhasnagar,Nagaland,1979-12-23,Business,2022-07-01
C003838,Hemang,Nazareth,chatterjeesara@example.org,Amravati,Rajasthan,1972-12-10,Standard,2022-06-10
C003839,Yashodhara,Bhakta,sjoshi@example.org,Hospet,Uttarakhand,2003-12-02,Standard,2023-12-17
C003840,Yasti,Madan,rudra14@example.net,Kadapa,Bihar,1956-05-06,Premium,2026-04-13
C003841,Pallavi,Issac,fkrish@example.com,North Dumdum,Goa,1985-03-17,Standard,2024-02-11
C003842,Teerth,Kumer,iparmer@example.com,Hapur,Uttarakhand,1980-06-24,Premium,2022-07-14
C003843,Lipika,Dave,harshilsampath@example.net,Durgapur,Jharkhand,1994-06-26,Business,2026-08-01
C003844,Faqid,Kata,aarnabhat@example.net,Ghaziabad,Madhya Pradesh,1991-03-15,Business,2022-06-12
C003845,Tanveer,Sachar,brama@example.net,Tirupati,Goa,1981-08-21,Premium,2022-03-30
C003846,Vansha,Rout,chaitanya07@example.org,Mathura,Jharkhand,1963-04-08,Business,2022-10-30
C003847,Bachittar,Mitter,imarannazareth@example.net,Ajmer,Rajasthan,1966-12-08,Standard,2023-12-05
C003848,Vansha,Sehgal,bvenkataraman@example.org,Adoni,Himachal Pradesh,1977-07-05,Business,2025-02-16
C003849,Falan,Yogi,ladsudiksha@example.org,Tinsukia,Andhra Pradesh,1963-09-16,Premium,2026-02-15
C003850,Jatin,Chadha,nsarin@example.net,Raurkela Industrial Township,Goa,1958-08-23,Premium,2025-12-10
C003851,Xavier,Parekh,gbains@example.org,Siliguri,Chhattisgarh,1955-07-31,Standard,2024-03-28
C003852,Liam,Verma,shenoynikita@example.org,Kozhikode,Punjab,1989-04-13,Premium,2025-07-22
C003853,Anthony,Grewal,harrison12@example.net,Tiruvottiyur,Jharkhand,2002-09-15,Premium,2022-03-23
C003854,Samesh,Badal,lsandal@example.org,Pallavaram,Assam,1949-11-03,Standard,2025-07-02
C003855,Sai,Ganesh,abeerkrishna@example.com,Ambala,Tamil Nadu,1964-02-03,Premium,2024-10-25
C003856,Aarna,Srinivas,qadimgoel@example.com,Latur,Uttar Pradesh,1975-06-09,Business,2024-02-24
C003857,Pooja,Chaudhuri,pallaviagate@example.net,Bidar,Tripura,1964-05-18,Standard,2024-08-27
C003858,Frederick,Natt,ygour@example.org,Chandigarh,Haryana,1965-08-27,premium,2026-02-27
C003859,Omya,Sodhi,mben@example.com,Guna,Karnataka,1992-02-29,Premium,2022-06-14
C003860,Barkha,Cheema,janani82@example.org,Maheshtala,Chhattisgarh,1952-08-10,Premium,2026-01-25
C003861,Wyatt,Nigam,mangatabhimanyu@example.net,Kakinada,Sikkim,1964-02-10,Standard,2026-02-20
C003862,Ishaan,Kalita,gbhatnagar@example.com,Haldia,Bihar,1964-04-15,Business,2023-08-30
C003863,Pranav,Chatterjee,chaudharymadhavi@example.com,Bettiah,Meghalaya,1955-04-05,Business,2026-04-10
C003864,Keya,Chokshi,gavin40@example.org,Giridih,Goa,1969-12-19,Premium,2026-05-28
C003865,Samesh,Natt,balveerluthra@example.com,Khammam,Punjab,1945-12-16,Standard,2026-03-04
C003866,Parth,Dasgupta,deyabdul@example.org,Unnao,Bihar,1955-06-21,Premium,2023-04-18
C003867,Ria,Chaudhary,baradharrison@example.com,Muzaffarnagar,Manipur,1959-01-31,Standard,2023-03-14
C003868,Aradhana,Shroff,pranavbajwa@example.net,Munger,Tamil Nadu,1950-07-12,Premium,2022-03-30
C003869,Lakshit,Varughese,aggarwalbalveer@example.com,Sri Ganganagar,Assam,1970-10-20,Business,2024-04-17
C003870,Neha,Balasubramanian,noah18@example.org,Bhalswa Jahangir Pur,Gujarat,1985-07-13,Business,2026-06-23
C003871,Dhriti,Sagar,karayahvi@example.org,Machilipatnam,West Bengal,1963-11-14,Standard,2026-03-11
C003872,Upasna,Ratta,batrameera@example.net,Karawal Nagar,Assam,2004-12-15,Standard,2023-02-11
C003873,Aadi,Kumar,watikavora@example.org,Tirupati,Tamil Nadu,1970-06-18,Premium,2025-03-18
C003874,Shivansh,Oza,osundaram@example.com,Farrukhabad,Assam,1978-12-18,Business,2025-10-21
C003875,Tanish,Koshy,peter77@example.com,Panchkula,Bihar,1996-09-25,Business,2025-08-12
C003876,Dhriti,Deshpande,advay51@example.com,Narasaraopet,Uttar Pradesh,1980-12-01,Premium,2022-06-20
C003877,Chatura,Ravel,amritakaul@example.net,Junagadh,Maharashtra,1988-03-17,Premium,2022-05-14
C003878,Yug,Devi,dubejairaj@example.org,Khandwa,Haryana,2006-11-27,Premium,2023-08-02
C003879,Ojasvi,Tiwari,rsarma@example.net,Ambattur,Goa,1986-09-27,Premium,2024-02-10
C003880,Simon,Venkataraman,ryan46@example.org,Delhi,Mizoram,1985-09-10,Standard,2023-10-11
C003881,Logan,Sharaf,ramanisaiah@example.net,Raurkela Industrial Township,Kerala,1946-02-27,Business,2025-11-21
C003882,Vinaya,Oommen,ria57@example.net,Rampur,Tripura,1966-09-22,Standard,2023-12-13
C003883,Januja,Arya,choudhryudarsh@example.org,Sagar,Punjab,1993-07-10,Premium,2021-09-19
C003884,Sathvik,Bhagat,tanishchawla@example.net,Kishanganj,Tamil Nadu,2002-10-30,Business,2023-02-12
C003885,Warda,Brar,nisha89@example.org,Kishanganj,Telangana,1959-02-02,Premium,2023-05-10
C003886,Balveer,Mall,keyasawhney@example.com,South Dumdum,West Bengal,1990-02-27,Standard,2022-11-15
C003887,Zayyan,Munshi,rudrachand@example.org,Bellary,Tripura,1963-01-19,Standard,2026-07-18
C003888,Aachal,Mukhopadhyay,ranahemang@example.com,Jalgaon,Tripura,1970-02-09,Business,2024-10-07
C003889,Edhitha,Chaudhary,lekha10@example.net,Tiruchirappalli,Tripura,1976-06-26,Standard,2021-09-23
C003890,Amrita,Varkey,bhattijanya@example.net,Jalgaon,Gujarat,1975-01-24,Standard,2022-10-05
C003891,Vedant,Srinivasan,elijah67@example.net,Kishanganj,Uttarakhand,1953-12-12,Standard,2025-05-01
C003892,Garima,Bhandari,nsur@example.com,Korba,Rajasthan,1995-04-14,Business,2025-05-28
C003893,Harinakshi,Aggarwal,rsen@example.net,Amroha,Goa,1975-11-03,Business,2026-02-07
C003894,Qadim,Dora,chaudharylavanya@example.org,Jalgaon,West Bengal,1977-12-26,Business,2023-08-24
C003895,Vivaan,Baria,ylad@example.net,Jalandhar,West Bengal,1991-11-19,Premium,2022-08-29
C003896,Gagan,Bhasin,koshyharshil@example.net,Bhilai,Uttar Pradesh,2008-06-12,Standard,2023-11-29
C003897,David,Dutta,champak57@example.net,Udaipur,Kerala,1960-01-12,Standard,2024-09-29
C003898,Quincy,Balay,rattaethan@example.com,Tirunelveli,Punjab,1976-02-19,Premium,2025-02-11
C003899,Sudiksha,Peri,kaideo@example.org,Noida,Telangana,1957-09-06,Premium,2021-09-25
C003900,Oscar,Lall,pkohli@example.net,Latur,Uttarakhand,1956-03-15,Premium,2024-12-05
C003901,Ojas,Date,ommannan@example.org,Thrissur,Sikkim,2003-07-21,Business,2026-05-26
C003902,Rishi,Viswanathan,pvig@example.net,Belgaum,Andhra Pradesh,1976-04-29,Premium,2026-05-26
C003903,Ayushman,Lad,sethishita@example.org,Nadiad,West Bengal,1985-08-22,Standard,2026-02-14
C003904,Leela,Luthra,brijesh46@example.org,Vijayanagaram,Punjab,1950-09-20,Standard,2026-07-20
C003905,Zarna,Naidu,qadim29@example.org,Etawah,Gujarat,2005-09-23,Premium,2025-01-03
C003906,Mitali,Kaur,cmadan@example.org,Bhusawal,Tamil Nadu,1981-02-21,Business,2026-05-15
C003907,Chaitanya,Bhattacharyya,subramaniamupadhriti@example.net,Bijapur,Karnataka,1959-12-03,Business,2024-10-27
C003908,Eesha,Nath,tgarde@example.org,Bilaspur,Telangana,1966-08-25,Standard,2025-04-08
C003909,Patrick,Sodhi,pallgarima@example.org,Dharmavaram,Himachal Pradesh,1988-01-20,Business,2024-09-02
C003910,Madhavi,Kothari,januja63@example.org,Ludhiana,Manipur,1961-08-26,Standard,2023-04-07
C003911,Dipta,Khalsa,riya84@example.com,Pune,Assam,1987-01-05,Premium,2025-02-09
C003912,Jatin,Sachar,imanne@example.net,Kota,Assam,1959-08-18,Standard,2022-07-24
C003913,Ganga,Sastry,girik77@example.net,Vijayanagaram,Gujarat,1959-11-29,Premium,2022-11-16
C003914,Tanay,Vora,balakrishnanbhanumati@example.org,Gulbarga,Andhra Pradesh,1970-04-17,Business,2024-08-05
C003915,Jackson,Agate,oommenjeet@example.net,Aizawl,Maharashtra,1992-05-19,Business,2021-11-28
C003916,Balendra,Khalsa,aayush31@example.org,Jabalpur,Telangana,1960-10-03,Business,2022-12-10
C003917,Frederick,Kumar,edua@example.org,Mumbai,Jharkhand,1968-06-09,Standard,2023-06-17
C003918,Saanvi,Sankaran,vamakshi80@example.org,Anantapuram,Jharkhand,1982-10-26,Standard,2023-02-19
C003919,Falguni,Lal,rkarpe@example.org,Jamshedpur,Goa,2004-07-28,Business,2022-09-27
C003920,Liam,Sibal,owen39@example.com,Eluru,Bihar,1972-09-13,Premium,2025-09-28
C003921,Aadhya,Barman,narangsamaksh@example.org,Nandyal,Telangana,1962-03-17,Standard,2023-05-30
C003922,Janani,Deshpande,harshilsani@example.org,Patna,Rajasthan,1963-03-28,Premium,2023-11-26
C003923,Lipika,Dash,nchowdhury@example.net,Tezpur,Manipur,1961-04-14,Standard,2023-03-25
C003924,Michael,Memon,kpurohit@example.net,Berhampore,Maharashtra,1979-11-11,Business,2025-08-11
C003925,Wahab,Brahmbhatt,seshadrimeghana@example.com,Gudivada,Goa,1997-11-15,Business,2025-12-05
C003926,Urvi,Pathak,dubeadvika@example.org,Nandyal,Punjab,1997-11-22,Standard,2022-09-20
C003927,Guneet,Sanghvi,udantom@example.org,Ozhukarai,Gujarat,1964-01-15,Standard,2022-11-20
C003928,Janya,Sant,kuruvillajalsa@example.org,Bhimavaram,Andhra Pradesh,1960-12-30,Business,2022-09-14
C003929,Girindra,Deep,mkrishna@example.org,Nandyal,Meghalaya,1970-03-31,Business,2025-12-21
C003930,Nathan,Deshpande,ucchal23@example.net,Vadodara,Manipur,1976-06-11,Premium,2024-09-12
C003931,David,Bhattacharyya,bhavini78@example.com,Sagar,Haryana,1980-03-02,Business,2021-12-20
C003932,Yagnesh,Prasad,tkar@example.com,Sri Ganganagar,Telangana,1967-09-06,Business,2022-05-28
C003933,Lekha,Sura,dev10@example.org,Jehanabad,Uttar Pradesh,1979-09-30,Standard,2024-11-11
C003934,Akshay,Borra,harish72@example.org,Medininagar,Haryana,1964-01-12,Business,2022-08-08
C003935,Bimala,Dixit,sarthak58@example.net,Bhubaneswar,Karnataka,1992-04-23,Premium,2024-03-24
C003936,Agastya,Panchal,radhakrishnanpriya@example.org,Tinsukia,Telangana,1978-04-20,Premium,2025-11-25
C003937,Anvi,Soman,sgrover@example.com,Jaunpur,Assam,1979-12-05,Standard,2022-04-17
C003938,Hemangini,Handa,bhanumati56@example.net,Guntakal,Himachal Pradesh,1996-08-09,Premium,2025-09-27
C003939,Michael,Singhal,royekavir@example.com,Sagar,Jharkhand,1960-09-11,Premium,2022-10-29
C003940,Chandresh,Kapadia,bobaldayita@example.com,Shimoga,Tripura,2000-09-25,Standard,2024-05-08
C003941,Wakeeta,Nayak,jhaveriudarsh@example.org,Cuttack,Kerala,1947-08-09,Premium,2025-09-13
C003942,Urmi,Bal,skamdar@example.com,Sikar,Telangana,2001-06-28,Standard,2024-09-08
C003943,Victor,Ganguly,tgopal@example.net,Hajipur,Nagaland,1981-11-09,Standard,2021-12-14
C003944,Hema,Kata,faraj06@example.org,Ballia,Andhra Pradesh,1988-09-24,Business,2021-09-09
C003945,Vedant,Bobal,orinderdora@example.org,Kozhikode,Himachal Pradesh,1946-05-01,Premium,2024-03-23
C003946,Victor,Bakshi,cheriankamya@example.com,Maheshtala,Telangana,1966-10-13,Premium,2025-03-05
C003947,Waida,Kohli,dhawangabriel@example.net,Chandrapur,Mizoram,2004-10-31,Standard,2026-04-24
C003948,Qarin,Loke,tdora@example.net,Jaunpur,Meghalaya,1998-10-23,Business,2021-12-03
C003949,Rachana,Hora,ooza@example.net,Gopalpur,West Bengal,1988-08-12,Standard,2024-11-14
C003950,Amara,Sengupta,gopalbumb@example.com,Malda,Rajasthan,1973-06-01,Premium,2025-09-17
C003951,Gagan,Dasgupta,dranganathan@example.net,Sri Ganganagar,Tripura,1949-03-04,Premium,2025-05-29
C003952,Aishani,Purohit,baghyawati65@example.net,Baranagar,Bihar,1954-07-27,Premium,2025-05-13
C003953,Bhavna,Boase,bimalanadig@example.org,Rajahmundry,Karnataka,1982-03-24,Premium,2023-12-31
C003954,Chatura,Samra,nben@example.com,Mysore,Madhya Pradesh,1967-11-04,Business,2026-07-17
C003955,Ati,Tara,gautamtank@example.com,Purnia,Mizoram,1950-06-19,Standard,2026-01-17
C003956,Rushil,Nair,hemaldevi@example.org,Moradabad,Tripura,1958-04-19,Premium,2024-02-26
C003957,Baghyawati,Batra,tristanapte@example.net,Nizamabad,Himachal Pradesh,2002-02-09,Standard,2026-03-24
C003958,Hemangini,Sahni,warhi13@example.net,Davanagere,Uttarakhand,1954-12-13,Standard,2025-11-25
C003959,Ridhi,Sankar,nimratshah@example.com,Hindupur,West Bengal,1981-11-09,Standard,2024-12-01
C003960,Rushil,Kar,naksh75@example.org,Ghaziabad,Sikkim,1958-07-03,Business,2026-07-20
C003961,Devansh,Hari,ipall@example.org,Chennai,Madhya Pradesh,1995-03-13,Premium,2025-10-15
C003962,Garima,Mane,bajwaekansh@example.org,Ranchi,Andhra Pradesh,1977-11-04,Standard,2025-06-27
C003963,Daksha,Sen,fitan30@example.com,Kavali,Tamil Nadu,1963-10-10,Premium,2023-03-06
C003964,Ijaya,Wali,nirja79@example.net,Fatehpur,Maharashtra,1991-03-10,Premium,2023-04-27
C003965,Falguni,Bava,thomas63@example.net,Jalna,Punjab,1988-11-02,Standard,2024-03-10
C003966,Bina,Iyer,aishaniahluwalia@example.com,Giridih,Assam,1949-10-19,Standard,2021-11-30
C003967,Bishakha,Kari,jagvimadan@example.org,Panipat,Assam,1954-03-30,Standard,2025-11-27
C003968,Bakhshi,Purohit,sarkarbalhaar@example.org,Coimbatore,Himachal Pradesh,1978-05-15,Standard,2025-01-11
C003969,Mason,Ramachandran,lipika51@example.org,Moradabad,Punjab,1976-10-03,Premium,2025-12-10
C003970,Daksh,Choudhury,bhavanigrewal@example.com,Nizamabad,Kerala,1966-11-01,Premium,2021-11-15
C003971,Yashvi,Sehgal,dayamaikota@example.net,Kottayam,Nagaland,1963-05-26,Premium,2022-11-27
C003972,Bhavika,Kota,farasradhakrishnan@example.org,Silchar,Arunachal Pradesh,1999-12-10,Standard,2024-05-20
C003973,Aahana,Misra,umahajan@example.org,Sagar,Punjab,1979-07-29,Standard,2021-12-05
C003974,Wishi,Dhawan,yahvisrivastava@example.com,Vijayanagaram,Odisha,1963-04-24,standard,2025-04-30
C003975,Keya,Dhaliwal,aadhya47@example.net,Kulti,Assam,1987-01-10,Business,2023-03-24
C003976,Januja,Sundaram,wchaudhuri@example.org,Ahmedabad,Odisha,1972-10-11,Premium,2024-06-06
C003977,Mitali,Grover,patrickkapur@example.net,Karawal Nagar,Andhra Pradesh,1998-07-18,Business,2021-12-09
C003978,Naksh,Borah,sehgalhema@example.org,Giridih,Uttarakhand,1984-06-08,Business,2023-01-08
C003979,Parth,Bandi,qarin10@example.org,Ulhasnagar,Gujarat,1980-01-20,Premium,2021-12-01
C003980,Indrajit,Gara,gbhardwaj@example.net,Kollam,Madhya Pradesh,1978-11-15,Standard,2022-11-17
C003981,Nachiket,Choudhry,sarrafteerth@example.net,Raebareli,Sikkim,1987-03-18,Business,2021-08-17
C003982,Luke,Kothari,sastrydaniel@example.com,Rohtak,Chhattisgarh,1975-03-17,Premium,2023-11-13
C003983,Qasim,Varghese,aarna12@example.com,Rewa,Tripura,1983-02-10,Premium,2026-01-14
C003984,Brijesh,More,lilavenkataraman@example.org,Sagar,Himachal Pradesh,1970-09-22,Standard,2022-11-22
C003985,Onkar,Dar,kalejackson@example.com,Munger,Punjab,2004-08-20,Business,2024-11-17
C003986,Yug,Vasa,reyansh64@example.net,Moradabad,Tamil Nadu,1983-10-25,Standard,2022-09-10
C003987,Saksham,Dutta,samargoel@example.org,Kishanganj,Tamil Nadu,1964-04-10,Premium,2025-06-08
C003988,Chaitaly,Seth,balurvashi@example.org,Dharmavaram,Andhra Pradesh,1973-06-07,Premium,2025-11-26
C003989,Warda,Ramesh,ggokhale@example.com,Berhampore,Arunachal Pradesh,1970-11-08,Premium,2022-03-02
C003990,Hemani,Divan,sathvik44@example.com,Sonipat,Goa,1959-02-05,Business,2024-12-05
C003991,Laban,Borra,wdoshi@example.org,Burhanpur,Jharkhand,1970-09-12,Premium,2026-04-23
C003992,Tamanna,Tailor,saumya14@example.com,Satara,Telangana,1949-11-21,Business,2025-07-09
C003993,Bishakha,Oza,ekavir39@example.net,Kottayam,Madhya Pradesh,1992-10-15,Business,2023-03-20
C003994,Panini,Saraf,jbala@example.net,Gorakhpur,Manipur,1956-05-12,Premium,2026-02-13
C003995,Ekiya,Zachariah,rmahajan@example.com,Tezpur,Chhattisgarh,1990-10-06,Premium,2024-10-08
C003996,Rajata,Sachdeva,gshenoy@example.org,Cuttack,Maharashtra,1949-04-10,Standard,2023-09-10
C003997,Saksham,Mani,xbalan@example.com,Gudivada,Nagaland,1990-04-25,Premium,2024-05-26
C003998,Leena,Rana,baradmichael@example.org,Bidhannagar,Himachal Pradesh,1971-11-17,Standard,2023-09-18
C003999,Aishani,Hegde,devanoliver@example.net,Khandwa,Haryana,1981-01-19,Standard,2022-03-01
C004000,Kevin,Chandra,periindira@example.org,Rewa,Arunachal Pradesh,1972-07-16,business,2026-06-29
C004001,Yatin,Parekh,wbhat@example.org,Fatehpur,Madhya Pradesh,1995-03-16,Standard,2025-10-16
C004002,Shaurya,Parsa,baljiwan67@example.net,Orai,Uttarakhand,1980-01-09,Standard,2026-03-12
C004003,Gopal,Rege,widishadash@example.com,Ajmer,Maharashtra,1994-10-07,Standard,2025-04-04
C004004,Luke,Shanker,sborra@example.com,Thanjavur,Andhra Pradesh,1972-09-03,Premium,2024-04-13
C004005,Ayaan,Mishra,hramachandran@example.org,Tadipatri,West Bengal,1978-08-23,Standard,2026-07-02
C004006,Hiral,Narain,udarsh82@example.net,Gaya,Sikkim,1959-09-19,Standard,2024-06-04
C004007,Raghav,Oza,xagarwal@example.org,Begusarai,Nagaland,1970-01-20,Premium,2025-04-15
C004008,Indira,Mallick,vkhare@example.net,Bhusawal,Meghalaya,1992-07-11,Standard,2026-04-28
C004009,Jairaj,Sem,udyatibajwa@example.net,Farrukhabad,Mizoram,1968-12-24,Business,2023-08-29
C004010,Oviya,Sahni,hbarad@example.org,Cuttack,Bihar,2004-07-23,Standard,2023-07-10
C004011,Krisha,Chokshi,zashildas@example.net,Shimla,West Bengal,1975-01-30,Premium,2025-01-21
C004012,Ekta,Saraf,dattazayyan@example.net,Madhyamgram,Uttar Pradesh,1953-12-05,Premium,2022-02-06
C004013,Jhalak,Purohit,dadayashoda@example.org,Jamshedpur,Telangana,1970-11-08,Standard,2024-12-31
C004014,Wahab,Dara,nikitabanerjee@example.com,Tadepalligudem,Jharkhand,1988-11-29,Standard,2023-07-22
C004015,Ubika,Dhillon,gmallick@example.com,Kadapa,Kerala,1955-02-23,Standard,2021-11-11
C004016,Faqid,Bedi,mishraharini@example.net,Ghaziabad,Rajasthan,2008-04-03,Business,2021-09-04
C004017,Damyanti,Pall,kakarabdul@example.com,Thoothukudi,Himachal Pradesh,1982-03-07,Business,2024-12-28
C004018,Hitesh,Choudhary,gautam81@example.com,Amroha,Rajasthan,1980-03-29,Business,2021-11-02
C004019,Nihal,Chawla,kapuryashodhara@example.net,Parbhani,Karnataka,1953-01-25,Business,2025-12-12
C004020,Anusha,Wagle,ommall@example.org,Jalna,Andhra Pradesh,1990-03-28,Premium,2022-08-10
C004021,Deepa,Jaggi,rchaudhuri@example.com,New Delhi,Kerala,1949-10-20,Premium,2021-10-31
C004022,Nidra,Khosla,watika93@example.org,Surendranagar Dudhrej,Uttar Pradesh,1947-07-22,Standard,2024-12-04
C004023,Ekansh,Kapadia,ranveerpandey@example.org,Sasaram,Rajasthan,2001-07-31,Business,2022-02-07
C004024,Hitesh,Bhakta,vuppal@example.org,Motihari,Mizoram,2006-09-27,Business,2025-04-22
C004025,Timothy,Kunda,dalajaparmar@example.com,Maheshtala,Maharashtra,1990-10-14,Standard,2022-04-07
C004026,Urvashi,Manda,ckannan@example.com,Guntur,Arunachal Pradesh,1982-08-05,Business,2023-12-26
C004027,Yamini,Ahluwalia,karpenoah@example.org,Jamshedpur,Arunachal Pradesh,1979-06-11,Business,2025-06-14
C004028,Manan,Memon,aashimukhopadhyay@example.org,Haridwar,Meghalaya,1985-06-11,Business,2026-06-02
C004029,Eesha,Sehgal,jeet03@example.org,Tiruppur,Goa,1975-01-10,Standard,2022-08-19
C004030,Ansh,Gara,nitara47@example.com,Ambarnath,Nagaland,1967-03-02,Premium,2025-06-27
C004031,Tamanna,Sengupta,pluthra@example.net,Nadiad,Tamil Nadu,1995-10-28,Business,2025-01-25
C004032,Naveen,Chandra,saisalvi@example.org,Meerut,Haryana,1975-06-10,Standard,2022-06-08
C004033,Vanya,Magar,mangalhardik@example.org,Meerut,Rajasthan,1957-02-08,Standard,2022-11-09
C004034,Gopal,Balan,virkekaraj@example.com,Raipur,Karnataka,1956-09-21,Business,2024-05-10
C004035,Wyatt,Sangha,balaadya@example.net,Bhilwara,Rajasthan,2007-05-08,Business,2021-10-10
C004036,Brijesh,Mander,hritik74@example.net,Kadapa,Telangana,1998-01-28,Premium,2022-02-27
C004037,Avni,Kaur,gaurav04@example.com,Loni,Arunachal Pradesh,1992-06-11,Standard,2024-06-26
C004038,Janani,Mallick,rudra19@example.com,Raiganj,Goa,1983-11-03,Business,2026-05-28
C004039,Vedika,Agate,utkarshmalhotra@example.org,Korba,Sikkim,1963-06-05,Premium,2023-08-15
C004040,Harrison,Sama,kmukhopadhyay@example.com,Tiruchirappalli,Punjab,1964-09-30,Business,2022-05-10
C004041,Qadim,Patil,vkarpe@example.org,Thoothukudi,West Bengal,2000-07-02,Premium,2025-05-23
C004042,Advay,Sundaram,vidhivohra@example.org,Warangal,Mizoram,1984-08-25,Standard,2023-06-11
C004043,Rachit,Vasa,urmi31@example.net,Jaunpur,Madhya Pradesh,1997-04-06,Premium,2025-01-30
C004044,Hemang,Devi,bhagatsanya@example.com,Bharatpur,Maharashtra,1953-10-09,Premium,2021-12-24
C004045,Anamika,Saraf,anushabora@example.net,Gulbarga,Manipur,1953-08-06,Premium,2023-08-29
C004046,Chaitaly,Hayer,devandavid@example.org,Ambala,Uttar Pradesh,1992-11-16,Standard,2023-12-30
C004047,Balveer,Bansal,owensetty@example.net,Rewa,Manipur,1989-01-14,Business,2022-11-22
C004048,Gaurav,Bhakta,madannakul@example.net,Mumbai,Odisha,1976-10-19,Premium,2024-08-23
C004049,Odika,Suresh,agrawallaban@example.com,Ulhasnagar,West Bengal,1994-09-03,Business,2022-04-20
C004050,Laban,Bhat,ishabhattacharyya@example.org,Adoni,Assam,1976-08-02,Premium,2023-02-18
C004051,Nicholas,Bava,vpatil@example.net,Muzaffarnagar,Sikkim,1962-12-18,Premium,2022-09-09
C004052,Omya,Bandi,parth44@example.net,Tadipatri,Odisha,1984-06-21,Premium,2022-12-29
C004053,Lohit,Batra,harsh98@example.com,Bikaner,Uttarakhand,1987-10-14,Premium,2025-07-22
C004054,Harini,Randhawa,ekavir62@example.net,Karawal Nagar,Punjab,1969-03-30,Standard,2025-05-16
C004055,Kala,Dhaliwal,tanveervirk@example.org,Sagar,Uttarakhand,1959-07-21,Premium,2022-06-06
C004056,Aarush,Deo,bishakhavohra@example.com,Vadodara,Andhra Pradesh,1966-03-13,Premium,2024-12-30
C004057,Kashvi,Saraf,godayutika@example.net,Bhimavaram,Manipur,2007-01-03,Business,2025-08-19
C004058,Indali,Rajagopalan,yahvi86@example.com,Saharanpur,Jharkhand,1955-09-05,Business,2025-07-01
C004059,Gaurav,Mitra,ahluwaliachavvi@example.net,Thiruvananthapuram,Telangana,2000-07-05,Standard,2023-07-12
C004060,Vedika,Kapoor,fdara@example.org,Tezpur,Haryana,1959-02-26,Standard,2026-07-24
C004061,Ranveer,Dhar,advik05@example.org,Faridabad,Manipur,1955-05-02,Standard,2023-07-06
C004062,Tristan,Kannan,gdara@example.net,Barasat,Haryana,1964-08-23,Business,2024-02-12
C004063,Ikbal,Iyer,aggarwalucchal@example.com,Bhavnagar,Bihar,1967-08-07,Business,2023-05-11
C004064,Kashvi,Chandra,yachanakapoor@example.org,Surendranagar Dudhrej,Chhattisgarh,1967-11-24,Premium,2023-01-12
C004065,Unnati,Divan,madhavimanne@example.com,Tirunelveli,Tamil Nadu,1954-06-01,Business,2024-04-11
C004066,Mohammed,Datta,dharupma@example.com,Yamunanagar,Tripura,1968-05-12,Standard,2022-01-03
C004067,Ayaan,Kannan,narayanishwar@example.org,Patiala,Assam,1958-11-13,Premium,2023-07-21
C004068,Eesha,Vora,ovenkatesh@example.org,Bharatpur,Punjab,1964-04-17,Standard,2022-08-03
C004069,Omaja,Khosla,ladlikannan@example.org,Sonipat,Mizoram,1986-10-27,Business,2024-03-20
C004070,Hamsini,Mukherjee,nchanda@example.com,Pune,Mizoram,1968-11-09,Business,2025-12-29
C004071,Shivani,Mann,etadeep@example.net,Chandigarh,Punjab,1972-01-17,Business,2026-05-29
C004072,Jeevika,Ghose,om31@example.net,Kadapa,Madhya Pradesh,1988-08-23,Business,2024-12-04
C004073,Samarth,Dua,indrajit88@example.org,Machilipatnam,Haryana,1972-07-29,Standard,2023-04-18
C004074,Jagat,Bora,pmishra@example.org,Kurnool,Arunachal Pradesh,1949-01-16,Business,2024-05-20
C004075,Vasudha,Patla,balhaardani@example.net,Jehanabad,Nagaland,2004-06-15,Business,2025-12-29
C004076,Gopal,Khalsa,gbal@example.org,Latur,Uttarakhand,1989-02-05,Standard,2021-10-09
C004077,Vyanjana,Hans,sanya71@example.net,Aligarh,Gujarat,2008-02-16,Standard,2021-10-15
C004078,Hardik,Desai,theodoremital@example.org,Raebareli,Jharkhand,2000-01-09,Business,2022-02-25
C004079,Finn,Raman,umanne@example.com,Kochi,Haryana,2002-04-06,Premium,2022-02-03
C004080,Zaitra,Sibal,,Baranagar,Andhra Pradesh,1971-12-12,Business,2022-12-14
C004081,Qasim,Chandran,rajatagupta@example.net,Katni,Himachal Pradesh,1992-08-02,Standard,2021-12-05
C004082,Harinakshi,Srinivas,bhanumatimadan@example.org,Thanjavur,Kerala,1969-01-14,Premium,2022-12-03
C004083,Lipika,Raghavan,vaggarwal@example.org,Kottayam,Bihar,2007-10-04,Business,2022-01-19
C004084,Finn,Radhakrishnan,adya46@example.net,Chandigarh,Punjab,1963-08-06,Premium,2026-01-03
C004085,Zayan,Chad,chandreshbaral@example.net,Raipur,Rajasthan,1981-10-21,Premium,2025-12-10
C004086,Oscar,Chandra,yswamy@example.org,Danapur,Odisha,1975-02-28,Premium,2025-06-28
C004087,Banjeet,Palla,darika40@example.org,Bangalore,Madhya Pradesh,2007-08-22,Premium,2022-01-26
C004088,Sai,Thaker,oliver84@example.org,Phusro,Uttar Pradesh,1969-03-17,Premium,2022-05-15
C004089,Arunima,Seshadri,kalpit59@example.net,Ambarnath,Andhra Pradesh,1979-12-06,Business,2022-01-13
C004090,Jyoti,Mahal,advik00@example.org,Kochi,Arunachal Pradesh,1958-05-17,Premium,2023-12-24
C004091,Rajeshri,Karan,mmann@example.org,Mirzapur,Tripura,1980-04-27,Premium,2025-10-03
C004092,Liam,Balakrishnan,ganga51@example.org,Karnal,Odisha,1954-03-14,Business,2025-11-17
C004093,Urvashi,Chaudhari,solankijagat@example.org,Aurangabad,West Bengal,2008-07-19,Standard,2024-06-03
C004094,Priya,Balay,darikaborde@example.com,Buxar,Assam,1988-05-25,Business,2022-07-16
C004095,Faras,Aggarwal,ekavir03@example.org,Bellary,Assam,1974-03-17,Standard,2025-08-20
C004096,Krish,Murthy,ugupta@example.org,Nagercoil,Gujarat,1947-05-28,Premium,2026-07-13
C004097,Varsha,Shankar,jhalakmittal@example.org,Bidar,Karnataka,1998-06-29,Business,2021-11-09
C004098,Forum,Bahri,maya01@example.com,Raiganj,West Bengal,2000-04-29,Business,2023-01-04
C004099,Qushi,Dewan,warinder18@example.net,Medininagar,Nagaland,1987-04-02,Premium,2026-01-13
C004100,Harini,Sangha,jhalakraju@example.org,Tadipatri,Punjab,1956-11-17,Business,2023-11-03
C004101,Ayushman,Chanda,vasafalguni@example.com,Darbhanga,Nagaland,1959-06-12,Standard,2022-10-24
C004102,Isaiah,Tella,vrishti61@example.com,Erode,Gujarat,1947-07-11,Business,2024-06-11
C004103,Ishanvi,Bhattacharyya,lopa63@example.com,Kottayam,Assam,2000-11-09,Business,2025-11-23
C004104,Chaman,Mangal,wraval@example.org,Hazaribagh,Punjab,1993-09-17,Premium,2024-09-24
C004105,Upma,Anne,dayalyug@example.com,Gandhidham,Rajasthan,1982-05-26,Standard,2021-08-27
C004106,Orinder,Bandi,erama@example.com,Purnia,Meghalaya,1993-12-25,Premium,2025-03-02
C004107,Ladli,Vasa,siya62@example.net,Jaunpur,Chhattisgarh,1974-12-14,Standard,2026-02-05
C004108,Saksham,Dhingra,vidhisaran@example.org,Danapur,Tripura,2002-09-27,Business,2023-10-31
C004109,Lila,Walla,gangulyarjun@example.com,Mango,Gujarat,1955-10-04,Business,2024-03-19
C004110,Raksha,Karan,dalbirgoyal@example.com,Jalandhar,Arunachal Pradesh,2005-07-08,Standard,2026-07-28
C004111,Bhanumati,Bakshi,aishanisidhu@example.net,Bulandshahr,Bihar,1950-08-07,Business,2025-04-16
C004112,Xalak,Khatri,riya61@example.com,Unnao,Uttarakhand,1999-02-13,Premium,2025-08-02
C004113,Gayathri,Krishnan,krajagopalan@example.org,Ichalkaranji,Bihar,1949-02-28,Standard,2023-02-17
C004114,Samuel,Bhakta,jpau@example.org,Rourkela,Tripura,1986-06-09,Premium,2022-10-04
C004115,Ekaraj,Barman,thakersai@example.org,Mirzapur,Chhattisgarh,1973-02-06,Premium,2022-07-04
C004116,Urmi,Ramanathan,agrawalchakradev@example.com,Gandhinagar,Jharkhand,1953-12-02,Premium,2022-01-04
C004117,Lajita,Amble,kariekbal@example.net,Dhule,Uttar Pradesh,1949-11-15,Business,2024-03-02
C004118,Upadhriti,Bahri,parekheta@example.com,Sangli-Miraj & Kupwad,Tamil Nadu,2003-07-23,Premium,2021-11-05
C004119,Daksh,Wable,shankararyan@example.net,Kanpur,Haryana,1979-12-16,Premium,2024-07-27
C004120,Advik,Sachdeva,lekhasundaram@example.org,Pudukkottai,Assam,1953-03-23,Premium,2026-04-11
C004121,Ishwar,Devan,vedika92@example.org,Hubli–Dharwad,Andhra Pradesh,1964-09-09,Standard,2026-05-16
C004122,Fitan,Mall,gargpanini@example.net,Rajahmundry,Odisha,1954-05-19,Standard,2025-07-12
C004123,Umang,Sachar,zayyankrish@example.com,Sagar,Uttar Pradesh,1994-08-24,Premium,2025-07-19
C004124,Ishani,Tara,darpansingh@example.com,Ghaziabad,Goa,1985-03-16,Premium,2023-01-19
C004125,Ishita,Kala,fsarma@example.net,Nashik,Punjab,1975-03-20,Standard,2022-08-27
C004126,Nidra,Karan,ganeshaarnav@example.com,Alwar,Tamil Nadu,1946-12-31,Premium,2023-06-18
C004127,Upkaar,Dyal,ychoudhury@example.net,Howrah,Himachal Pradesh,1969-06-30,Business,2023-02-25
C004128,Tara,Rastogi,dakshasamra@example.net,Darbhanga,Bihar,1966-03-21,Business,2026-05-15
C004129,Kiaan,Atwal,warjas03@example.net,Jalna,Odisha,2002-02-15,Standard,2025-11-29
C004130,Chatresh,Deshmukh,bahlekanta@example.org,Hyderabad,Telangana,1970-11-30,Business,2021-08-25
C004131,Nilima,Garde,qarindoshi@example.org,Tenali,West Bengal,1954-06-28,Premium,2022-10-17
C004132,Amruta,Agate,xbhatia@example.org,Vasai-Virar,Maharashtra,1955-12-16,Business,2024-02-15
C004133,Yachana,Mander,calebde@example.net,Machilipatnam,Uttar Pradesh,1959-07-17,Premium,2024-07-27
C004134,Kavya,Khosla,kavya93@example.com,Rampur,Arunachal Pradesh,2004-07-15,Business,2025-05-21
C004135,Dayita,Prakash,nitesh29@example.com,Bhiwani,Chhattisgarh,1999-09-05,Standard,2023-07-30
C004136,Krish,Sheth,vihaanshanker@example.net,Kurnool,Himachal Pradesh,2001-05-29,Standard,2026-05-13
C004137,Harrison,Dhar,sachdevapatrick@example.org,South Dumdum,Tripura,1954-09-08,Premium,2025-03-27
C004138,Amrita,Narayanan,prakashharrison@example.org,Moradabad,Uttarakhand,1976-07-03,Standard,2021-10-04
C004139,Niharika,Kaur,danielkapoor@example.org,Bangalore,Assam,1954-02-08,Premium,2025-07-12
C004140,Timothy,Bahl,alexander34@example.com,Nizamabad,Telangana,1977-12-21,Standard,2024-10-30
C004141,Dalbir,Anne,champakhegde@example.com,Malda,Nagaland,1967-05-09,Business,2023-09-23
C004142,Sara,Sarna,morarhenry@example.com,Suryapet,Odisha,1975-11-17,Standard,2026-05-15
C004143,Anya,Salvi,mittaljyoti@example.com,Orai,Manipur,1978-01-15,Standard,2022-11-20
C004144,Meghana,Setty,handatristan@example.com,Muzaffarnagar,Tamil Nadu,1978-02-27,Standard,2025-05-31
C004145,Qasim,Chakrabarti,uom@example.org,Nagercoil,Uttar Pradesh,1980-05-04,Business,2021-09-13
C004146,Rishi,Gill,ysharma@example.com,Bhalswa Jahangir Pur,Maharashtra,1968-02-05,Standard,2024-02-25
C004147,Dakshesh,Oza,bkeer@example.net,Raurkela Industrial Township,Kerala,2007-07-06,Business,2023-01-23
C004148,Rajata,Sahni,dkanda@example.com,Satna,Haryana,1974-12-06,Standard,2025-10-26
C004149,Gautami,Boase,agarwalsai@example.com,Gurgaon,Maharashtra,2002-01-01,Premium,2023-09-01
C004150,Gauri,Setty,wbadal@example.org,Surendranagar Dudhrej,Meghalaya,1947-01-11,Standard,2023-03-17
C004151,Manbir,Baria,krishakulkarni@example.com,Ahmedabad,Bihar,1955-01-31,Standard,2023-11-03
C004152,Siya,Swamy,mugdhanarang@example.com,Kakinada,Goa,1948-02-19,Premium,2025-02-22
C004153,Ekta,Mani,isaacsampath@example.org,Thane,Rajasthan,2001-01-17,Standard,2022-05-02
C004154,Gaurangi,Mukhopadhyay,bgoda@example.org,Katihar,Jharkhand,1975-08-13,Standard,2023-07-31
C004155,Gavin,Som,atwalnandini@example.org,Kochi,Telangana,1973-03-18,Premium,2026-06-20
C004156,Sathvik,Pathak,apteharrison@example.org,Pudukkottai,Uttarakhand,1971-08-21,Standard,2022-10-21
C004157,Warinder,Mukhopadhyay,savantyagnesh@example.net,Shahjahanpur,Himachal Pradesh,1964-03-05,Standard,2026-02-06
C004158,Netra,Kadakia,anusha70@example.net,Chittoor,Rajasthan,1974-03-10,Standard,2023-07-21
C004159,Lekha,Narang,teerth71@example.com,Nanded,Tamil Nadu,1969-09-11,Business,2025-07-15
C004160,Amaira,Tata,yohannanwishi@example.net,Aurangabad,Haryana,1958-07-25,Business,2023-01-18
C004161,Vritti,Solanki,dhingrasai@example.org,Junagadh,West Bengal,1951-10-01,Business,2025-09-22
C004162,Chaman,Kade,rajeshrimore@example.org,Tumkur,Mizoram,1959-03-25,Premium,2023-02-17
C004163,Farhan,Golla,fbhakta@example.net,Kalyan-Dombivli,West Bengal,1983-08-13,Premium,2022-08-27
C004164,Alka,Gill,indali30@example.net,Ghaziabad,Andhra Pradesh,1951-07-25,Standard,2026-02-20
C004165,Yashawini,Issac,kamble@example.com,Guntakal,Gujarat,1964-01-28,Standard,2023-11-21
C004166,Chasmum,Mitter,varkeyyamini@example.net,Kozhikode,West Bengal,2004-04-11,Standard,2023-08-18
C004167,Benjamin,Deol,hlala@example.com,Munger,Bihar,1976-01-21,Premium,2024-05-28
C004168,Nathaniel,Bassi,chandasimon@example.org,Durgapur,Punjab,1978-07-16,Premium,2026-04-13
C004169,Damyanti,Kannan,dgoswami@example.com,Kozhikode,Manipur,1955-04-24,Premium,2026-04-01
C004170,Zilmil,Kari,varsha68@example.org,Eluru,Madhya Pradesh,1945-08-10,Premium,2022-01-03
C004171,Saksham,Naidu,bhatianirja@example.com,Mysore,Assam,1958-08-06,Standard,2024-10-23
C004172,Charvi,Patla,uahuja@example.org,Saharsa,Goa,1980-07-15,Standard,2022-05-24
C004173,Nilima,Dash,ayaanbatra@example.com,Rajkot,Meghalaya,1971-08-09,Standard,2026-07-06
C004174,Vasudha,Yadav,fdeol@example.net,Motihari,Tamil Nadu,1978-05-08,Premium,2021-12-08
C004175,Owen,Murthy,anjaliranganathan@example.org,Sikar,Arunachal Pradesh,1999-07-22,Premium,2021-10-29
C004176,Zarna,Biswas,gabakaran@example.org,Khora ,Chhattisgarh,1996-05-25,Business,2024-06-15
C004177,Nimrat,Iyengar,kohlinaveen@example.org,Kakinada,Sikkim,1976-02-29,Standard,2021-09-19
C004178,Bina,Kurian,gautamroy@example.com,Morbi,Maharashtra,2002-07-06,Premium,2022-04-28
C004179,Wriddhish,Babu,sidhuvihaan@example.com,Kulti,Odisha,1967-12-11,Standard,2023-12-17
C004180,Hema,Saran,edevi@example.net,Tiruppur,Assam,1991-11-26,Business,2025-12-12
C004181,Vasudha,Kunda,yutikabatra@example.com,Chapra,Karnataka,1980-02-15,Standard,2024-05-07
C004182,Bhavani,Kota,indiravarty@example.com,Mira-Bhayandar,Sikkim,1970-08-30,Premium,2025-07-13
C004183,Falak,Nagarajan,wmahal@example.org,Ambala,Assam,1956-12-09,Business,2025-12-22
C004184,Joshua,Sandal,doctorlila@example.net,Bhiwani,Manipur,1999-01-28,Business,2026-07-15
C004185,Dipta,Madan,sparekh@example.net,Kulti,Himachal Pradesh,1957-09-25,Business,2022-10-28
C004186,Nitara,Srinivasan,jdhillon@example.org,Tenali,Haryana,1970-05-13,Premium,2026-05-25
C004187,Robert,Nayar,harshsur@example.com,Pondicherry,Odisha,1959-07-16,Premium,2025-11-26
C004188,Vidhi,Nagar,lohitdutta@example.com,Pali,Kerala,1996-04-14,Business,2023-01-31
C004189,Udarsh,Keer,venkataramanisha@example.net,Bhilwara,Maharashtra,1970-10-17,Standard,2025-10-25
C004190,Edhitha,Jaggi,gtaneja@example.com,Rewa,Chhattisgarh,1988-01-01,Business,2021-11-24
C004191,Parth,Mitra,williamviswanathan@example.org,Ambarnath,West Bengal,1956-05-04,Standard,2023-07-14
C004192,Kritika,Raj,lipikashenoy@example.org,Malda,Karnataka,2002-01-02,Business,2024-10-11
C004193,Ekiya,Puri,brargaurika@example.org,Ranchi,Meghalaya,1976-04-05,Standard,2026-01-25
C004194,Chakradhar,Nath,jonathan61@example.com,Bijapur,Meghalaya,1956-05-18,Business,2024-06-21
C004195,Bimala,Gupta,dayamaisachar@example.org,Kollam,Chhattisgarh,1996-10-15,Business,2024-11-08
C004196,Deepa,Dutta,marya@example.com,Darbhanga,Karnataka,1955-08-15,Business,2022-09-19
C004197,Yashawini,Narula,wadhwaethan@example.com,Serampore,Jharkhand,1958-11-23,Business,2023-05-30
C004198,Isaac,Murty,harsh23@example.net,Ramgarh,Uttar Pradesh,1994-03-09,Premium,2024-03-17
C004199,Harita,Tiwari,shravya72@example.net,Rourkela,Madhya Pradesh,1979-12-17,Premium,2022-11-29
C004200,Dayamai,Venkatesh,kalitasanya@example.com,Amroha,Goa,1986-06-22,Standard,2022-04-17
C004201,Hamsini,Palla,yagneshprabhakar@example.org,Ramgarh,Madhya Pradesh,1963-07-15,Premium,2021-10-18
C004202,Bhanumati,Sodhi,hbhatnagar@example.org,Hyderabad,Punjab,1985-06-23,Premium,2021-10-04
C004203,Warda,Dhawan,champak13@example.org,Tezpur,Jharkhand,1988-02-26,Business,2024-03-09
C004204,Saksham,Pillai,indaliram@example.org,Hubli–Dharwad,Tamil Nadu,1967-01-06,Business,2023-03-02
C004205,Mason,Prabhu,dalalneha@example.net,Amritsar,Tripura,1963-11-20,Business,2023-10-01
C004206,Lucky,Rajagopalan,devpal@example.com,Bhusawal,Kerala,1970-09-26,Standard,2024-08-25
C004207,Indira,Sachdev,pallavichawla@example.com,Bokaro,Tripura,1973-08-27,Premium,2023-08-21
C004208,Aarush,Batta,mitali91@example.net,Alappuzha,Maharashtra,2005-05-08,Premium,2024-03-29
C004209,Vyanjana,Pingle,aadhya67@example.org,Saharanpur,Assam,2005-09-02,Business,2024-02-12
C004210,Irya,Dara,saumya11@example.com,Berhampore,Arunachal Pradesh,1948-12-18,Business,2024-10-03
C004211,Nicholas,Yadav,qparmar@example.org,Ambala,Punjab,1969-06-06,Business,2026-01-28
C004212,Neha,Prashad,baghyawati35@example.com,Mangalore,Maharashtra,1980-04-29,Standard,2023-06-11
C004213,Kashish,Mitra,wkannan@example.net,Parbhani,Rajasthan,1984-12-26,Business,2026-07-27
C004214,Ria,Murty,farasrau@example.net,Madanapalle,Meghalaya,1983-01-21,Premium,2025-10-12
C004215,Yamini,Varma,manyakaran@example.org,Vijayawada,Goa,1949-01-28,Business,2025-03-27
C004216,Chandani,Vora,krishatharv@example.com,Panchkula,Telangana,2001-12-24,Standard,2024-12-20
C004217,Ikshita,Mitra,raaginimammen@example.net,Begusarai,Karnataka,1976-05-22,Business,2024-12-25
C004218,Varsha,Dave,harishapte@example.net,Udaipur,Telangana,1951-10-06,Business,2023-08-23
C004219,Hitesh,Magar,jagdish25@example.net,Gorakhpur,Andhra Pradesh,1988-06-12,Standard,2025-06-11
C004220,Ikshita,Mahajan,libninadkarni@example.org,Surendranagar Dudhrej,Bihar,1997-01-27,Standard,2025-02-03
C004221,Ekavir,Munshi,mayalad@example.org,Ramagundam,Sikkim,1970-08-08,Premium,2026-03-20
C004222,Dalaja,Kalita,anmol13@example.org,Rewa,Madhya Pradesh,1976-11-25,Standard,2026-06-19
C004223,Warda,Parmer,shanyachana@example.net,Nashik,Tamil Nadu,1948-01-03,Standard,2025-11-05
C004224,Upasna,Mammen,sandaltheodore@example.com,Katihar,Odisha,2000-02-07,Business,2023-03-21
C004225,Fariq,Dara,nathaniel54@example.com,Saharsa,Bihar,1962-07-27,Premium,2023-04-07
C004226,Kavya,Mani,gavinbanik@example.org,Aligarh,Mizoram,1996-08-19,Standard,2025-08-07
C004227,Tanish,Shanker,kashish10@example.org,Rajpur Sonarpur,Karnataka,1946-08-29,Premium,2022-06-11
C004228,Jasmit,Nath,kaurucchal@example.com,Kolkata,Gujarat,1969-05-09,Standard,2025-03-20
C004229,Aarnav,Sekhon,falak94@example.org,Jammu,Assam,1961-10-23,Business,2024-02-03
C004230,Indira,Bhattacharyya,faqidsathe@example.net,Jalna,Madhya Pradesh,2002-06-06,Premium,2023-10-13
C004231,Ekantika,Gour,omsalvi@example.org,Bijapur,Jharkhand,1969-11-06,Premium,2023-09-19
C004232,Raagini,Solanki,menonoscar@example.com,Secunderabad,Gujarat,1968-09-14,Business,2021-08-25
C004233,Raksha,Puri,bhalder@example.com,Ghaziabad,Jharkhand,1980-02-27,Standard,2021-11-16
C004234,Harita,Shroff,buchrudra@example.org,Bally,Uttarakhand,1973-03-23,Business,2023-11-13
C004235,Anay,Sangha,aadhya18@example.org,Chittoor,Mizoram,1998-09-06,Business,2023-11-30
C004236,Janya,Vohra,fsaxena@example.org,Nizamabad,Odisha,1960-07-27,Business,2026-01-12
C004237,Rachita,Bedi,balannidhi@example.com,Bokaro,Odisha,2002-04-01,Business,2023-12-23
C004238,Mitesh,Bhargava,nathneel@example.com,Kollam,Meghalaya,1976-07-09,Business,2026-06-24
C004239,Brinda,Gara,rwadhwa@example.com,Jamnagar,Tamil Nadu,1999-12-19,Business,2023-06-06
C004240,Yashawini,Chakraborty,upkaar80@example.org,Udupi,Uttar Pradesh,2008-01-11,Premium,2022-07-13
C004241,Hardik,Sarma,wazirchokshi@example.org,Tezpur,Telangana,2006-05-24,Premium,2023-11-19
C004242,Rishi,Dhar,zehaan94@example.com,Naihati,Andhra Pradesh,1990-09-03,Business,2022-10-10
C004243,Yagnesh,Vig,samarth98@example.org,Durgapur,Madhya Pradesh,1978-07-05,Business,2022-06-14
C004244,Yahvi,Shetty,vdhaliwal@example.com,Anantapur,West Bengal,1962-09-12,Standard,2023-10-23
C004245,Varenya,Gade,rajeshri74@example.net,Kishanganj,Meghalaya,1983-04-08,Business,2022-01-29
C004246,Abha,Kumar,ishanvi97@example.org,Udupi,Meghalaya,1962-07-18,Business,2023-12-27
C004247,Christopher,Modi,faraj01@example.org,Kottayam,Sikkim,1987-07-05,Premium,2026-03-18
C004248,Qabil,Dasgupta,harsh11@example.com,Bilaspur,Gujarat,2003-06-25,Standard,2022-12-03
C004249,Triveni,Iyer,chakradhar42@example.net,Morbi,Manipur,1992-02-08,Premium,2025-08-27
C004250,Neha,Anne,owenmohanty@example.net,Sasaram,Chhattisgarh,1975-03-21,Business,2022-10-17
C004251,Pavani,Kala,ramanathanwarhi@example.org,Ichalkaranji,West Bengal,2002-09-03,Business,2022-09-09
C004252,Wazir,Kanda,gardeqabil@example.org,Ongole,Gujarat,1969-02-06,Standard,2023-09-28
C004253,Qasim,Chauhan,umang41@example.net,Hazaribagh,Himachal Pradesh,1956-06-06,Business,2021-10-22
C004254,Jhalak,Barman,evaidya@example.org,Mango,Andhra Pradesh,1983-12-28,Premium,2023-10-07
C004255,Zayyan,Bhardwaj,maxandra@example.com,Patna,West Bengal,1945-09-02,Business,2022-06-21
C004256,Osha,Tank,bishakhadutt@example.org,Sasaram,Sikkim,1984-04-10,Premium,2025-08-07
C004257,Tamanna,Goyal,kashyapbalvan@example.com,Hazaribagh,Madhya Pradesh,1964-05-12,Premium,2025-05-16
C004258,Mohammed,Kakar,lallwahab@example.org,Indore,Odisha,2007-05-28,Premium,2026-04-04
C004259,Advik,Varma,chaudrykashvi@example.org,Ramagundam,Odisha,2000-04-11,Business,2026-07-28
C004260,Jacob,Hegde,baralabhiram@example.com,Nadiad,Uttarakhand,1967-06-03,Standard,2024-02-02
C004261,Fiyaz,Babu,samarthbedi@example.org,Nadiad,Gujarat,1989-05-14,Standard,2022-02-02
C004262,Dalaja,Bumb,advika89@example.com,Kolkata,Andhra Pradesh,1955-08-18,Premium,2022-04-09
C004263,Sanya,Rege,dalaja06@example.net,Faridabad,Uttar Pradesh,1965-04-30,Premium,2023-06-03
C004264,Kavya,Chawla,anandkrish@example.net,Deoghar,Telangana,1954-03-17,Business,2021-09-23
C004265,Nitesh,Chander,ngara@example.net,Amritsar,West Bengal,1961-12-03,Standard,2024-06-16
C004266,Anvi,Walla,,Thoothukudi,Assam,1956-05-26,Business,2025-07-05
C004267,Aachal,Viswanathan,sekhondalaja@example.net,Rajpur Sonarpur,Tripura,1963-08-05,Premium,2022-05-08
C004268,Rachana,Mander,devikabhandari@example.com,Ahmednagar,Manipur,1955-10-12,Business,2025-02-25
C004269,Fitan,Ratti,krish92@example.net,Meerut,Maharashtra,1987-06-07,Premium,2025-02-10
C004270,Elijah,Bahl,walikamya@example.net,Ahmedabad,Kerala,1980-10-01,Standard,2023-06-12
C004271,Rachana,Oza,tamannalalla@example.org,Nagercoil,Bihar,1981-04-18,Standard,2026-08-01
C004272,Vidhi,Bassi,simon32@example.net,Shimla,Uttar Pradesh,1960-06-14,Standard,2023-06-20
C004273,Sai,Purohit,hemanggoel@example.com,Jalgaon,Nagaland,1985-09-25,Standard,2022-02-22
C004274,Aishani,Pandya,janividhi@example.com,Dharmavaram,Tripura,1975-10-17,Business,2023-07-18
C004275,Hritik,Raghavan,loyalanjali@example.org,Karimnagar,Telangana,1968-06-04,Premium,2024-11-27
C004276,Benjamin,Narayanan,htank@example.net,Ambala,Maharashtra,1983-06-05,Business,2026-04-06
C004277,Aahana,Sagar,nilimakadakia@example.net,Cuttack,Odisha,1993-11-04,Standard,2022-06-29
C004278,Xalak,Oommen,wakeeta42@example.net,Shimla,Nagaland,1986-08-29,Business,2025-09-24
C004279,Keya,Mital,shivanibiswas@example.net,Sonipat,Sikkim,1984-01-19,Standard,2022-09-26
C004280,Odika,Dass,wpall@example.org,Kadapa,Goa,2002-08-31,Business,2026-06-22
C004281,Owen,Bandi,bishakha54@example.net,Jorhat,Jharkhand,1955-09-10,Standard,2025-12-14
C004282,Simon,Banerjee,garazilmil@example.com,Tenali,Jharkhand,2005-03-17,Premium,2022-02-21
C004283,Vedant,Salvi,qgoda@example.net,Morena,Goa,1962-11-28,Business,2023-04-04
C004284,Brinda,Panchal,blal@example.org,Bhagalpur,Uttar Pradesh,1991-01-20,Business,2025-12-01
C004285,Ranveer,Bala,cdora@example.net,Tadipatri,Maharashtra,1987-06-17,Standard,2023-01-04
C004286,Manbir,Sodhi,modyjai@example.net,Surat,Mizoram,2005-12-06,Business,2025-04-29
C004287,Tripti,Tak,siddharth07@example.com,Bhind,Meghalaya,1970-04-02,Business,2025-04-12
C004288,Ranbir,Dass,warinderkamdar@example.net,Faridabad,Kerala,1994-04-21,Business,2023-06-11
C004289,Mason,Sura,ishwar83@example.net,Vellore,Sikkim,2008-03-24,Standard,2022-07-23
C004290,Gopal,Patla,horaanusha@example.com,Davanagere,Chhattisgarh,1950-08-15,Business,2022-11-23
C004291,Elijah,Varughese,zsodhi@example.org,Nagaon,Sikkim,1977-12-13,Standard,2022-03-05
C004292,Siya,Krishnan,charanhayre@example.net,Kamarhati,Sikkim,1958-12-18,Premium,2024-11-20
C004293,Chatresh,Walia,joshuagill@example.com,Thanjavur,Chhattisgarh,1948-02-28,Standard,2023-08-17
C004294,Nidra,Ramakrishnan,luckychoudhury@example.com,Jabalpur,Telangana,1955-03-05,Premium,2025-11-28
C004295,Vivaan,Sagar,wchad@example.org,Deoghar,Uttarakhand,1975-10-18,Business,2025-06-11
C004296,Dhriti,Sama,balankai@example.net,Madurai,Punjab,1956-10-07,Premium,2024-04-03
C004297,Megha,Patel,cnanda@example.com,Madhyamgram,Rajasthan,1975-05-24,Premium,2022-06-01
C004298,Darpan,Ganesan,eta35@example.org,Fatehpur,Meghalaya,1957-03-31,Standard,2026-04-18
C004299,Aarini,Gour,aadhyabatra@example.com,Panipat,Gujarat,2003-10-08,Premium,2023-10-30
C004300,Bhavika,Rege,ikakar@example.net,Agra,Haryana,1951-02-22,Premium,2023-10-30
C004301,Aarna,Dhar,nbatra@example.org,Gopalpur,Mizoram,2002-05-31,Business,2025-05-15
C004302,Frado,Chacko,ekapaddeshpande@example.com,Guntur,Telangana,1962-01-13,Standard,2022-01-24
C004303,Bachittar,Ray,edevi@example.org,Jamalpur,Nagaland,1960-08-01,Premium,2026-03-16
C004304,Mohini,Kapur,xpathak@example.net,Nangloi Jat,West Bengal,1987-04-08,Standard,2022-12-27
C004305,Devansh,Sandal,edhithakunda@example.net,Surat,Andhra Pradesh,1988-10-01,Business,2023-09-16
C004306,Pushti,Ravel,waida70@example.com,Mysore,Madhya Pradesh,1978-10-27,Premium,2023-09-08
C004307,Hemal,Minhas,kabirkhanna@example.org,Tadepalligudem,Karnataka,1988-04-21,Standard,2023-03-18
C004308,Gayathri,Chaudhari,charita10@example.net,Rampur,Maharashtra,1945-09-08,Standard,2022-06-20
C004309,Daksh,Sampath,narulazilmil@example.net,Pali,Haryana,1975-03-15,Standard,2023-10-12
C004310,Vedika,Deo,tbhardwaj@example.net,Shivpuri,Himachal Pradesh,1983-07-12,Standard,2023-04-07
C004311,Lavanya,Warrior,ikunda@example.net,Bahraich,Mizoram,1980-01-02,Business,2022-02-14
C004312,Bina,Ganesan,mukherjeebakhshi@example.org,Bardhaman,Chhattisgarh,1964-06-26,Business,2022-04-08
C004313,Ekantika,Kar,xitisharaf@example.com,Karimnagar,Madhya Pradesh,1974-04-27,Standard,2024-12-08
C004314,Ekansh,Kumer,farischawla@example.org,Miryalaguda,Rajasthan,1992-04-29,Standard,2023-09-17
C004315,Pallavi,Comar,spau@example.org,Kamarhati,Goa,1965-10-12,Business,2024-04-28
C004316,Bhanumati,Wadhwa,alexanderzacharia@example.org,Anantapur,Haryana,1970-04-10,Business,2024-09-12
C004317,Reyansh,Trivedi,aarnavbhatti@example.com,South Dumdum,Mizoram,1947-04-21,Standard,2025-09-04
C004318,Priya,Joshi,ubika56@example.com,Nizamabad,Manipur,1993-11-07,Premium,2024-05-01
C004319,Manthan,Vyas,ronithrama@example.org,South Dumdum,Goa,2003-01-30,Business,2022-05-31
C004320,Advika,Sankar,idugar@example.net,Hosur,Goa,1996-01-21,Premium,2024-01-10
C004321,Udarsh,Amble,qmanda@example.net,Satara,Haryana,1957-02-05,Business,2022-06-23
C004322,Chaitaly,Saran,owenvarkey@example.com,Jalandhar,Uttarakhand,2001-07-07,Standard,2021-12-31
C004323,Shaurya,Koshy,yagnesh78@example.org,Medininagar,Manipur,1960-09-03,Standard,2024-11-28
C004324,Bahadurjit,Bumb,obera@example.com,Varanasi,Mizoram,1974-01-20,Standard,2025-09-20
C004325,Krish,Parikh,zoommen@example.net,Ujjain,Manipur,1979-04-07,Standard,2024-01-31
C004326,Dalbir,Ratta,abhiram20@example.org,Danapur,Nagaland,1987-01-24,Standard,2022-12-06
C004327,Devika,Grewal,dalaja40@example.org,Rourkela,Maharashtra,1987-08-11,Business,2024-12-30
C004328,Finn,Varkey,mpatel@example.org,Rourkela,Jharkhand,1996-03-27,Standard,2023-11-30
C004329,Orinder,Desai,charitachada@example.com,Tiruchirappalli,Assam,1973-12-14,Premium,2026-01-08
C004330,Yashodhara,Pillai,ayushmanhayer@example.com,Satna,Goa,1957-02-20,Business,2022-09-17
C004331,Falan,Das,fnair@example.net,Nagercoil,Manipur,1979-09-12,Premium,2022-07-20
C004332,Bhavini,Manda,savantzilmil@example.org,Kota,Haryana,1973-10-13,Standard,2025-07-14
C004333,Radha,Mahajan,kritika57@example.net,Thrissur,West Bengal,1979-02-28,Business,2024-08-23
C004334,Nitara,Hayer,bumbradha@example.net,Ghaziabad,Kerala,1992-12-15,Premium,2024-07-23
C004335,Siddharth,Bhandari,keerbrinda@example.net,Rajkot,West Bengal,1982-05-13,Premium,2026-07-28
C004336,Ekalinga,Mallick,hitesh35@example.org,Sultan Pur Majra,Uttar Pradesh,1968-01-08,Premium,2025-05-01
C004337,Agastya,Atwal,hredhaangara@example.com,Kulti,Odisha,1965-02-04,Business,2026-06-19
C004338,Nidhi,Edwin,dominicbuch@example.com,Ongole,Nagaland,1987-01-25,Business,2025-09-23
C004339,Odika,Walla,indira64@example.com,Panipat,Rajasthan,1976-10-16,Standard,2026-03-04
C004340,Darika,Patel,chaman73@example.org,Durg,Kerala,1955-10-07,Premium,2023-08-30
C004341,Teerth,Mukherjee,patilvictor@example.com,Avadi,Meghalaya,1967-03-17,Premium,2023-10-19
C004342,Mitali,Dixit,tarakibe@example.net,Chandigarh,Arunachal Pradesh,1968-11-25,Premium,2025-09-11
C004343,Qarin,Sur,rkadakia@example.net,Silchar,Rajasthan,1993-04-15,Business,2026-01-06
C004344,Adya,Goswami,sachdevaudarsh@example.org,Lucknow,Telangana,1983-02-19,Standard,2026-03-25
C004345,Madhav,Das,csom@example.org,Vellore,Chhattisgarh,2002-01-13,Business,2022-03-17
C004346,Lopa,Ganesh,faraj30@example.org,Berhampur,Tripura,1977-07-08,Premium,2023-07-13
C004347,Samesh,Sani,ishanichadha@example.org,Ramgarh,Punjab,1964-03-26,Standard,2024-12-13
C004348,Yauvani,Bora,mupadhyay@example.org,Patna,Odisha,1998-05-04,Business,2025-11-03
C004349,Maya,Sant,chaudhariaadi@example.net,Tezpur,Madhya Pradesh,1975-06-28,Premium,2026-01-24
C004350,Avni,Prashad,sarinlaban@example.org,Mangalore,Jharkhand,1979-04-01,Business,2023-06-11
C004351,Ekaraj,Bains,bimala59@example.net,Haridwar,Tripura,2006-08-29,Business,2026-02-12
C004352,Chakrika,Sodhi,thomascontractor@example.com,Allahabad,Punjab,1951-04-30,Standard,2025-06-25
C004353,Tara,Reddy,ndixit@example.com,Hazaribagh,Chhattisgarh,1990-06-22,Standard,2023-01-03
C004354,Atharv,Dubey,ijayatak@example.com,Bulandshahr,Uttarakhand,1996-01-03,Standard,2022-07-19
C004355,Urishilla,Singh,senguptafaris@example.com,Sonipat,Tamil Nadu,1965-04-29,Business,2024-09-09
C004356,Laksh,Goel,janujabutala@example.net,Chapra,Sikkim,1994-07-26,Premium,2026-05-29
C004357,Agastya,Pau,siddharth55@example.net,Mirzapur,Uttar Pradesh,1954-09-28,Business,2023-06-17
C004358,Arin,Raju,wishishetty@example.net,Bhilai,Himachal Pradesh,1995-11-27,Premium,2026-02-10
C004359,Chameli,Chopra,tamannanair@example.org,Kulti,Nagaland,1965-03-11,Premium,2022-06-30
C004360,Gautami,Buch,rajutheodore@example.org,Ambarnath,Tamil Nadu,1954-06-28,Premium,2025-06-30
C004361,Aachal,Mammen,hkakar@example.com,Mira-Bhayandar,Punjab,1948-09-30,Premium,2022-06-21
C004362,Varenya,Bandi,vedikaghosh@example.net,Patiala,Telangana,1968-08-10,Business,2025-09-25
C004363,Urvashi,Bala,kavyamaster@example.net,Guwahati,Maharashtra,1955-06-19,Standard,2024-10-10
C004364,Eta,Gera,praneel59@example.net,Kollam,Tripura,2006-01-16,Standard,2024-09-29
C004365,Tanmayi,Dhaliwal,rishi44@example.net,Aizawl,Maharashtra,1960-09-21,Business,2023-11-08
C004366,Nirja,Pathak,kbedi@example.org,Uluberia,Arunachal Pradesh,1973-09-13,Standard,2024-06-26
C004367,Wyatt,Prabhakar,ochhabra@example.com,Khora ,Tamil Nadu,1970-12-04,Business,2024-04-01
C004368,Ishanvi,Rau,devikadewan@example.com,Jehanabad,Maharashtra,1962-07-23,Premium,2025-01-09
C004369,Manan,Kara,gchacko@example.net,Rewa,Tamil Nadu,1981-09-11,Standard,2025-10-02
C004370,Shaurya,Dhar,skothari@example.org,Vadodara,Chhattisgarh,1968-06-14,Premium,2026-04-25
C004371,Ayush,Khosla,hchatterjee@example.com,Ujjain,Himachal Pradesh,1997-09-02,Standard,2024-06-03
C004372,Atharv,Golla,voraaarini@example.org,Sambhal,Meghalaya,1968-10-01,Premium,2021-08-29
C004373,David,Bhatt,tanishvarty@example.org,Bhubaneswar,Odisha,1954-02-26,Premium,2024-08-23
C004374,Rachana,Aggarwal,karsaumya@example.com,Purnia,Bihar,2001-03-20,Business,2025-07-10
C004375,Baghyawati,Radhakrishnan,rakshabhat@example.org,Dhanbad,Tamil Nadu,2007-07-29,Business,2024-02-23
C004376,Neha,Acharya,kakarmekhala@example.net,Hospet,Arunachal Pradesh,2002-06-21,Standard,2025-07-29
C004377,Omisha,Venkataraman,sonigunbir@example.com,Bareilly,Tripura,1963-10-14,Premium,2025-10-04
C004378,Ganga,Sibal,pallavibumb@example.com,Secunderabad,Uttarakhand,1953-03-21,Business,2022-11-28
C004379,Gopal,Misra,sachikuruvilla@example.com,Mehsana,Uttar Pradesh,1995-02-11,Standard,2023-12-09
C004380,Umang,Sahota,dsubramanian@example.org,Chittoor,Arunachal Pradesh,1958-03-29,Standard,2025-08-20
C004381,Diya,Prabhu,miteshbath@example.net,Bhusawal,Odisha,1991-05-27,Business,2022-11-02
C004382,Idika,Garg,vkala@example.com,Bhavnagar,Punjab,1958-06-24,Premium,2024-08-31
C004383,Guneet,Sura,fnigam@example.net,Gudivada,Maharashtra,1965-11-18,Standard,2022-05-30
C004384,Mohammed,Khatri,radhasama@example.org,Rewa,Gujarat,2000-10-02,Business,2022-11-11
C004385,Madhav,Anne,aadi95@example.com,Patiala,Haryana,1968-07-14,Standard,2025-02-12
C004386,Gunbir,Dhaliwal,rluthra@example.net,Darbhanga,Gujarat,1949-07-07,Business,2024-09-29
C004387,Nandini,Bumb,xnarayan@example.org,Sikar,Nagaland,2007-08-15,Business,2023-09-11
C004388,Quincy,Chakraborty,keyashan@example.org,Tinsukia,Manipur,1992-09-11,Business,2024-10-30
C004389,Hritik,Kara,adwetadugal@example.com,Durg,Karnataka,1984-04-22,Standard,2025-08-18
C004390,Zansi,Bains,venkataramanonveer@example.org,Mathura,Punjab,1973-12-11,Standard,2023-04-15
C004391,Oeshi,Anne,onijoshi@example.org,Jalgaon,Odisha,2008-06-26,Premium,2024-11-01
C004392,Azad,Prabhakar,bhaktawazir@example.net,Bhilwara,Bihar,1975-04-24,Business,2024-01-26
C004393,Vasana,Sundaram,ahujadominic@example.com,Aligarh,Assam,1957-07-06,Standard,2022-05-07
C004394,Bhanumati,Natarajan,bumbsaumya@example.com,Ambarnath,Kerala,1949-06-16,Standard,2024-03-09
C004395,Damyanti,Lalla,qmann@example.net,Uluberia,Tamil Nadu,1982-06-04,Standard,2024-03-16
C004396,Utkarsh,Loyal,,Dibrugarh,Nagaland,1997-12-25,Business,2025-05-04
C004397,Yug,Baral,nakulsarma@example.net,Mathura,Maharashtra,1954-07-16,Standard,2022-12-13
C004398,Gavin,Palla,wchaudhari@example.org,Asansol,Uttar Pradesh,1980-02-25,Business,2024-06-26
C004399,Rayaan,Srinivasan,jhadarika@example.org,Coimbatore,Karnataka,1976-11-22,Premium,2025-03-06
C004400,Yashoda,Dua,bhavyadave@example.net,Latur,Punjab,1967-07-11,Business,2024-06-07
C004401,Qadim,Varghese,desaitriya@example.net,Durgapur,Telangana,1987-06-03,Premium,2026-06-16
C004402,William,Subramaniam,forum38@example.com,Shahjahanpur,Madhya Pradesh,1960-12-06,Business,2025-05-29
C004403,Hritik,Prashad,nbahri@example.net,Madanapalle,Tamil Nadu,1976-02-16,Business,2026-02-28
C004404,Upasna,Parsa,balvankhurana@example.com,Jaunpur,Karnataka,1987-09-23,Standard,2023-06-05
C004405,Nathan,Dar,gunbirmadan@example.net,Bulandshahr,Manipur,2006-05-15,Business,2024-09-23
C004406,Ishita,Bala,ishani35@example.org,Deoghar,Tamil Nadu,1965-11-05,Business,2026-03-31
C004407,Pranav,Ahuja,kai08@example.com,Pimpri-Chinchwad,Meghalaya,1961-04-21,Business,2022-11-21
C004408,Falak,Wagle,warhi78@example.org,Unnao,Kerala,1965-10-11,Premium,2026-07-17
C004409,Rehaan,Ratta,frederickmander@example.net,Jaunpur,Gujarat,1984-05-06,Business,2025-09-04
C004410,Bhavani,Gandhi,bhargavawahab@example.org,Thane,Odisha,1969-12-04,Business,2026-03-11
C004411,Aarini,Reddy,lajitamangal@example.com,Gaya,Maharashtra,1951-03-20,Standard,2022-11-26
C004412,Wazir,Biswas,deshmukhqarin@example.org,Bhatpara,Kerala,1953-04-03,Premium,2024-06-29
C004413,Anmol,Karan,zehaansengupta@example.net,Bilaspur,Tamil Nadu,1970-03-18,Business,2022-03-11
C004414,Edhitha,Setty,aayushmanne@example.net,Kharagpur,Andhra Pradesh,1951-12-12,Premium,2026-01-16
C004415,Meera,Bava,oscar28@example.net,Sasaram,Gujarat,1971-04-12,Premium,2021-09-21
C004416,Abeer,Srinivasan,manderikshita@example.org,Berhampur,Sikkim,1981-08-17,Premium,2025-04-27
C004417,Eshana,Warrior,bariaandrew@example.net,Nangloi Jat,Jharkhand,2002-11-17,Standard,2023-08-11
C004418,Dayamai,Kurian,maanasupadhyay@example.org,Surat,Assam,1958-11-21,Standard,2025-08-23
C004419,Nidra,Chaudhary,tarabhavna@example.net,Kalyan-Dombivli,Punjab,1981-07-05,Business,2024-07-16
C004420,Zehaan,Dayal,sankardhriti@example.net,Loni,Tamil Nadu,1961-05-02,Standard,2023-09-19
C004421,Saumya,Zacharia,chackowilliam@example.org,Shivpuri,Odisha,1986-02-22,Standard,2022-07-27
C004422,Tanvi,Lalla,doctorkavya@example.org,Loni,Manipur,1954-08-08,Premium,2023-02-19
C004423,Hemani,Sachdev,sakshamkhalsa@example.com,Ratlam,Telangana,1951-07-08,Business,2026-01-27
C004424,Vidhi,Bumb,samiwatika@example.net,Ahmedabad,Uttarakhand,1978-05-02,Premium,2023-10-27
C004425,Nicholas,Dubey,gsangha@example.net,Ajmer,Sikkim,1979-06-20,Standard,2025-09-19
C004426,Farhan,Cheema,ryanbhavsar@example.org,Nagercoil,Punjab,1951-11-30,Premium,2026-07-21
C004427,Bhavika,Guha,victorsinghal@example.org,Hapur,Telangana,2006-12-19,Standard,2024-10-19
C004428,Gabriel,Sahni,ubali@example.net,Panvel,Telangana,1967-04-22,Premium,2025-06-24
C004429,Zaitra,Khurana,sherevictor@example.com,Jaunpur,Bihar,1998-10-20,Premium,2021-10-02
C004430,Chaaya,Thaman,jayaramanbishakha@example.net,Durg,Tamil Nadu,1990-11-30,Premium,2022-05-13
C004431,Hritik,Goel,imaransom@example.net,Dibrugarh,West Bengal,1985-12-03,Standard,2022-11-04
C004432,Advika,Narula,yuvraj40@example.org,Yamunanagar,Nagaland,1993-07-31,Business,2023-12-10
C004433,Yashawini,Kulkarni,bhavika57@example.org,Salem,Tamil Nadu,1972-01-05,Standard,2023-01-18
C004434,Baghyawati,Gaba,uchowdhury@example.org,Ichalkaranji,Telangana,1982-03-13,Business,2025-04-07
C004435,Jonathan,Sehgal,gopal83@example.net,Madurai,Nagaland,1955-09-06,Standard,2023-06-15
C004436,Sarthak,Narayan,csagar@example.org,Hospet,Arunachal Pradesh,1999-05-01,Premium,2023-07-25
C004437,Sachi,Viswanathan,sanibalhaar@example.org,Surendranagar Dudhrej,Madhya Pradesh,2007-01-31,Standard,2022-01-25
C004438,Udarsh,Vohra,virajraj@example.net,Kamarhati,Punjab,1951-11-10,Business,2025-10-07
C004439,Ayaan,Sawhney,lbandi@example.org,Saharsa,Punjab,1969-06-01,Standard,2025-09-30
C004440,Yauvani,Dewan,suhani17@example.com,Ongole,Himachal Pradesh,1989-06-13,Premium,2022-10-08
C004441,Kai,Borde,chatreshnadig@example.com,Singrauli,Haryana,1998-02-03,Business,2022-06-11
C004442,Yashoda,Chopra,warjas27@example.com,Jamshedpur,Nagaland,1948-01-26,Standard,2025-02-28
C004443,Falan,Trivedi,fradopandya@example.com,Suryapet,Himachal Pradesh,1964-10-12,Premium,2025-06-17
C004444,Ranbir,Singhal,samaroak@example.net,Bangalore,Mizoram,1988-05-21,Business,2026-04-17
C004445,Henry,Gole,lsinghal@example.net,Udaipur,Jharkhand,1948-11-16,Premium,2022-07-02
C004446,Sai,Mall,ryankarpe@example.com,Hazaribagh,Haryana,1981-10-13,Premium,2022-06-12
C004447,Sanya,Patel,sethitara@example.com,Danapur,Gujarat,1997-02-03,Premium,2026-07-27
C004448,Hemang,Vyas,qvarughese@example.com,Ahmednagar,Bihar,1992-08-26,Premium,2026-01-04
C004449,Ayushman,Madan,murthyhema@example.com,Anand,Himachal Pradesh,1950-10-13,Premium,2023-09-20
C004450,Aahana,Bava,yadavitailor@example.com,Mysore,Manipur,1984-10-28,Business,2026-01-12
C004451,Ekanta,Dutta,vbuch@example.net,Bareilly,Himachal Pradesh,1951-06-17,Premium,2025-01-31
C004452,Eshana,Bhakta,adyaseth@example.org,Mira-Bhayandar,Karnataka,1957-03-25,Premium,2024-05-24
C004453,Ethan,Manne,irana@example.net,Kalyan-Dombivli,Uttar Pradesh,1966-07-04,Business,2022-10-23
C004454,Advik,Kara,banerjeefarhan@example.net,Khandwa,Maharashtra,1994-09-16,Business,2025-01-22
C004455,Jairaj,Bumb,forumchoudhary@example.net,Jorhat,Uttar Pradesh,1978-04-07,Standard,2022-01-20
C004456,Lakshmi,Borde,atibobal@example.com,Bhavnagar,Chhattisgarh,1996-06-01,Premium,2022-07-19
C004457,Ekta,Bhargava,upkaar66@example.com,Nellore,Himachal Pradesh,1985-10-12,Business,2026-03-24
C004458,Abha,Wable,parmerkrish@example.org,Sagar,Odisha,1982-10-21,Business,2024-07-11
C004459,Tara,Borra,williamnayar@example.org,Vadodara,Jharkhand,2002-07-23,Standard,2023-12-14
C004460,Aadi,Vasa,raghav51@example.com,Asansol,Meghalaya,2006-06-28,Standard,2026-05-24
C004461,Panini,Datta,nehabhargava@example.net,Haldia,Manipur,1985-12-20,Premium,2022-09-03
C004462,Ridhi,Khanna,aishaniwadhwa@example.org,Bally,Jharkhand,1992-06-21,Business,2025-08-24
C004463,Samuel,Prabhakar,kiyengar@example.org,Giridih,Uttar Pradesh,1946-09-03,Premium,2025-07-11
C004464,Edhitha,Sastry,chaitalyhans@example.org,Warangal,Manipur,1959-05-12,Standard,2025-09-20
C004465,Yashica,Babu,ekaja07@example.com,Gwalior,Karnataka,1946-11-27,Premium,2023-05-06
C004466,Nathan,Natt,vdeo@example.org,Bathinda,Punjab,1986-07-19,Standard,2022-04-02
C004467,Yadavi,Gera,oommenhritik@example.com,Bareilly,Gujarat,1956-06-21,Premium,2026-07-23
C004468,Gagan,Sarkar,rgera@example.org,Imphal,Kerala,1971-11-10,Premium,2022-02-22
C004469,Yuvraj,Tiwari,mroy@example.net,Kanpur,Telangana,1970-06-27,Premium,2023-02-21
C004470,Anthony,Bhat,chamelishukla@example.net,Kirari Suleman Nagar,Odisha,1982-02-12,Business,2026-05-21
C004471,Advika,Kulkarni,toza@example.net,Bhusawal,Jharkhand,2000-09-23,Premium,2024-02-07
C004472,Balendra,Warrior,marya@example.com,Kadapa,Mizoram,1995-02-23,Business,2024-06-28
C004473,Zehaan,Bandi,hansomisha@example.org,Bathinda,Punjab,1946-06-09,Standard,2022-12-16
C004474,Abdul,Rai,wahabbandi@example.net,Chapra,Karnataka,1990-03-09,Standard,2024-06-26
C004475,Dev,Batta,jeetmammen@example.com,Burhanpur,Uttarakhand,2004-07-25,Premium,2022-07-28
C004476,Hemal,Varty,vsane@example.com,Howrah,Assam,1978-06-08,Business,2025-07-02
C004477,Amrita,Babu,keyalal@example.org,Mysore,Tripura,1960-12-11,Business,2026-04-15
C004478,Ranbir,Sant,owen01@example.com,Patiala,Odisha,1975-09-25,Premium,2023-06-23
C004479,Anusha,Chaudhary,ayushsharaf@example.org,Deoghar,Sikkim,1983-03-02,Business,2025-10-16
C004480,Anita,Baral,dalbir57@example.net,Mathura,Andhra Pradesh,1952-04-08,Business,2022-12-12
C004481,Saanvi,Varma,atharvtank@example.org,Kakinada,Rajasthan,1978-11-18,Standard,2023-07-06
C004482,Nilima,Vala,gkorpal@example.net,Satara,Rajasthan,1956-04-09,Business,2022-05-18
C004483,Lakshit,Vala,arjunsetty@example.org,Hindupur,Meghalaya,1984-05-30,Standard,2024-04-23
C004484,Geetika,Ganesh,walidamini@example.org,Bally,Jharkhand,1966-06-01,Standard,2024-07-23
C004485,Vritti,Sangha,urvi61@example.org,Berhampore,Gujarat,1963-03-02,Standard,2026-03-17
C004486,Krishna,Banerjee,avnikapur@example.com,Jamalpur,Chhattisgarh,1959-08-24,Business,2026-07-09
C004487,Victor,Chandra,bahlladli@example.net,Siliguri,Andhra Pradesh,1947-02-12,Standard,2024-05-02
C004488,Azaan,Patla,harinidalia@example.org,Jodhpur,Odisha,1995-03-26,Premium,2021-08-08
C004489,Siddharth,Varkey,vprabhakar@example.com,Mirzapur,Andhra Pradesh,1996-06-02,Standard,2025-11-20
C004490,Chavvi,Kuruvilla,banerjeevihaan@example.org,Korba,Jharkhand,2007-02-24,Premium,2026-08-04
C004491,Max,Nayar,gvyas@example.com,Aligarh,West Bengal,2006-04-16,Standard,2022-02-11
C004492,Vrinda,Swamy,nachiketsachdeva@example.net,Lucknow,Mizoram,1984-05-07,Premium,2023-10-10
C004493,Jairaj,Sant,harshil85@example.com,Bhopal,Sikkim,2006-12-12,Business,2023-01-01
C004494,Mahika,Trivedi,kashishbhat@example.net,Sri Ganganagar,Uttar Pradesh,1965-10-09,Business,2025-05-21
C004495,Ekansh,Saxena,ranganathanyoshita@example.net,Bhilai,Uttarakhand,1982-08-22,Business,2025-10-23
C004496,Parth,Bhat,nicholasmittal@example.com,Sagar,Punjab,2002-04-03,Business,2024-04-18
C004497,Veda,Master,vrindavyas@example.com,Baranagar,Arunachal Pradesh,1966-04-11,Business,2024-01-05
C004498,Isaac,Butala,dorafrado@example.com,Chittoor,Jharkhand,2007-11-16,Standard,2023-08-13
C004499,Avni,Seshadri,wchaudhary@example.net,Alappuzha,Jharkhand,1952-12-23,Standard,2025-07-27
C004500,Damyanti,Puri,ranveertiwari@example.com,Deoghar,Bihar,1950-12-18,Standard,2022-05-11
C004501,Rajata,Vala,quincydada@example.net,Raichur,Odisha,1972-12-25,Premium,2023-01-12
C004502,Balhaar,Nagi,reyanshcontractor@example.net,Adoni,Odisha,2004-06-09,Business,2024-02-21
C004503,Isaiah,Shanker,hamsini01@example.com,Udupi,Nagaland,1978-05-29,Premium,2023-03-22
C004504,Omaja,Pradhan,osha32@example.com,Ratlam,Chhattisgarh,1948-11-11,Business,2022-04-07
C004505,Faris,Dara,jagdishbobal@example.org,Haldia,Arunachal Pradesh,1991-10-30,Business,2024-03-13
C004506,Tamanna,Vala,lohitrastogi@example.org,Gorakhpur,Kerala,1951-11-28,Premium,2024-04-09
C004507,Ishanvi,Kaur,triptidhar@example.com,Gandhidham,Assam,1947-09-23,Standard,2022-06-03
C004508,Ekaraj,Sunder,liamloyal@example.org,Gandhidham,Tripura,1963-10-02,Business,2023-11-04
C004509,Rehaan,Gopal,lmital@example.com,Ballia,Goa,1985-09-16,Premium,2026-07-23
C004510,Arya,Mangat,ekanshdua@example.net,Gurgaon,Punjab,1953-03-23,Premium,2023-09-02
C004511,Raksha,Choudhry,tanvi06@example.net,Akola,Tripura,2004-05-19,Business,2024-04-11
C004512,Amol,Narayan,batrahemani@example.net,Kulti,Jharkhand,1966-07-02,Business,2022-07-15
C004513,Zehaan,Sridhar,hdass@example.org,Mango,Tamil Nadu,1965-11-08,Standard,2024-03-19
C004514,Lipika,Bhardwaj,daksheshsridhar@example.net,Silchar,Odisha,1971-12-28,Standard,2024-05-26
C004515,Tanvi,Rao,tataaayush@example.com,Mysore,Kerala,1946-11-23,Business,2025-11-29
C004516,Zansi,Nigam,shereishaan@example.net,Gwalior,Goa,2003-11-22,Premium,2024-11-18
C004517,Azaan,Dara,mallrajeshri@example.com,Jehanabad,Bihar,1990-08-17,Premium,2022-02-20
C004518,Kevin,Kumar,kamya69@example.org,Hajipur,Maharashtra,1955-07-07,Standard,2022-02-06
C004519,Faras,Koshy,vrinda42@example.net,South Dumdum,Manipur,1945-10-11,Standard,2026-04-27
C004520,Saumya,Bhagat,sawhneyvidhi@example.net,Morbi,Mizoram,2001-01-05,Standard,2022-03-14
C004521,Bachittar,Gokhale,vanyaaggarwal@example.org,Maheshtala,Uttarakhand,1956-08-01,Business,2022-03-24
C004522,Farhan,Venkataraman,daksheshnagar@example.com,Dibrugarh,Telangana,1986-04-20,business,2023-07-01
C004523,Kamya,Sandhu,radhakrishnanzansi@example.com,Raipur,Rajasthan,1962-03-07,Premium,2026-08-07
C004524,Naksh,Majumdar,janya38@example.com,Jalgaon,Goa,2006-08-15,Business,2024-12-13
C004525,Aarnav,Badal,nagarfalak@example.com,Kurnool,Jharkhand,1946-03-13,Premium,2024-12-28
C004526,Indali,Shetty,chakradev89@example.com,Bhalswa Jahangir Pur,Meghalaya,2003-03-18,Business,2022-02-25
C004527,Rajeshri,Narain,vaishnavi72@example.org,Bangalore,Bihar,1950-12-20,Standard,2025-07-29
C004528,Dakshesh,Buch,dakshesh18@example.com,Morbi,Sikkim,2006-09-06,Business,2025-05-12
C004529,Yahvi,Brar,gmandal@example.com,Bhind,Telangana,1993-12-29,Business,2022-06-21
C004530,Jeet,Doctor,eiravati49@example.org,Aurangabad,Jharkhand,1952-12-08,Business,2025-11-04
C004531,Vasatika,Kaul,chaaya80@example.net,Raiganj,Haryana,1961-01-24,Premium,2021-08-28
C004532,Dominic,Soman,chasmum62@example.net,Bidar,Uttarakhand,1949-11-26,Standard,2022-04-03
C004533,Shivansh,Thakkar,regeandrew@example.net,Ghaziabad,Odisha,1980-04-11,Premium,2024-02-26
C004534,Gunbir,Dhaliwal,charan34@example.org,Begusarai,Mizoram,1960-08-22,Business,2022-08-04
C004535,Dev,Chana,binagade@example.net,Ratlam,Assam,1969-07-03,Standard,2023-01-08
C004536,Nicholas,Thakkar,bishakhavenkataraman@example.org,Phagwara,Uttarakhand,1995-08-15,Business,2024-12-16
C004537,Azad,Sen,devansh46@example.net,Thiruvananthapuram,Punjab,1973-12-11,Standard,2025-08-18
C004538,Theodore,Bera,oliverdalal@example.net,Fatehpur,Bihar,1977-02-03,Premium,2026-04-16
C004539,Vyanjana,Dave,yashica45@example.com,Sambhal,Goa,1990-07-10,Business,2022-03-10
C004540,Aarush,Thaman,nilima39@example.com,Hajipur,Arunachal Pradesh,1997-08-09,Premium,2025-11-17
C004541,Faqid,Gill,henrysachdeva@example.net,Burhanpur,Haryana,1960-08-09,Standard,2024-12-09
C004542,Vedhika,Batta,ojasviganguly@example.net,Mirzapur,Gujarat,1980-08-16,Standard,2026-08-04
C004543,Simon,Murthy,bathkrish@example.com,Jamalpur,Bihar,1947-10-30,Premium,2025-11-08
C004544,Nicholas,Gera,bakhshidhar@example.org,Jaunpur,Meghalaya,1966-03-21,Business,2025-12-24
C004545,Ridhi,Chaudhari,urvashi70@example.com,Rajpur Sonarpur,Haryana,1972-08-07,Business,2026-03-12
C004546,Yatin,Devan,zkrishna@example.net,Bhiwandi,West Bengal,1999-09-26,Premium,2024-10-01
C004547,Tanay,Tandon,omisaac@example.net,Salem,Uttar Pradesh,1974-12-09,Premium,2023-10-20
C004548,Zayan,Mittal,talwarfaris@example.net,Alappuzha,Arunachal Pradesh,1983-10-28,Business,2025-01-30
C004549,Baljiwan,Saraf,dgupta@example.org,Ranchi,Arunachal Pradesh,1977-12-20,Premium,2026-02-25
C004550,Wakeeta,Mital,omyarau@example.org,Thrissur,Madhya Pradesh,1966-09-30,Premium,2022-08-03
C004551,Neelima,Gupta,obhagat@example.org,Chinsurah,Goa,1967-01-21,Standard,2022-02-13
C004552,Yuvraj,D’Alia,tanish84@example.com,Gandhidham,Maharashtra,1979-12-18,Premium,2022-09-20
C004553,Madhavi,Nath,echanda@example.net,Tirunelveli,Odisha,1971-05-20,Premium,2021-08-31
C004554,Vincent,Peri,devansh21@example.com,Jaunpur,West Bengal,1991-05-07,Standard,2023-04-27
C004555,Jai,Luthra,hemanggopal@example.org,Morena,Arunachal Pradesh,1990-01-26,Business,2026-03-29
C004556,Chatura,Mohan,darsaksham@example.com,Jalandhar,Uttar Pradesh,1970-07-06,Standard,2023-05-03
C004557,Abha,Kannan,george75@example.com,Sikar,Haryana,1979-03-30,Premium,2022-09-11
C004558,Nilima,Rout,ronithmukhopadhyay@example.org,Giridih,Mizoram,1980-01-07,Standard,2022-05-18
C004559,Pallavi,Oak,cpanchal@example.com,Buxar,Jharkhand,1983-03-16,Business,2022-06-24
C004560,Zaitra,Bath,triya02@example.org,Davanagere,Manipur,1959-06-21,Business,2023-08-26
C004561,Chaman,Patel,bbumb@example.org,Sri Ganganagar,Tripura,1956-07-21,Business,2024-05-09
C004562,Yashvi,Parikh,snanda@example.org,Bhubaneswar,Uttarakhand,1947-07-28,Business,2026-02-09
C004563,Sudiksha,Mann,prasadyug@example.net,Anantapur,Punjab,2004-07-08,Business,2021-12-26
C004564,Charvi,Sant,diyamodi@example.net,Bikaner,Andhra Pradesh,1975-03-11,Business,2023-05-15
C004565,Hema,Banerjee,mbehl@example.org,Kochi,Odisha,2008-04-24,Business,2023-05-15
C004566,Laban,Basak,urmi51@example.com,Bhatpara,Gujarat,1965-02-02,Premium,2022-08-15
C004567,Raagini,Ganesan,kandalucky@example.org,Jamnagar,Tripura,1950-12-05,Business,2025-01-06
C004568,Indrajit,Kaur,manehredhaan@example.net,Tadepalligudem,Maharashtra,2003-04-15,Business,2021-08-22
C004569,Yatan,Suri,swamyhardik@example.com,Miryalaguda,Telangana,1987-05-28,Business,2025-06-15
C004570,Sachi,Nagar,dbhatt@example.net,Bijapur,Kerala,1984-03-06,Standard,2023-01-17
C004571,Kai,Bansal,karya@example.com,Hosur,Himachal Pradesh,1953-09-12,Business,2022-08-11
C004572,Ridhi,Chaudhry,yashodharabawa@example.com,Suryapet,Telangana,1993-09-17,Premium,2024-04-28
C004573,Wakeeta,Chopra,sinhacharvi@example.org,Shimla,Tripura,1946-06-03,Business,2024-11-24
C004574,Lila,Walia,vihaan01@example.net,Jalna,Uttarakhand,1993-10-04,Premium,2024-06-27
C004575,Faris,Nori,sehgalchaaya@example.com,Hosur,Mizoram,1969-08-10,Premium,2022-05-12
C004576,Anusha,Bhatt,oliverkota@example.com,Nellore,Mizoram,1994-07-01,Standard,2024-09-20
C004577,Shaurya,Kata,cswaminathan@example.com,Bareilly,Madhya Pradesh,1955-01-04,Premium,2021-09-23
C004578,Bhanumati,Taneja,umangkrishnan@example.org,Medininagar,Uttar Pradesh,1958-03-07,Business,2025-01-24
C004579,Jeet,Hayre,advaybarad@example.org,Thane,Maharashtra,1999-06-10,Business,2023-05-28
C004580,Rachana,Mutti,guneetsubramanian@example.org,Jamnagar,Assam,1945-11-09,Standard,2022-07-02
C004581,Indira,Dave,madhavipurohit@example.org,Tumkur,Manipur,2003-01-08,Premium,2023-06-30
C004582,Varenya,Mutti,banikkevin@example.org,Vadodara,Manipur,1975-07-26,Standard,2023-08-28
C004583,Jyoti,Karan,darpan49@example.net,Ghaziabad,Gujarat,2002-07-22,Standard,2021-10-23
C004584,Nandini,Bansal,aryanagy@example.org,Shivpuri,Haryana,1991-06-07,Business,2022-03-04
C004585,Dayita,Manda,rsankaran@example.org,Tenali,West Bengal,1995-08-16,Premium,2023-10-02
C004586,Tarak,Krishnan,plal@example.net,Begusarai,Himachal Pradesh,1974-11-26,Standard,2024-02-25
C004587,Ria,Banik,knagi@example.net,Raiganj,Haryana,1947-12-13,Business,2022-09-10
C004588,Eiravati,Bahri,,Nadiad,Tripura,1994-06-15,Business,2023-08-17
C004589,Zehaan,Kulkarni,mitesh72@example.com,Tiruppur,Punjab,1983-12-14,Business,2022-05-29
C004590,Kavya,Suresh,lbarad@example.org,Ajmer,Uttar Pradesh,1951-01-27,Business,2021-08-15
C004591,Harrison,Hari,mananbasu@example.org,Tiruvottiyur,Karnataka,1979-01-19,Standard,2024-08-14
C004592,Arin,Mander,ekta90@example.net,Anantapuram,Kerala,1985-02-15,Premium,2025-09-17
C004593,Widisha,Gokhale,balvanthakur@example.net,Katihar,Haryana,1990-01-08,Standard,2024-03-28
C004594,Nitesh,Raja,madanyauvani@example.org,Fatehpur,Maharashtra,1964-08-10,Business,2025-05-22
C004595,Rachit,Hegde,rajeshri49@example.com,Chinsurah,Maharashtra,1996-01-24,Business,2025-08-14
C004596,Darika,Dayal,qrana@example.net,Rampur,Haryana,1983-08-22,Business,2025-03-14
C004597,Frado,Kade,lajita79@example.net,Anand,Meghalaya,1981-04-22,Standard,2022-07-04
C004598,Gautami,Nadig,aarav40@example.com,Baranagar,Uttar Pradesh,2004-02-28,Business,2023-07-05
C004599,Mugdha,Thaker,william50@example.org,Amritsar,Gujarat,2006-07-07,Premium,2026-02-18
C004600,Anirudh,Setty,yashicaratti@example.org,Junagadh,Manipur,1984-12-16,Standard,2025-03-21
C004601,Orinder,Yadav,tmitra@example.net,Parbhani,Madhya Pradesh,1981-08-20,Premium,2025-03-20
C004602,Wahab,Bala,ansh62@example.net,Siwan,Rajasthan,1978-03-31,Standard,2025-04-26
C004603,Ladli,Deep,matthew39@example.net,Jamalpur,Assam,1959-07-27,Business,2022-04-22
C004604,Bimala,Chowdhury,girishsinghal@example.com,Ramagundam,Jharkhand,1992-05-16,Premium,2025-09-10
C004605,Faras,Nadig,darpan31@example.com,Hosur,Tamil Nadu,1947-06-14,Standard,2022-11-20
C004606,Anay,Zacharia,enatt@example.net,Eluru,Haryana,1992-12-20,Business,2025-07-12
C004607,Oni,Mahajan,xbajaj@example.org,Bahraich,Goa,1950-09-12,Business,2025-01-15
C004608,Dev,Malhotra,daksha03@example.org,Gorakhpur,Madhya Pradesh,1980-07-23,Standard,2026-05-01
C004609,Krishna,Sarin,aachalsant@example.net,Ambattur,Madhya Pradesh,1976-06-21,Business,2023-01-10
C004610,Amara,Deshpande,liamlall@example.org,Thane,Haryana,1955-02-21,Business,2024-12-06
C004611,Utkarsh,Srivastava,bhattradha@example.net,Bhusawal,Uttarakhand,1992-09-28,Standard,2023-05-24
C004612,Tanvi,Sidhu,diyapatla@example.net,Dehradun,Gujarat,1945-08-31,Premium,2024-01-27
C004613,Ishwar,Thaker,omadan@example.com,Visakhapatnam,Punjab,1980-07-08,Premium,2024-07-05
C004614,Nachiket,Saini,rsawhney@example.org,Kalyan-Dombivli,Uttarakhand,1956-08-02,Premium,2023-06-21
C004615,Unni,Panchal,darika78@example.org,Jhansi,Tamil Nadu,1955-02-17,Premium,2023-07-21
C004616,Fitan,Varty,kamala60@example.org,Vasai-Virar,Goa,1978-09-15,Standard,2023-04-14
C004617,Kavya,Chad,bassiadvay@example.net,Pondicherry,Himachal Pradesh,1997-11-09,Business,2024-03-26
C004618,Bishakha,Chopra,dakshamangat@example.org,Kolhapur,Goa,1966-02-12,Premium,2024-03-22
C004619,Maanav,Pillay,wahab10@example.net,Kanpur,Haryana,1968-08-06,Premium,2025-07-26
C004620,Veda,Khatri,pratyush53@example.net,Parbhani,Meghalaya,1952-07-06,Standard,2025-06-03
C004621,Dev,Vyas,wadhwamanan@example.net,Miryalaguda,Himachal Pradesh,1995-09-19,Standard,2022-01-24
C004622,Niharika,Date,balendradayal@example.net,Baranagar,Tamil Nadu,1978-08-13,Standard,2025-04-05
C004623,Mahika,Ravel,balvansaran@example.com,Rourkela,Assam,1946-01-15,Standard,2024-09-16
C004624,Theodore,Handa,aaurora@example.org,Aligarh,Odisha,1963-01-29,Premium,2024-01-17
C004625,Anika,Swaminathan,nayartanvi@example.com,Avadi,Andhra Pradesh,1950-04-14,Standard,2022-12-23
C004626,Daksha,Rajagopalan,purohitaarav@example.net,Pimpri-Chinchwad,Uttar Pradesh,1955-11-26,business,2024-04-25
C004627,Pallavi,Mani,walivansha@example.org,Muzaffarpur,Andhra Pradesh,1948-01-22,Business,2026-04-14
C004628,Warinder,Misra,csheth@example.org,Tadipatri,Uttarakhand,1974-01-17,Standard,2023-01-28
C004629,Krishna,Dhillon,gkaran@example.com,Nagpur,West Bengal,1961-02-18,Business,2021-10-24
C004630,Warda,Desai,lallaayush@example.net,Burhanpur,Tripura,1957-08-16,Premium,2025-12-10
C004631,Gaurang,Sangha,chararadhana@example.com,Tinsukia,Tripura,1959-06-25,Premium,2022-02-08
C004632,Vritti,Sachar,robertchopra@example.org,Vadodara,Telangana,1995-12-30,Standard,2022-11-09
C004633,Gaurangi,Sathe,gopaltella@example.net,Sasaram,Uttar Pradesh,1955-02-09,Standard,2024-11-30
C004634,Theodore,Bhavsar,agrawalvedika@example.net,Gudivada,Bihar,1994-04-13,Business,2021-08-11
C004635,Nirja,Chakrabarti,harrison45@example.com,Gurgaon,West Bengal,1982-06-06,Standard,2024-01-22
C004636,Nachiket,Venkataraman,bakshianika@example.com,Gorakhpur,Rajasthan,1957-10-05,Business,2022-01-06
C004637,Harrison,Kashyap,dalbirzachariah@example.net,Bharatpur,Uttarakhand,1989-05-14,Standard,2025-08-14
C004638,Gagan,Savant,yashasvi89@example.org,Thiruvananthapuram,Andhra Pradesh,1989-03-10,Standard,2023-10-30
C004639,Aayush,Manda,kapadiawarda@example.com,Fatehpur,Karnataka,1985-02-15,Standard,2023-10-24
C004640,Ekansh,Krishna,pbadami@example.org,Kakinada,Haryana,1985-11-03,Business,2024-12-10
C004641,Shivansh,Dhar,theodoresood@example.org,Chapra,Nagaland,1969-09-05,business,2025-11-27
C004642,Chaaya,Sinha,ekala@example.org,Davanagere,Assam,1979-04-12,Standard,2024-01-26
C004643,Finn,Bhasin,xkunda@example.org,Amravati,Meghalaya,1970-10-14,Standard,2024-05-20
C004644,Avi,Ramakrishnan,lpurohit@example.net,Kota,Sikkim,1982-11-17,Standard,2024-05-17
C004645,Lipika,Uppal,,Coimbatore,Manipur,1982-03-23,Standard,2022-06-04
C004646,Tanveer,Vaidya,indiragade@example.net,Sagar,Tripura,1987-11-01,Business,2023-10-03
C004647,Priya,Kant,harishchhabra@example.net,Guwahati,Odisha,2006-11-20,Standard,2023-06-18
C004648,Bhavna,Yogi,champakcherian@example.org,Kishanganj,Bihar,1983-11-14,Business,2024-08-07
C004649,Ayaan,Balay,usahota@example.org,Serampore,Arunachal Pradesh,1958-01-15,Standard,2022-05-28
C004650,Gopal,Chand,ekrishna@example.net,Danapur,Madhya Pradesh,1978-11-07,Premium,2022-06-23
C004651,Oeshi,Koshy,vermaomkaar@example.org,Tenali,Maharashtra,1985-08-05,Premium,2024-02-27
C004652,Maanav,Mane,nidra50@example.org,Vellore,Sikkim,1978-02-10,Business,2022-11-26
C004653,Alka,Garde,dugaleta@example.com,Vadodara,West Bengal,1984-11-20,Premium,2023-01-20
C004654,Daniel,Dugar,ymagar@example.com,Hajipur,Karnataka,1949-07-08,Premium,2023-12-25
C004655,Nakul,Raja,prabhuranbir@example.net,Jabalpur,Meghalaya,1973-07-26,Premium,2024-03-25
C004656,Yutika,Krishnamurthy,gaurav14@example.org,Jalandhar,Goa,1975-05-13,Business,2024-11-28
C004657,Chavvi,Sahni,emurthy@example.net,Hosur,Maharashtra,1956-06-26,Business,2021-10-20
C004658,Ishita,Pal,gulatidavid@example.net,Mango,Uttar Pradesh,1982-04-13,Standard,2026-02-24
C004659,Krish,Ramaswamy,leenaprashad@example.net,Delhi,Kerala,1996-12-02,Premium,2025-09-04
C004660,Advaith,Datta,lavanya23@example.com,Bangalore,Manipur,1954-09-28,Premium,2022-05-25
C004661,Zilmil,Jaggi,leeladin@example.com,Ambattur,Telangana,1971-06-15,Premium,2023-10-26
C004662,Omkaar,Bedi,ssrinivas@example.net,Secunderabad,Uttar Pradesh,1984-09-26,Premium,2023-03-29
C004663,Aadi,Nayak,bainschristopher@example.org,Gulbarga,Himachal Pradesh,1986-11-20,Standard,2023-02-24
C004664,Keya,Trivedi,aadhya49@example.com,Ranchi,Mizoram,2000-02-08,Premium,2022-03-17
C004665,Dev,Tripathi,samuelsankaran@example.net,Ramagundam,Maharashtra,2000-02-13,Standard,2022-08-11
C004666,Abhimanyu,Iyer,reddymitali@example.net,Kulti,Punjab,1997-10-16,Standard,2025-11-03
C004667,Raghav,Mander,magarjason@example.org,Hajipur,Himachal Pradesh,1980-09-16,Premium,2024-04-26
C004668,Lipika,Jaggi,aurorachakradev@example.com,Maheshtala,Madhya Pradesh,1985-03-26,Business,2024-06-22
C004669,Dominic,Shankar,imajumdar@example.com,Chandrapur,Haryana,1966-02-23,Standard,2026-07-02
C004670,Priya,Singhal,deepa54@example.org,Khora ,Rajasthan,1978-04-22,Premium,2022-09-26
C004671,Gaurika,Lall,zachariahvritti@example.com,Satara,Gujarat,1955-12-28,Standard,2022-09-09
C004672,Caleb,Mitra,roykaran@example.com,Kozhikode,Tamil Nadu,1957-06-18,Standard,2024-11-21
C004673,Arin,Char,zarna09@example.org,Erode,Madhya Pradesh,1954-04-20,Premium,2023-07-14
C004674,Kamala,Bala,ronithkeer@example.com,Hazaribagh,Karnataka,1991-07-20,Business,2022-11-21
C004675,Vasatika,Dar,indrajit76@example.org,Hazaribagh,Jharkhand,1970-04-07,Business,2024-03-27
C004676,Pallavi,Tella,kapoorkala@example.org,Siliguri,Chhattisgarh,1976-01-23,Standard,2021-11-05
C004677,Anmol,Hayre,ishaan81@example.org,Ongole,Madhya Pradesh,1977-12-05,Standard,2024-06-28
C004678,Tejas,Hari,fbains@example.com,Aligarh,Odisha,2007-09-21,Premium,2024-11-22
C004679,Nilima,Garg,chahalyash@example.org,Udaipur,Punjab,1956-09-28,Business,2023-12-20
C004680,Ayaan,Char,deollakshit@example.org,Bhubaneswar,Jharkhand,1948-01-28,Premium,2022-04-13
C004681,Upadhriti,Manne,anviyogi@example.com,Jhansi,Gujarat,1976-12-15,Standard,2021-08-29
C004682,Advaith,Barman,balveermurthy@example.org,Gandhidham,Telangana,1958-06-05,Business,2022-04-30
C004683,Azad,Nanda,borraadvay@example.net,Raurkela Industrial Township,Madhya Pradesh,1954-05-10,Business,2023-04-04
C004684,Aarna,Agate,dhingrathomas@example.org,Loni,Madhya Pradesh,1949-12-02,Standard,2026-04-09
C004685,Girindra,Karpe,zramesh@example.org,Darbhanga,Kerala,1947-09-11,standard,2021-09-28
C004686,Balveer,Lad,cchar@example.org,Surat,Tripura,1980-09-09,Business,2024-03-04
C004687,Ojas,Lall,rohan21@example.org,Tumkur,Himachal Pradesh,1977-05-03,Business,2022-10-03
C004688,Saumya,Doctor,anaychopra@example.com,Varanasi,Uttar Pradesh,1958-06-04,Premium,2021-10-04
C004689,Aayush,Bir,eshana82@example.org,Bettiah,Telangana,1988-01-06,Standard,2022-04-10
C004690,Vyanjana,Goyal,acharyamadhav@example.org,Uluberia,Maharashtra,1987-09-11,Business,2026-05-27
C004691,Abeer,Venkatesh,urmigoda@example.com,Jalna,Uttarakhand,1983-02-07,Premium,2025-07-23
C004692,Balhaar,Saha,fredericktaneja@example.org,Ballia,Nagaland,1975-11-29,Standard,2025-10-04
C004693,Ati,Wali,jagdish02@example.com,Khandwa,Punjab,1961-10-18,Business,2026-04-01
C004694,Chakradhar,Som,vasudhakhurana@example.org,Anantapuram,Meghalaya,1978-07-08,Business,2023-12-30
C004695,Yuvraj,Walla,zilmil08@example.org,Tiruppur,Gujarat,1980-10-12,Business,2025-11-08
C004696,Ranbir,Mammen,odube@example.org,Firozabad,Andhra Pradesh,2002-04-17,Business,2026-01-27
C004697,Aayush,Rege,deyimaran@example.com,Vijayawada,West Bengal,2006-10-05,Business,2021-12-14
C004698,Saanvi,Agrawal,bbala@example.com,Jorhat,Uttar Pradesh,1996-02-29,Standard,2023-01-12
C004699,Rudra,Arya,nihalsur@example.org,Varanasi,Meghalaya,2008-07-31,Premium,2021-10-14
C004700,Sudiksha,Goel,manankale@example.com,Loni,Andhra Pradesh,2001-04-28,Business,2024-01-26
C004701,Ekantika,Bhasin,dharomisha@example.com,Tumkur,Maharashtra,2008-06-25,Standard,2024-01-02
C004702,Pallavi,Tella,aahana09@example.org,Tiruppur,Telangana,1985-04-02,Standard,2022-06-16
C004703,Bahadurjit,Bhattacharyya,william17@example.org,Guntakal,Goa,1979-04-04,Standard,2024-09-28
C004704,Anusha,Lala,gulatilakshit@example.org,Vasai-Virar,Bihar,1987-07-29,Premium,2023-01-03
C004705,George,Buch,khatriimaran@example.com,Jaunpur,Kerala,1991-05-28,Standard,2023-02-16
C004706,Dipta,Dada,devikawadhwa@example.org,Bhagalpur,Telangana,1963-07-08,Standard,2025-02-25
C004707,Rachana,Venkatesh,gamble@example.com,Silchar,Mizoram,1994-02-05,Standard,2021-11-19
C004708,Jackson,Patil,varughesewidisha@example.com,Jorhat,Maharashtra,1972-03-24,Standard,2024-10-28
C004709,Oni,Johal,chaitanyabarman@example.net,Adoni,Punjab,1949-07-01,Business,2022-04-14
C004710,Gunbir,Ramachandran,barkha70@example.com,Yamunanagar,Maharashtra,1981-11-13,Standard,2022-03-28
C004711,Neelima,Merchant,oniparmar@example.net,Danapur,Madhya Pradesh,1974-11-08,Business,2025-04-04
C004712,Thomas,Bhat,janakitak@example.net,Katni,Bihar,1958-04-23,Business,2023-07-26
C004713,Lipika,Ramachandran,bahlria@example.com,Malda,West Bengal,1995-12-08,Standard,2022-09-08
C004714,Shivani,Tailor,npurohit@example.net,Karimnagar,Odisha,1960-12-22,Premium,2024-07-26
C004715,Ekapad,Raghavan,vraman@example.net,Amaravati,Himachal Pradesh,1978-08-31,Premium,2024-10-03
C004716,Sai,Nayar,triveni35@example.com,Junagadh,Rajasthan,1985-11-18,Standard,2026-01-03
C004717,Yamini,Kanda,roybanjeet@example.org,Begusarai,Punjab,1991-06-14,Business,2023-03-15
C004718,Harita,Palla,zthakur@example.com,Rajpur Sonarpur,Punjab,1946-08-06,Standard,2023-11-18
C004719,Kamala,Ravel,eyohannan@example.org,Pimpri-Chinchwad,Gujarat,1990-04-18,Premium,2026-07-06
C004720,Wishi,Kohli,luke50@example.org,Ozhukarai,Andhra Pradesh,2006-06-20,Premium,2022-05-28
C004721,Janaki,Rana,calebkashyap@example.com,Tiruchirappalli,Chhattisgarh,1990-01-06,Premium,2023-01-28
C004722,Quincy,Sidhu,swaminathanthomas@example.com,Jhansi,Uttar Pradesh,1978-05-27,Premium,2024-07-22
C004723,Timothy,Sharma,charita52@example.com,Kottayam,Himachal Pradesh,1981-08-16,Standard,2025-10-27
C004724,Ira,Chandra,wmunshi@example.com,Kochi,Uttar Pradesh,1961-12-17,Business,2023-09-14
C004725,Rushil,Deo,ipandit@example.net,Bathinda,Andhra Pradesh,1968-05-01,Standard,2024-10-10
C004726,Ekanta,Ravi,amaragade@example.org,Mathura,Assam,1950-10-01,Standard,2026-01-27
C004727,Tamanna,Chatterjee,banjeet53@example.net,Khandwa,Madhya Pradesh,1952-12-04,Premium,2024-09-23
C004728,Hemal,Mitra,parmerzinal@example.net,Dindigul,Assam,1995-02-03,Business,2021-09-01
C004729,Wriddhish,Hora,lakshmichaudry@example.com,Sultan Pur Majra,Karnataka,1963-03-12,Premium,2025-09-24
C004730,Radha,Char,idalia@example.com,Korba,Maharashtra,1968-12-10,Business,2022-07-19
C004731,Jacob,Vaidya,abhiramchatterjee@example.org,Madanapalle,Haryana,1974-02-08,Business,2022-08-10
C004732,Nirja,Kapadia,subramaniamfrado@example.com,Phagwara,Nagaland,1955-08-25,Standard,2021-08-26
C004733,Jalsa,Chand,waliafaqid@example.com,Karaikudi,Punjab,1983-09-11,Standard,2022-06-25
C004734,Praneel,Choudhry,xborde@example.com,Sasaram,West Bengal,2008-04-26,Business,2023-09-01
C004735,Divya,Hari,kevinkhanna@example.org,Surendranagar Dudhrej,Assam,1961-06-20,Standard,2022-01-20
C004736,Zilmil,Aurora,baljiwan22@example.net,Hospet,Rajasthan,1975-05-02,Premium,2024-07-23
C004737,Abha,Krish,bachittar69@example.com,Raebareli,Chhattisgarh,1971-11-25,Premium,2024-11-03
C004738,Gagan,Memon,joshiabdul@example.com,Bidhannagar,Himachal Pradesh,1956-07-06,Standard,2025-05-25
C004739,Neel,Chauhan,sarrafojas@example.net,Kanpur,Assam,2003-12-17,Premium,2022-05-05
C004740,Anamika,Bawa,pranav81@example.org,Sikar,Arunachal Pradesh,1971-06-28,Standard,2022-03-10
C004741,Nicholas,Buch,mitali80@example.com,Kanpur,Bihar,2006-02-23,Premium,2025-05-19
C004742,Arunima,Krishnan,laban97@example.org,Pudukkottai,Manipur,1972-01-14,Premium,2025-10-06
C004743,Kabir,Raman,xalak96@example.com,Firozabad,Telangana,1971-02-02,premium,2025-02-20
C004744,Suhani,Saini,ryandevan@example.org,Nashik,Maharashtra,1954-09-15,Standard,2023-04-09
C004745,Ikshita,Murthy,qraghavan@example.net,Singrauli,West Bengal,1987-09-07,Standard,2024-08-15
C004746,Owen,Karan,qkaran@example.net,Vellore,Nagaland,1950-11-07,Standard,2025-01-08
C004747,Qarin,Pandya,lakshkant@example.net,Sikar,Uttar Pradesh,2005-05-23,Premium,2024-05-30
C004748,Chanchal,Bhatti,dhaliwaldominic@example.com,Sirsa,Madhya Pradesh,1957-09-05,Premium,2025-01-09
C004749,Yoshita,Ganesan,naveenpalla@example.org,Purnia,Meghalaya,1955-10-14,Business,2026-05-18
C004750,Jyoti,Munshi,siddharthmital@example.org,Ghaziabad,Haryana,1987-05-29,Standard,2025-05-24
C004751,Ojasvi,Uppal,kalapraneel@example.org,Hajipur,Sikkim,1975-11-04,Premium,2023-09-23
C004752,Raksha,Choudhry,lipika55@example.org,Karawal Nagar,Chhattisgarh,1964-02-20,Premium,2023-10-02
C004753,Laban,Oza,luke91@example.net,Suryapet,Uttar Pradesh,2004-05-30,Standard,2021-10-19
C004754,Gaurangi,Deshpande,orinder10@example.com,Katni,Haryana,1952-12-06,Premium,2022-02-25
C004755,Lipika,Dugal,williamwarrior@example.com,Shivpuri,Nagaland,1957-07-30,Standard,2026-03-10
C004756,Jagvi,Jayaraman,darshgrewal@example.net,Muzaffarnagar,Uttar Pradesh,1980-03-11,Standard,2024-11-08
C004757,Aarnav,Doshi,bahadurjitchaudhry@example.org,Nellore,Chhattisgarh,1989-06-18,Standard,2024-06-10
C004758,Balvan,Iyer,shahsamuel@example.org,Bhilai,Haryana,1995-06-17,Premium,2025-09-03
C004759,Kashish,Kumer,ethankara@example.org,Sagar,Telangana,1960-06-24,Premium,2022-06-05
C004760,Jacob,Gulati,eesha66@example.com,Gwalior,Goa,2005-12-18,Premium,2026-02-28
C004761,Ikbal,Char,hemangini64@example.net,Noida,Himachal Pradesh,1994-01-09,Premium,2023-02-07
C004762,Panini,Dhaliwal,chaudrykamala@example.com,Etawah,Arunachal Pradesh,1965-09-03,Standard,2024-01-18
C004763,Wriddhish,Bhatnagar,cchadha@example.org,Mumbai,Goa,1992-06-06,Standard,2026-04-20
C004764,Chavvi,Hans,umang34@example.com,Bhind,Kerala,1979-10-08,Standard,2023-09-29
C004765,Zarna,Sabharwal,wbalakrishnan@example.net,Dhanbad,Assam,1984-09-11,Business,2026-04-19
C004766,Vanya,Reddy,rehaan63@example.com,Kamarhati,Odisha,1947-08-02,Standard,2025-03-01
C004767,Darika,Vig,shravya42@example.com,Mathura,Gujarat,2002-03-24,Business,2023-12-15
C004768,Jagat,Bains,indalibandi@example.com,Srinagar,Himachal Pradesh,1966-01-14,Premium,2024-02-10
C004769,Om,Ganguly,shannathan@example.com,Pune,Kerala,2007-07-04,Standard,2026-04-07
C004770,Mitesh,Char,harita09@example.com,Adoni,Mizoram,1988-09-13,Standard,2025-05-30
C004771,Pooja,Dey,ektakari@example.net,Bijapur,Tripura,1965-05-03,Business,2026-05-28
C004772,Madhav,Taneja,yutika91@example.com,Vasai-Virar,Andhra Pradesh,1976-06-05,Premium,2024-08-14
C004773,Madhav,Suresh,chaayapradhan@example.com,Muzaffarnagar,West Bengal,1979-08-19,Premium,2025-07-09
C004774,Onveer,Mander,aarnavgoda@example.net,Tiruppur,Rajasthan,1956-05-18,Premium,2024-07-23
C004775,Ikshita,Morar,nitaraagate@example.org,Cuttack,Madhya Pradesh,1960-03-25,Premium,2021-12-21
C004776,Wahab,Suresh,samapranav@example.net,Gangtok,Maharashtra,2008-01-13,Standard,2024-10-15
C004777,Hamsini,Panchal,chatterjeearadhana@example.org,Farrukhabad,Andhra Pradesh,1974-08-09,Premium,2024-08-19
C004778,Krishna,Balan,barmanishita@example.org,Jabalpur,Tamil Nadu,1968-03-22,Premium,2024-08-13
C004779,Chaaya,Dada,bchoudhury@example.org,Gandhinagar,Meghalaya,1957-03-24,Standard,2022-04-04
C004780,Zayan,Bansal,patrick49@example.org,Jaipur,Gujarat,1959-06-20,Standard,2023-07-27
C004781,Luke,Bhardwaj,wrideshpandey@example.net,Buxar,Mizoram,1969-01-18,Standard,2023-07-19
C004782,Vansha,Ganesh,xshan@example.net,Ramagundam,Arunachal Pradesh,1959-04-28,Standard,2025-04-12
C004783,Ishani,Wadhwa,dubeyarjun@example.org,Nangloi Jat,Himachal Pradesh,1981-04-01,Standard,2025-02-21
C004784,Zashil,Parekh,ekbalpatil@example.net,Ramagundam,West Bengal,1992-12-26,Standard,2024-04-01
C004785,Sachi,Sami,nchhabra@example.org,Mau,Tripura,1957-03-08,Standard,2024-11-27
C004786,Vyanjana,Gokhale,mandamaya@example.org,Tiruchirappalli,Karnataka,1964-09-05,Standard,2024-08-23
C004787,Yadavi,Pai,upadhritidhawan@example.net,Amravati,Tripura,1997-02-09,Business,2023-06-11
C004788,Harshil,Karnik,qasimvohra@example.com,Alappuzha,Mizoram,1974-09-26,Business,2022-03-04
C004789,Girish,Bajaj,ysamra@example.net,Bikaner,Kerala,1962-06-01,Standard,2022-11-20
C004790,Daksha,Sandal,ethanparmer@example.com,Jhansi,Uttarakhand,1971-04-02,Standard,2022-12-02
C004791,Ekalinga,Kumer,bobalaadi@example.com,Chennai,Punjab,1990-02-12,Business,2025-08-09
C004792,Chakradev,Dhar,nsaran@example.org,Dewas,Sikkim,2006-06-03,Standard,2026-03-16
C004793,Niharika,Dutt,mshenoy@example.net,Bareilly,Assam,1946-11-09,Standard,2024-07-09
C004794,Indira,Dhar,charan87@example.net,Srikakulam,Meghalaya,1984-10-18,Premium,2024-12-15
C004795,Jyoti,Raval,,Srikakulam,Tamil Nadu,1987-02-13,Premium,2026-07-24
C004796,Sanya,Sethi,deepasethi@example.org,Vijayawada,Uttarakhand,1998-07-16,Premium,2026-06-03
C004797,Damyanti,Savant,upadhriti48@example.org,Thanjavur,Maharashtra,1964-08-31,Business,2026-01-22
C004798,Harini,Toor,nazarethekta@example.net,Danapur,Haryana,1993-02-11,Premium,2022-08-31
C004799,Anay,Mahajan,nsachdev@example.com,Fatehpur,Uttarakhand,1966-11-06,Standard,2021-09-06
C004800,Alka,Mishra,yatan89@example.org,Jamnagar,West Bengal,1980-02-02,Premium,2023-06-04
C004801,Parth,Bala,mnarayanan@example.net,Ballia,Tamil Nadu,1983-12-08,Premium,2021-11-13
C004802,Inaya,Vohra,isaacrai@example.com,Karimnagar,Nagaland,1968-10-23,Premium,2025-08-26
C004803,Yashoda,Varghese,eraj@example.com,Ambala,Gujarat,1993-08-28,Standard,2026-04-22
C004804,Imaran,Parmar,darsh35@example.net,Ramgarh,Odisha,1956-02-23,Standard,2023-06-04
C004805,Amrita,Koshy,viswanathanfalan@example.com,Dehradun,Mizoram,1995-10-26,Business,2021-09-22
C004806,Osha,Bora,rehaanviswanathan@example.com,Hindupur,Punjab,1998-05-09,Business,2023-04-21
C004807,Omisha,Gera,omkaarsarma@example.com,Bihar Sharif,Nagaland,1971-05-08,Standard,2025-09-09
C004808,Alexander,Narayanan,gdada@example.net,Patiala,Kerala,1984-01-20,Business,2022-11-05
C004809,Aayush,Ratta,daniel42@example.org,Gaya,Assam,1972-10-18,Standard,2025-01-19
C004810,Leena,Venkataraman,umajumdar@example.com,Khammam,Assam,1983-07-24,Standard,2023-09-20
C004811,Nitesh,Chanda,kashish68@example.net,Amritsar,Meghalaya,1980-08-01,Business,2024-05-28
C004812,Luke,Nagi,samasai@example.net,Bhilwara,Karnataka,1987-01-16,Business,2023-03-01
C004813,Agastya,Madan,wridesh10@example.org,Bally,Madhya Pradesh,1993-10-26,Premium,2025-07-19
C004814,Oni,Brar,masterdev@example.net,Hindupur,Telangana,1978-03-07,Standard,2021-11-16
C004815,Thomas,Bose,nbhavsar@example.com,Hajipur,Gujarat,1980-07-29,Premium,2023-10-05
C004816,Yauvani,Virk,jaidada@example.org,Udaipur,Kerala,1976-11-28,Standard,2022-05-30
C004817,Nirja,Gokhale,eiravatikibe@example.org,Srikakulam,Andhra Pradesh,1995-10-08,Business,2025-12-24
C004818,Darsh,Krish,wpandey@example.org,Ambarnath,Telangana,1972-02-09,Business,2021-10-03
C004819,Anmol,Gulati,aghosh@example.net,Phagwara,Karnataka,1995-03-28,Premium,2024-06-08
C004820,Ojas,Sharaf,widishakamdar@example.org,Sangli-Miraj & Kupwad,Goa,1953-12-17,standard,2025-03-22
C004821,Gaurang,Rau,rsane@example.org,Malda,Telangana,2006-11-18,Premium,2025-08-05
C004822,Sachi,Gala,contractorgautam@example.org,Vellore,Haryana,1952-06-15,Standard,2023-08-26
C004823,Zaitra,Bobal,dixitanjali@example.net,Hapur,Chhattisgarh,1970-05-17,Premium,2023-10-18
C004824,Megha,Tata,hrastogi@example.com,Mango,Uttarakhand,1994-01-28,Premium,2025-09-28
C004825,Anirudh,Kaur,chatreshsathe@example.org,Bhimavaram,Goa,1995-05-26,Standard,2022-02-09
C004826,Jeevika,Basak,kbalakrishnan@example.org,Chandrapur,Andhra Pradesh,1971-11-26,Standard,2022-11-13
C004827,Sanya,Parmar,lkapoor@example.net,Kolhapur,Jharkhand,1998-08-25,Business,2023-05-30
C004828,Fitan,Bala,rattibhavna@example.net,Raebareli,Telangana,2002-08-11,Premium,2022-11-17
C004829,Urmi,Nayar,kaizachariah@example.org,Burhanpur,Arunachal Pradesh,1945-12-15,Business,2025-08-15
C004830,Chaman,Bath,thamantriveni@example.com,Kolkata,Assam,1971-11-02,Premium,2025-12-29
C004831,Andrew,Thakur,dyaladweta@example.net,Tadepalligudem,Himachal Pradesh,2004-12-25,Standard,2023-06-08
C004832,Watika,Mody,bhattiamruta@example.net,Katni,Sikkim,1952-12-22,Premium,2024-08-12
C004833,Garima,Bassi,guneetgoswami@example.net,Agartala,Punjab,1966-04-27,Business,2024-09-03
C004834,Unnati,Andra,veer61@example.org,Panchkula,Bihar,1996-07-07,Premium,2022-06-04
C004835,Zayan,Dada,vivaankorpal@example.net,Dindigul,Tamil Nadu,1958-05-23,Standard,2023-02-16
C004836,Manya,Kulkarni,gayathri94@example.net,Chapra,Telangana,1977-06-16,Standard,2025-08-16
C004837,Praneel,Shroff,rushil63@example.com,Tezpur,Madhya Pradesh,1993-11-04,Business,2025-04-25
C004838,Arjun,Dash,harshratta@example.com,Nadiad,Uttarakhand,1998-04-09,Standard,2024-11-03
C004839,Champak,Mutti,hshetty@example.net,Gwalior,Haryana,1991-11-03,Premium,2023-06-15
C004840,Madhav,Sanghvi,suleyachana@example.com,Delhi,Rajasthan,1980-03-19,Business,2024-02-16
C004841,Veda,Gulati,harish79@example.net,Coimbatore,Uttar Pradesh,2004-04-24,Standard,2022-11-23
C004842,Nakul,Bassi,pmanda@example.net,Gudivada,Arunachal Pradesh,1986-02-03,Business,2023-05-01
C004843,Warinder,Chokshi,vedhika17@example.net,Siwan,Punjab,1988-05-09,Premium,2021-10-01
C004844,Chaitaly,Hayre,anjali61@example.com,Allahabad,Goa,1948-09-12,Standard,2024-03-27
C004845,Ekbal,Sami,rajadvaith@example.net,Haridwar,Telangana,1964-07-17,Business,2026-05-28
C004846,Devika,Vohra,kgarg@example.org,Nandyal,Madhya Pradesh,1960-05-05,Business,2026-02-10
C004847,Gaurav,Lad,khalsabishakha@example.net,Kozhikode,Uttar Pradesh,1980-12-24,Business,2023-02-13
C004848,Chakrika,Ganguly,mratta@example.org,Serampore,Punjab,1981-03-12,Premium,2026-07-19
C004849,Advaith,Merchant,bmani@example.org,Ahmedabad,Sikkim,1966-05-29,Premium,2025-05-08
C004850,Noah,Oza,yarora@example.net,Kakinada,Sikkim,2000-03-14,Premium,2026-05-21
C004851,Samaksh,Bail,abdul01@example.com,Alappuzha,Himachal Pradesh,1975-09-26,Business,2025-09-22
C004852,Benjamin,Bahri,orindersastry@example.org,Katni,Manipur,1954-03-02,Premium,2023-10-25
C004853,Andrew,Sharaf,onveersinha@example.com,Gurgaon,West Bengal,1983-03-30,Premium,2024-11-15
C004854,Widisha,Barad,luckyatwal@example.com,Bilaspur,Telangana,1993-07-04,Business,2022-04-28
C004855,Banjeet,Prasad,vohrashivansh@example.com,Bidar,Jharkhand,1980-01-19,Premium,2025-10-01
C004856,Chanchal,Swamy,devikarajan@example.org,Barasat,Uttarakhand,1998-10-20,Premium,2021-11-27
C004857,Harish,Halder,triveni65@example.org,Kalyan-Dombivli,Arunachal Pradesh,1960-07-29,Premium,2025-03-09
C004858,Chaaya,Nagar,zmody@example.com,Shimla,Bihar,2001-02-28,Business,2024-11-18
C004859,Yamini,Trivedi,janani55@example.org,Ratlam,Gujarat,1970-09-30,Standard,2022-11-11
C004860,Vedhika,Malhotra,ekantikaborra@example.net,Nagaon,Arunachal Pradesh,1980-05-20,Business,2025-07-30
C004861,Advika,Issac,batraojasvi@example.org,Aurangabad,Meghalaya,1970-10-30,Premium,2025-04-28
C004862,Aditya,Choudhary,nidra42@example.com,Chittoor,Karnataka,1947-10-14,Business,2024-08-05
C004863,Tripti,Parmer,lsarin@example.org,Bokaro,Chhattisgarh,1975-11-06,Business,2026-03-25
C004864,Wyatt,Mutti,ichadha@example.net,Tadepalligudem,Karnataka,1975-12-24,Premium,2025-01-22
C004865,Anita,Pal,npadmanabhan@example.net,Bardhaman,West Bengal,1970-05-11,Business,2021-10-02
C004866,Dhriti,Bava,eeshakrishnan@example.net,Junagadh,Tamil Nadu,1947-06-07,Business,2025-06-28
C004867,Ubika,Atwal,hbanik@example.org,Vadodara,Punjab,1949-06-18,Premium,2025-04-12
C004868,Dipta,Parmar,trivenibanerjee@example.org,Bhiwani,Nagaland,2002-10-27,Premium,2023-12-10
C004869,Devansh,Merchant,mananbose@example.net,Kolkata,Madhya Pradesh,1993-09-21,Business,2023-02-03
C004870,Praneel,Mani,kavya35@example.com,Dindigul,Meghalaya,1981-09-09,Standard,2022-01-25
C004871,Osha,Kade,jalsasharma@example.org,Tadepalligudem,Meghalaya,1985-05-08,Business,2024-11-09
C004872,Tanish,Bera,kashish92@example.net,Rajahmundry,Odisha,1969-06-24,Standard,2025-07-17
C004873,Nisha,Sathe,wkarpe@example.com,Gorakhpur,Meghalaya,1984-03-27,Premium,2023-12-15
C004874,Charan,Lanka,chahaldamini@example.org,Chinsurah,Mizoram,1968-12-22,Business,2023-05-14
C004875,Veda,Bahl,amaira20@example.com,Surendranagar Dudhrej,Haryana,1971-08-08,Business,2024-02-23
C004876,Lila,Nagar,frederickdubey@example.org,Tiruvottiyur,Meghalaya,1986-01-23,Business,2022-08-22
C004877,Anamika,Shah,oommenamrita@example.com,Miryalaguda,Andhra Pradesh,1987-05-24,Business,2022-11-21
C004878,Aahana,Goel,yashica22@example.org,Muzaffarnagar,Chhattisgarh,2002-02-26,Business,2022-07-21
C004879,Bhavika,Shukla,omisha96@example.org,Karawal Nagar,Tripura,1971-11-14,Business,2022-02-12
C004880,Gaurav,Dhar,jkashyap@example.net,Patiala,Madhya Pradesh,1973-05-16,Premium,2024-08-23
C004881,Frederick,Baria,luke86@example.org,Mysore,Bihar,1984-07-09,Standard,2025-09-22
C004882,Varsha,Vig,faras52@example.com,Korba,Gujarat,1970-04-29,Premium,2023-03-03
C004883,Christopher,Bawa,henrydhingra@example.com,Bangalore,Punjab,1979-09-21,Premium,2023-08-02
C004884,Niharika,Gole,sanya31@example.org,Solapur,Mizoram,1978-08-17,Business,2025-08-13
C004885,Omya,Mall,jonathan07@example.com,Tirunelveli,Uttar Pradesh,1963-01-07,Premium,2023-04-07
C004886,Zarna,Sibal,nbhardwaj@example.com,Miryalaguda,Andhra Pradesh,1979-09-03,Premium,2024-05-22
C004887,Charles,Lad,fpal@example.net,Nandyal,Uttarakhand,1946-01-25,Premium,2022-08-15
C004888,Zehaan,Thakur,fbadal@example.com,Sirsa,Maharashtra,1958-09-14,Standard,2025-06-04
C004889,Ekaja,Sant,hritikpau@example.org,Pondicherry,Tamil Nadu,1951-12-23,Standard,2025-05-28
C004890,Anay,Bava,madhavsrinivasan@example.org,Siliguri,Bihar,1961-02-14,Premium,2025-05-01
C004891,Gautam,Bera,sara92@example.org,Gandhinagar,Chhattisgarh,1992-11-08,Premium,2023-04-02
C004892,Megha,Natarajan,qbalasubramanian@example.net,Darbhanga,Odisha,1946-11-24,Standard,2025-12-13
C004893,Panini,Tara,kdash@example.net,Mangalore,Gujarat,1946-02-04,Premium,2024-09-24
C004894,Gopal,Krishnamurthy,osha92@example.com,Dindigul,Jharkhand,2000-08-27,Standard,2023-04-23
C004895,Nisha,Lata,bnagi@example.net,Vasai-Virar,Uttar Pradesh,1946-01-24,Business,2023-02-18
C004896,Fitan,Sura,lgade@example.org,Gandhidham,Gujarat,1991-03-06,Standard,2025-04-29
C004897,Damyanti,Dey,bhattilakshit@example.org,Jamshedpur,Mizoram,1999-05-09,Standard,2022-09-20
C004898,Balveer,Sarkar,amruta97@example.net,North Dumdum,Uttar Pradesh,1948-10-22,Business,2023-09-28
C004899,Rayaan,Thakkar,pchar@example.org,Katihar,Kerala,1980-02-11,Premium,2022-10-13
C004900,Samarth,Batra,wadhwapavani@example.net,Vellore,Jharkhand,1974-10-25,Standard,2026-07-17
C004901,Nikita,Tandon,aryan93@example.net,Dhanbad,Assam,1966-04-14,Standard,2024-11-25
C004902,Pushti,Divan,dassalexander@example.org,Motihari,Assam,1961-06-19,Standard,2023-10-17
C004903,Harsh,Parmer,kiaan87@example.org,Bijapur,Goa,1978-11-05,Premium,2024-06-18
C004904,Luke,Oza,abhachahal@example.com,Imphal,Mizoram,2003-10-05,Business,2021-12-29
C004905,Nandini,Khare,gollawarjas@example.net,Gudivada,Mizoram,1963-09-07,Premium,2022-10-29
C004906,Yagnesh,Wadhwa,turvilad@example.org,Siwan,Nagaland,1973-05-29,Premium,2026-02-22
C004907,Wridesh,Kothari,toorsneha@example.org,Thane,Kerala,1959-06-12,Standard,2024-06-22
C004908,Neha,Ramesh,anikabakshi@example.net,Miryalaguda,Tamil Nadu,1976-10-25,Business,2023-02-06
C004909,Abdul,Nanda,,Surat,Karnataka,2004-08-14,Business,2025-12-30
C004910,Upasna,Loke,gavindube@example.org,Amritsar,Jharkhand,1970-12-02,Business,2023-01-25
C004911,Shivansh,Iyer,rohan85@example.org,Kolkata,Telangana,1961-04-11,Premium,2024-04-05
C004912,Guneet,Ganguly,tanish29@example.org,Kota,Andhra Pradesh,1998-12-29,Premium,2022-06-07
C004913,Forum,Ramaswamy,tanmayisastry@example.com,Jaunpur,Uttarakhand,1959-08-22,Premium,2026-03-06
C004914,Oni,Tella,ukar@example.com,Guna,Nagaland,1977-08-31,Premium,2023-01-25
C004915,Yasti,Mangal,muttichavvi@example.com,Bardhaman,Jharkhand,1959-04-26,Business,2026-02-08
C004916,Janaki,Palan,walikrishna@example.org,Kavali,Meghalaya,1947-05-12,Standard,2024-09-11
C004917,Aditya,Randhawa,chawlawidisha@example.org,Kakinada,Jharkhand,2003-11-03,Standard,2026-04-13
C004918,Nachiket,Zachariah,arjunthaman@example.org,Saharanpur,Bihar,1972-01-24,Standard,2023-04-07
C004919,Reyansh,Goswami,gayathrinigam@example.net,Panihati,Uttar Pradesh,1960-10-15,Business,2025-09-30
C004920,Teerth,Deshmukh,rmand@example.com,Ahmedabad,Mizoram,1956-05-14,Business,2023-11-15
C004921,Dipta,Agrawal,amittal@example.com,Pallavaram,Mizoram,1993-06-03,Premium,2022-11-21
C004922,Gabriel,Sangha,ssodhi@example.net,Gudivada,Goa,1994-05-07,Standard,2025-01-16
C004923,Chaaya,Bhalla,janiveer@example.net,Bettiah,Mizoram,1976-12-16,Business,2022-01-03
C004924,Nirja,Prabhakar,kalpitgola@example.org,Raipur,Arunachal Pradesh,1979-11-07,Premium,2023-11-23
C004925,Jagat,Brar,walipahal@example.com,Pudukkottai,Madhya Pradesh,1955-11-03,Standard,2023-05-10
C004926,Fiyaz,Sachdev,finn20@example.org,Sagar,Goa,1971-04-18,Standard,2024-10-02
C004927,Zarna,Kohli,jnadig@example.net,Ulhasnagar,Uttar Pradesh,1963-11-04,Premium,2026-05-22
C004928,Mahika,Om,krishna73@example.net,Hyderabad,Chhattisgarh,1971-05-31,Standard,2021-11-04
C004929,Frederick,Chand,groverdhriti@example.org,Kanpur,Madhya Pradesh,1987-10-01,Standard,2022-12-14
C004930,Oliver,Bajaj,warjastaneja@example.net,Uluberia,Haryana,1956-01-14,Business,2026-04-28
C004931,Gayathri,Mohan,indali72@example.com,Thrissur,Nagaland,1983-02-25,Premium,2022-10-06
C004932,Laban,Seth,ekalingabatta@example.com,Belgaum,Chhattisgarh,1956-05-06,Premium,2022-08-16
C004933,Amrita,Gill,vedikamand@example.net,Asansol,Sikkim,1968-07-04,Premium,2023-11-13
C004934,Anirudh,Mane,eramaswamy@example.org,Pune,Tamil Nadu,1994-06-29,Premium,2024-01-25
C004935,Darsh,Shanker,shivanshdave@example.net,Bulandshahr,Tamil Nadu,1957-02-12,Premium,2023-07-13
C004936,Mohammed,Brahmbhatt,umalhotra@example.net,Eluru,Goa,1980-03-20,Business,2023-12-16
C004937,Lila,Sem,varsha50@example.net,Morbi,West Bengal,1964-03-10,Standard,2024-01-09
C004938,Christopher,Srinivas,yauvani69@example.org,Kharagpur,Rajasthan,1954-07-07,Standard,2026-05-16
C004939,Oliver,Nadkarni,tanejacharles@example.org,Tadepalligudem,Andhra Pradesh,1994-01-23,Premium,2024-09-02
C004940,Manan,Gara,ati36@example.net,Kolkata,Telangana,1946-10-01,Premium,2026-04-28
C004941,Umang,Rau,oscarbawa@example.com,Bulandshahr,Chhattisgarh,1977-08-08,Business,2024-01-31
C004942,Anika,Karnik,okanda@example.net,Tumkur,Rajasthan,1976-04-21,Premium,2023-04-13
C004943,Vedant,Lad,karanarora@example.com,Tenali,Bihar,1964-06-23,Business,2024-07-06
C004944,Girish,Ganesh,shuklayachana@example.com,Malda,Kerala,1972-02-16,Business,2025-08-16
C004945,Isaac,Prabhu,sarnakrishna@example.org,Kirari Suleman Nagar,Sikkim,1995-01-17,Premium,2024-12-15
C004946,Rajata,Iyengar,soodmaya@example.com,Warangal,Manipur,1954-07-08,Standard,2023-03-24
C004947,Falguni,Wable,niharika11@example.com,Gurgaon,Mizoram,1959-02-04,Premium,2022-10-28
C004948,Ayush,Sachar,gsur@example.org,Chandigarh,Uttarakhand,1977-12-05,standard,2025-04-04
C004949,Anamika,Dash,omya62@example.org,Agartala,Madhya Pradesh,1959-05-13,Premium,2024-04-18
C004950,Januja,Sarna,sahajanaki@example.net,Saharsa,Jharkhand,2001-12-13,standard,2022-07-16
C004951,Ekaraj,Boase,nbhatnagar@example.org,Barasat,Maharashtra,1978-04-10,Premium,2025-09-11
C004952,Naveen,Sathe,fsanghvi@example.com,Pudukkottai,Haryana,2006-12-29,Standard,2024-03-16
C004953,Dayamai,Choudhury,eesha77@example.net,Lucknow,Sikkim,1975-04-27,Business,2023-12-16
C004954,Anay,Verma,slad@example.org,Farrukhabad,Manipur,1954-06-23,Standard,2024-01-27
C004955,Charvi,Kari,udayal@example.com,Machilipatnam,Uttar Pradesh,1958-09-10,Business,2022-02-16
C004956,Darsh,Kota,mraju@example.com,Nanded,Manipur,2007-08-25,Premium,2023-10-22
C004957,Harini,Chatterjee,dattatheodore@example.org,Panihati,Karnataka,1948-07-16,Business,2021-09-09
C004958,Pushti,Sane,qmalhotra@example.org,Guna,Mizoram,1946-08-12,Premium,2023-10-11
C004959,Jai,Dewan,panini49@example.com,Tiruppur,Tamil Nadu,1962-08-10,Standard,2022-12-07
C004960,Panini,Khurana,yogivaishnavi@example.com,Loni,Meghalaya,2003-05-14,Business,2025-04-19
C004961,Ranbir,Yogi,parthmohan@example.com,Bhilwara,Uttarakhand,2008-06-09,Business,2025-03-24
C004962,Maanav,Dave,,Cuttack,Arunachal Pradesh,1968-07-27,Business,2023-08-22
C004963,Widisha,Borde,karanprabhakar@example.org,Proddatur,Tripura,1965-06-14,Standard,2025-07-30
C004964,Ishanvi,Pandya,glalla@example.org,Kollam,Gujarat,1991-01-05,Premium,2022-06-13
C004965,Max,Dube,lakshitganesh@example.com,Anantapur,West Bengal,1980-07-11,Business,2025-03-28
C004966,Bachittar,Bal,nadkarniucchal@example.net,Durg,Tamil Nadu,1999-07-02,Standard,2025-12-07
C004967,Abdul,Malhotra,tatareyansh@example.org,Gurgaon,Madhya Pradesh,2004-04-29,Business,2025-02-06
C004968,Qushi,Subramanian,vkuruvilla@example.org,Surat,Andhra Pradesh,2001-09-17,Premium,2023-08-22
C004969,Oscar,Behl,thakkarfinn@example.com,Thrissur,Tamil Nadu,1972-07-24,Standard,2023-06-01
C004970,Eta,Keer,csachar@example.com,Jehanabad,Assam,1958-07-04,Business,2026-07-17
C004971,Ekantika,Dhawan,sekhonurmi@example.net,Chapra,Uttar Pradesh,1980-09-28,Standard,2021-09-13
C004972,Anjali,Loke,duttaimaran@example.net,Khora ,Uttarakhand,1985-03-31,Premium,2022-01-04
C004973,Samaksh,Baria,sthaker@example.org,Jammu,West Bengal,1993-06-29,Standard,2025-11-08
C004974,Nicholas,Ahuja,qnath@example.net,Chapra,Andhra Pradesh,1949-11-19,Premium,2024-02-11
C004975,Arya,Som,wmital@example.org,Hubli–Dharwad,Telangana,2006-02-25,Premium,2023-07-12
C004976,Isha,Solanki,prisha57@example.net,Kalyan-Dombivli,Jharkhand,2003-07-08,Business,2022-04-02
C004977,Laksh,Narayan,edhitha06@example.org,Narasaraopet,Manipur,1978-08-13,Business,2021-11-30
C004978,Parth,Chana,hardiknarang@example.com,Ujjain,Haryana,1989-03-13,Business,2023-04-12
C004979,Mugdha,Dara,prashadjack@example.org,Mirzapur,Manipur,1994-01-12,Premium,2024-08-29
C004980,Aayush,Chad,jeevikajhaveri@example.org,Guntur,Manipur,1959-08-26,Business,2023-06-24
C004981,Meghana,Butala,yauvani29@example.org,Mirzapur,Assam,1961-05-24,Business,2025-09-05
C004982,Bhavini,Kade,bhatiaayushman@example.com,Kumbakonam,Jharkhand,2007-07-22,Standard,2023-01-29
C004983,Rudra,Jain,ayaanshanker@example.net,Bhubaneswar,Rajasthan,1975-08-05,Standard,2021-12-16
C004984,Chandran,Loke,qlalla@example.com,Mango,Rajasthan,1978-06-18,Standard,2022-10-04
C004985,Luke,Rege,oeshi90@example.org,Kavali,Odisha,2005-02-26,Standard,2025-01-09
C004986,Nathaniel,Hans,zpandit@example.org,Chinsurah,Meghalaya,2002-08-11,Business,2022-07-26
C004987,Nathaniel,Vig,omya04@example.org,Bhilai,Bihar,1998-12-03,Standard,2025-09-08
C004988,Avni,Zacharia,chandakavya@example.com,Kochi,Madhya Pradesh,1962-11-02,Business,2026-04-18
C004989,Anay,Butala,tkapadia@example.net,Ambarnath,Punjab,1964-04-01,Premium,2024-11-12
C004990,Tanmayi,Dua,dipta68@example.net,Jehanabad,Uttar Pradesh,1951-05-28,Business,2024-05-16
C004991,Nisha,Mittal,,Gaya,Mizoram,1950-01-16,Business,2022-02-12
C004992,Xiti,Chada,morarbhavika@example.com,Tiruppur,Uttarakhand,1948-07-13,Premium,2024-09-30
C004993,Nirja,Sami,raghav13@example.com,Kottayam,Goa,1985-03-22,Premium,2024-05-26
C004994,Damyanti,Palla,lalvinaya@example.org,Asansol,Odisha,1998-05-23,business,2023-01-04
C004995,Abhiram,Vala,fitanmangat@example.org,Tinsukia,Andhra Pradesh,2007-05-25,Business,2024-12-19
C004996,Gabriel,Tiwari,jayaramanbhavani@example.com,Nagpur,Arunachal Pradesh,1958-09-04,Standard,2024-08-30
C004997,Girik,Khatri,yuvrajchatterjee@example.net,Asansol,Jharkhand,1982-01-07,Premium,2023-04-23
C004998,Patrick,Soman,zjain@example.org,Raiganj,Telangana,1995-02-14,Standard,2026-02-18
C004999,Charan,Dugar,aarush68@example.net,Thoothukudi,Karnataka,1972-06-01,Premium,2022-05-13
C005000,Idika,Gopal,dipta54@example.com,Khora ,Maharashtra,1975-09-07,Standard,2024-05-30
C005001,Nitesh,Mukhopadhyay,garavaishnavi@example.net,Kochi,Goa,1978-09-29,Business,2022-12-01
C005002,Vihaan,Sachdeva,guneetdubey@example.org,New Delhi,Arunachal Pradesh,2006-09-21,Business,2026-06-19
C005003,Ishita,Jain,radha12@example.com,Delhi,Uttarakhand,1984-08-02,Premium,2026-06-22
C005004,Ira,Bhagat,ddhillon@example.com,Chandigarh,Arunachal Pradesh,1965-05-05,Premium,2021-08-09
C005005,Aishani,Rastogi,inayaluthra@example.com,Bhiwani,Jharkhand,1952-01-14,Standard,2025-09-20
C005006,Janaki,Reddy,pauhardik@example.com,Unnao,Gujarat,2004-07-10,Standard,2025-10-21
C005007,Chaitanya,Srivastava,chokshiharita@example.org,Bahraich,Meghalaya,1976-04-14,Business,2024-08-12
C005008,Dakshesh,Shenoy,menonyachana@example.org,Pimpri-Chinchwad,Kerala,1998-01-26,Standard,2024-04-14
C005009,Bhavika,Chaudhry,hariniborde@example.org,Ambala,Odisha,2005-03-12,Standard,2026-07-28
C005010,Adweta,Rau,sulegunbir@example.org,Bellary,Mizoram,1948-11-06,Business,2025-01-04
C005011,Omkaar,Seth,janujamane@example.org,Sonipat,Arunachal Pradesh,2000-05-12,Premium,2025-12-21
C005012,Sanya,Tella,nilima86@example.net,Thoothukudi,Manipur,1974-02-26,Business,2023-06-17
C005013,Bhanumati,Varghese,amararatti@example.net,Dehradun,Gujarat,1953-03-19,Premium,2025-04-15
C005014,Qadim,Kata,frederickkaur@example.com,Dewas,Madhya Pradesh,1954-10-16,Standard,2026-07-04
C005015,Max,Goyal,hpadmanabhan@example.org,Shahjahanpur,Assam,1979-11-06,Standard,2023-01-04
C005016,Dominic,Yohannan,udant33@example.net,Satara,Karnataka,1982-08-23,Business,2022-09-21
C005017,Shravya,Dixit,lopaseshadri@example.org,Bardhaman,Kerala,2000-09-09,Standard,2023-07-18
C005018,Zayyan,Nagy,eroy@example.com,Howrah,Andhra Pradesh,2005-01-25,Standard,2023-02-23
C005019,Rishi,Sodhi,pooja25@example.net,New Delhi,Sikkim,2007-09-17,Premium,2023-09-11
C005020,Shaurya,Jani,yseth@example.com,Varanasi,Goa,2007-06-15,Business,2022-12-29
C005021,Tejas,Goda,xmadan@example.com,Tadepalligudem,Manipur,1999-10-15,Standard,2024-07-15
C005022,Harish,Patla,hmemon@example.com,Guwahati,Rajasthan,1981-10-16,Business,2026-03-09
C005023,Vivaan,Prashad,owencherian@example.org,Karnal,Goa,1988-01-22,Business,2023-05-12
C005024,Nidhi,Kala,ekanta02@example.net,Suryapet,Punjab,1949-06-16,Business,2021-08-14
C005025,Bakhshi,Raj,karacharles@example.net,Lucknow,Arunachal Pradesh,1962-10-27,Standard,2024-10-14
C005026,Samaksh,Raman,vasanamody@example.org,Kishanganj,Gujarat,2004-01-03,Standard,2026-02-06
C005027,Samesh,Gulati,goyaldevansh@example.net,Bardhaman,Rajasthan,1955-02-25,Standard,2022-11-16
C005028,Dalbir,Varkey,kundayatan@example.com,Malda,Odisha,2002-01-11,Standard,2023-05-09
C005029,Januja,Gade,yadavi70@example.com,Kumbakonam,Rajasthan,2002-03-26,Premium,2021-11-08
C005030,Kiaan,Luthra,bmurthy@example.net,Jaipur,Meghalaya,1961-01-09,Standard,2023-03-26
C005031,Yutika,Amble,paikala@example.org,Bathinda,Karnataka,1948-06-11,Business,2026-04-10
C005032,Liam,Tank,lakshmanne@example.com,Salem,Andhra Pradesh,1973-01-02,Business,2024-06-10
C005033,Ucchal,Atwal,ethan80@example.org,Phagwara,Chhattisgarh,1986-01-28,Business,2025-12-03
C005034,Samuel,Venkatesh,eramakrishnan@example.net,Srinagar,Punjab,1989-05-12,Premium,2023-01-10
C005035,Turvi,Amble,tripathirachit@example.net,Singrauli,Uttar Pradesh,1956-05-05,Standard,2022-06-02
C005036,Jeremiah,Chad,hemanirau@example.org,Anantapuram,Haryana,1973-05-20,Business,2024-03-06
C005037,Januja,Dey,saxenaabhiram@example.org,Hosur,Assam,1948-02-02,Premium,2026-03-14
C005038,Chanchal,Manne,shettydominic@example.org,Machilipatnam,Tripura,1993-04-09,Business,2023-03-06
C005039,Varenya,Karan,ihegde@example.com,Jamnagar,Haryana,1994-08-27,Premium,2025-04-24
C005040,Isaac,Tella,vasatika08@example.org,Alappuzha,Madhya Pradesh,1984-11-16,Premium,2021-10-20
C005041,Ladli,Aurora,dalajalad@example.net,Unnao,Chhattisgarh,1946-05-23,Premium,2023-09-09
C005042,Ranbir,Hayer,wyatt50@example.org,Khammam,Telangana,1989-08-07,Standard,2026-03-23
C005043,Varsha,Rattan,adevi@example.com,Muzaffarnagar,Nagaland,1951-03-27,Premium,2024-04-16
C005044,Raksha,Nayar,zdhar@example.com,Jalna,Tripura,1949-05-28,Business,2021-09-17
C005045,Odika,Padmanabhan,cherianmanthan@example.org,Madhyamgram,Tamil Nadu,1996-05-13,Business,2026-03-01
C005046,Tarak,Toor,naidurobert@example.com,Dibrugarh,Manipur,1968-02-13,Premium,2022-05-12
C005047,Azaan,Sharma,aryanloke@example.com,Mahbubnagar,Tamil Nadu,1984-02-02,Premium,2024-03-26
C005048,Maanav,Sabharwal,vigbaghyawati@example.net,Aurangabad,West Bengal,1959-06-01,Business,2021-08-12
C005049,Abhimanyu,Dalal,christopher75@example.net,Raichur,Chhattisgarh,1980-12-15,Premium,2023-10-31
C005050,Wazir,Krishna,amolkhalsa@example.com,Alappuzha,Meghalaya,1979-03-16,Business,2021-11-10
C005051,Christopher,Mandal,anviviswanathan@example.net,Farrukhabad,Maharashtra,1993-05-25,Premium,2025-04-16
C005052,Jason,Anne,quincydeol@example.org,Cuttack,Tamil Nadu,1974-04-02,Premium,2023-03-22
C005053,Vasudha,Sem,thakkarijaya@example.net,Kamarhati,Himachal Pradesh,1994-08-12,Business,2026-05-17
C005054,Lakshmi,Sarna,kannangirik@example.org,Tadepalligudem,Haryana,1995-09-29,Standard,2025-02-12
C005055,Yashodhara,Munshi,tagarwal@example.net,Sirsa,Tamil Nadu,1956-04-29,Standard,2023-06-13
C005056,Shivansh,Sampath,pganesan@example.com,Kavali,Uttarakhand,1957-10-19,Premium,2022-12-25
C005057,Ekaraj,Patla,girish60@example.com,Muzaffarpur,Telangana,2005-09-16,Premium,2025-04-04
C005058,Ekiya,Char,janizayan@example.com,Kolhapur,Tamil Nadu,1981-03-16,Premium,2022-07-24
C005059,Joshua,Om,chawlaomya@example.net,Pali,Mizoram,1965-11-24,Standard,2022-07-20
C005060,Yauvani,Dasgupta,ekantakrish@example.net,Kozhikode,Bihar,1947-04-01,Premium,2025-07-19
C005061,Luke,Sahota,maanavjoshi@example.net,Bhatpara,Punjab,2005-04-20,Standard,2022-05-25
C005062,Varenya,Mistry,krishchandra@example.com,Udupi,Assam,1985-06-17,Premium,2022-06-22
C005063,Nilima,Samra,harishbali@example.com,Vijayanagaram,Chhattisgarh,1980-07-16,Business,2025-12-23
C005064,Ayush,Dayal,nagisarthak@example.com,Hubli–Dharwad,Haryana,1964-02-17,Standard,2026-07-06
C005065,Harinakshi,Pai,dmanne@example.net,Nandyal,Uttar Pradesh,2005-03-06,Standard,2021-11-15
C005066,Jhalak,Rajagopal,darpan01@example.org,Gwalior,Assam,1957-07-29,Premium,2025-12-23
C005067,Janya,Parsa,zashilsarraf@example.com,Akola,Uttarakhand,1993-02-14,Standard,2026-01-26
C005068,Jagvi,Upadhyay,pallatriya@example.org,Jalna,Chhattisgarh,1978-11-12,Standard,2026-03-13
C005069,Alka,Prashad,sara54@example.org,Jalgaon,Manipur,1960-04-19,Business,2024-10-23
C005070,Eta,Lall,gunbir49@example.net,Bhopal,Meghalaya,2005-12-04,Standard,2022-10-03
C005071,Oeshi,Deo,framanathan@example.net,Nandyal,Himachal Pradesh,1986-01-15,Business,2022-11-01
C005072,Veer,Walia,iborde@example.com,Miryalaguda,Assam,1966-11-14,Business,2021-08-12
C005073,Tripti,Mohan,etaloyal@example.com,Silchar,Meghalaya,1948-08-21,Standard,2024-08-09
C005074,Ikbal,Bir,lavanya37@example.net,Ajmer,Meghalaya,1994-11-17,Premium,2024-03-05
C005075,Ucchal,Dutta,jsharaf@example.org,Bareilly,Goa,1962-03-11,Standard,2024-05-18
C005076,Lohit,Goel,nimrat94@example.net,Meerut,West Bengal,1959-11-10,Business,2024-11-02
C005077,Yashodhara,Pall,lipikamanne@example.com,Raipur,Gujarat,1981-03-23,Standard,2022-07-17
C005078,Hitesh,Bahl,surireyansh@example.com,Jehanabad,Telangana,1976-08-28,Standard,2026-02-20
C005079,Irya,Korpal,tristan13@example.net,Delhi,Uttar Pradesh,1999-02-26,Premium,2025-06-07
C005080,Aayush,Narula,modylucky@example.org,Unnao,West Bengal,1993-10-08,Standard,2022-05-23
C005081,Radha,Iyengar,lakshmi17@example.com,Tinsukia,Bihar,1959-09-02,Premium,2022-09-10
C005082,Oviya,Bajwa,zashil55@example.org,Gopalpur,Chhattisgarh,1986-12-06,Premium,2022-01-07
C005083,Oscar,Bhargava,rmane@example.net,Panchkula,Rajasthan,1960-05-06,Premium,2025-02-25
C005084,Sarthak,Choudhry,sodhilakshmi@example.org,Ludhiana,Nagaland,1945-09-29,Standard,2022-06-14
C005085,Tanvi,Amble,doctoryasti@example.net,Chittoor,Sikkim,1948-04-07,Premium,2023-05-04
C005086,Brinda,Karpe,butalasai@example.com,Kurnool,West Bengal,1948-12-01,Business,2022-10-10
C005087,Patrick,Dani,choudharykalpit@example.com,Tezpur,Andhra Pradesh,1963-09-22,Standard,2021-11-15
C005088,Yoshita,Dora,chokshiguneet@example.com,Barasat,Uttarakhand,1987-03-11,Standard,2025-12-12
C005089,Wishi,Sampath,golemanan@example.net,Nagaon,Haryana,1964-11-07,Standard,2022-12-14
C005090,Zaid,Padmanabhan,ranveer03@example.net,Sirsa,Jharkhand,1953-01-02,Standard,2022-06-02
C005091,Praneel,Dayal,luckyghosh@example.org,Meerut,Maharashtra,1967-07-28,Premium,2025-05-08
C005092,Falak,Bali,ypathak@example.com,Kurnool,Himachal Pradesh,1946-06-12,Standard,2022-11-07
C005093,Sanaya,Sathe,saanvi02@example.org,Jabalpur,Gujarat,1996-08-16,Standard,2021-12-04
C005094,Samuel,Raja,vamakshisur@example.org,Bidhannagar,Bihar,1946-08-08,Business,2023-01-22
C005095,Gunbir,Bhatia,girik92@example.com,Arrah,Tripura,1965-08-12,Standard,2024-11-05
C005096,Girish,Bhatti,rsarin@example.com,Raiganj,Chhattisgarh,1969-03-14,Standard,2024-06-01
C005097,Robert,Shroff,tamanna11@example.org,Chittoor,Meghalaya,1978-06-01,Business,2024-08-19
C005098,Yauvani,Bhagat,haritapandya@example.net,Kumbakonam,Karnataka,1961-05-06,Business,2025-01-16
C005099,Prisha,Ganesan,harrison80@example.com,Bihar Sharif,Meghalaya,1984-11-07,Premium,2026-02-20
C005100,Forum,Sane,gganesan@example.com,Karaikudi,Tripura,1971-08-11,Standard,2022-02-02
C005101,Rajata,Loyal,bperi@example.net,Muzaffarpur,Assam,1961-10-31,Standard,2021-12-16
C005102,Umang,Chokshi,obadal@example.com,Guntakal,Rajasthan,1982-01-08,Standard,2022-11-06
C005103,Urvi,Pall,dominic17@example.org,Navi Mumbai,Nagaland,1947-12-11,Business,2021-11-13
C005104,Urishilla,Dubey,duaishani@example.org,Sonipat,Arunachal Pradesh,1959-11-29,Standard,2024-03-25
C005105,Advay,Srivastava,rchandra@example.net,Sonipat,Manipur,1976-01-08,Premium,2025-02-13
C005106,Kabir,Sen,mgolla@example.org,Firozabad,Karnataka,1989-03-21,Business,2021-08-30
C005107,Chameli,Sarin,vaishnavi05@example.com,Bidar,Manipur,1955-07-12,Premium,2023-02-14
C005108,Ekansh,Shukla,uwagle@example.org,Katni,Gujarat,1992-08-27,Premium,2021-09-15
C005109,Arya,Guha,xiti62@example.net,Pudukkottai,Arunachal Pradesh,1995-02-03,Business,2024-09-28
C005110,Yash,Dua,yashasvi69@example.org,Ghaziabad,Punjab,1981-11-19,Premium,2025-12-22
C005111,Abhiram,Tailor,pallvivaan@example.com,Delhi,West Bengal,1976-10-24,Business,2025-05-13
C005112,Anay,Keer,rattabrijesh@example.com,Loni,Nagaland,1953-02-07,Premium,2022-04-06
C005113,Ayush,Palan,urvashideshpande@example.net,Guwahati,Meghalaya,1967-12-26,Premium,2023-07-10
C005114,Shravya,Thakur,chavvi34@example.org,Sri Ganganagar,Karnataka,1950-04-28,Business,2023-05-15
C005115,Amaira,Raju,hardikmangat@example.org,Patna,Manipur,1979-08-09,Business,2025-03-01
C005116,Ojasvi,Bora,sethtanveer@example.org,Mathura,Odisha,1996-11-05,Business,2023-02-24
C005117,Aarnav,Hayre,vigtriya@example.com,Nagpur,Jharkhand,1952-01-05,Premium,2022-11-25
C005118,Dayamai,De,warinderbora@example.org,Hindupur,Sikkim,1993-09-20,Premium,2025-06-08
C005119,Gautam,Kannan,sathviksule@example.com,Bareilly,Jharkhand,1946-07-04,Premium,2025-04-21
C005120,Daksh,Dass,duttaneel@example.net,Hapur,Arunachal Pradesh,1987-04-13,Premium,2024-05-28
C005121,Ekalinga,Dayal,yachana69@example.org,Satna,Uttarakhand,1948-05-07,Premium,2025-03-26
C005122,Yadavi,Kalla,chaayabhavsar@example.com,Yamunanagar,Himachal Pradesh,1960-06-19,Premium,2025-04-20
C005123,Nitesh,Bahri,lajitaiyengar@example.org,Katni,West Bengal,1968-09-06,Premium,2023-04-03
C005124,Anya,Dora,keerlavanya@example.net,Mumbai,Goa,1962-01-14,Business,2021-10-31
C005125,Rushil,Prakash,sodhisanya@example.com,Narasaraopet,Andhra Pradesh,1965-04-12,Business,2025-12-23
C005126,Lila,Chakrabarti,umang16@example.com,Pune,Nagaland,1961-01-15,Business,2021-09-02
C005127,Ekiya,Taneja,zayyankapadia@example.com,Sirsa,Uttar Pradesh,1989-11-18,Premium,2023-03-20
C005128,Abhimanyu,Shah,mitalisawhney@example.net,Tezpur,Tamil Nadu,2004-02-20,Premium,2022-09-07
C005129,Udant,Parekh,ekapadparmer@example.org,Madhyamgram,Rajasthan,1957-03-18,Business,2023-08-15
C005130,Adweta,Dubey,xramaswamy@example.com,Kumbakonam,Gujarat,2000-02-05,Standard,2024-05-11
C005131,Nitesh,Sangha,ekaniloke@example.com,Aizawl,Rajasthan,2005-02-21,Standard,2021-08-09
C005132,George,Reddy,rohan47@example.com,Yamunanagar,Punjab,1991-08-31,Business,2026-07-15
C005133,Rajata,Nath,vohralekha@example.net,Jehanabad,Sikkim,1995-08-30,Standard,2024-04-26
C005134,Udarsh,Hora,gkumer@example.net,Bidhannagar,Himachal Pradesh,2002-09-18,Premium,2024-04-01
C005135,Warhi,Shere,magarwal@example.org,Bhagalpur,Meghalaya,2008-03-28,Business,2026-07-24
C005136,Idika,Chada,ethan91@example.com,Ahmedabad,Arunachal Pradesh,1975-02-23,Premium,2024-10-27
C005137,Balendra,Bumb,dalajanagarajan@example.org,Shahjahanpur,Punjab,1992-10-04,Premium,2024-10-17
C005138,Chatresh,Andra,edhitha17@example.net,Bettiah,Maharashtra,1984-02-10,Standard,2025-09-16
C005139,Omkaar,Kashyap,miteshkarnik@example.org,Satna,Sikkim,2000-04-12,Standard,2022-05-12
C005140,Abhimanyu,Parsa,suhani43@example.com,Amritsar,Nagaland,1968-01-10,Premium,2024-09-06
C005141,Sara,Shukla,lekha90@example.net,Hapur,Tamil Nadu,1963-04-28,Business,2022-11-27
C005142,Adweta,Suresh,lprakash@example.org,Morbi,West Bengal,1984-04-21,Business,2025-12-02
C005143,Odika,Ratti,fkarpe@example.net,Bikaner,Haryana,2002-07-09,Premium,2022-07-24
C005144,Janya,Savant,dugarhemang@example.net,Sambhal,Madhya Pradesh,1996-02-14,Business,2023-12-18
C005145,Saanvi,Gour,thakursai@example.org,Kurnool,Kerala,1955-08-02,Premium,2021-11-21
C005146,Ronith,Srivastava,qsuri@example.com,Aurangabad,Uttar Pradesh,1968-03-17,Business,2025-05-07
C005147,Sneha,Pandit,obandi@example.com,Gandhidham,Bihar,1952-06-21,Standard,2025-10-27
C005148,Abdul,Sodhi,nagarajanubika@example.net,Ranchi,Assam,1995-09-23,Business,2026-04-08
C005149,Xavier,Dada,yoshitacherian@example.net,Rewa,Arunachal Pradesh,1985-09-21,Premium,2022-10-15
C005150,Warjas,Balay,,Tiruchirappalli,Manipur,1954-05-05,Business,2023-12-20
C005151,Anvi,Dewan,idikasen@example.net,Miryalaguda,Sikkim,1960-07-17,Business,2023-08-07
C005152,Brinda,Varma,andrewtata@example.net,Bidhannagar,Telangana,1968-02-13,Premium,2025-01-17
C005153,Abdul,Chakraborty,netra63@example.net,Ludhiana,Telangana,1978-09-09,Business,2021-08-15
C005154,Robert,Chakraborty,zpingle@example.com,Bhavnagar,Sikkim,1966-09-22,Standard,2025-11-26
C005155,Niharika,Bobal,lohit99@example.org,Delhi,Arunachal Pradesh,2001-10-30,Business,2024-12-20
C005156,Yasti,Banerjee,girikhegde@example.net,Noida,Tamil Nadu,1976-05-06,Standard,2026-04-19
C005157,Agastya,Sanghvi,chandreshkonda@example.net,Durg,Maharashtra,1972-12-16,Premium,2025-12-06
C005158,Anita,Mitra,yrama@example.net,Mirzapur,Uttar Pradesh,1984-01-02,Premium,2023-03-07
C005159,Warinder,Pant,horaishaan@example.net,Lucknow,Odisha,1993-03-08,Business,2021-09-05
C005160,Ekapad,Acharya,jhaanay@example.org,Jamnagar,Bihar,1954-12-05,Business,2023-07-28
C005161,Balhaar,Chad,doshitriveni@example.com,Rajpur Sonarpur,Bihar,1988-05-28,Standard,2024-03-08
C005162,Laban,Krishna,ggopal@example.com,Jabalpur,Uttarakhand,1987-09-08,Standard,2026-05-13
C005163,Kavya,Shroff,ovora@example.net,Ambarnath,Bihar,1971-01-24,Standard,2024-01-10
C005164,Omaja,Arya,ishita72@example.org,Belgaum,West Bengal,1959-08-02,Business,2024-05-19
C005165,Neelima,Prabhakar,zayanhegde@example.org,Kulti,Telangana,1960-05-31,Premium,2025-01-10
C005166,Tripti,Dash,sinhadamini@example.org,Kolkata,Maharashtra,1956-02-18,Business,2025-01-19
C005167,Upkaar,Reddy,owen57@example.net,Hosur,Nagaland,1965-10-31,Standard,2023-04-06
C005168,Vamakshi,Barman,bhavyababu@example.net,Saharsa,West Bengal,1957-03-26,Business,2021-10-13
C005169,Charan,Nadig,panditaachal@example.com,Patna,Bihar,1947-05-23,Standard,2022-12-19
C005170,Aarini,Choudhury,wahabnori@example.com,Hazaribagh,Goa,1970-10-19,Standard,2026-05-20
C005171,Sudiksha,Chowdhury,warhiom@example.net,Pimpri-Chinchwad,Meghalaya,1978-08-18,Premium,2023-09-26
C005172,Ayushman,Kohli,zehaan15@example.com,Nagaon,Rajasthan,1962-03-10,Premium,2023-02-16
C005173,Pranav,Toor,qushi10@example.org,Ramagundam,Sikkim,1990-03-26,Standard,2025-12-24
C005174,Jatin,Arora,nairharini@example.org,Amravati,Jharkhand,1949-12-26,Premium,2024-05-16
C005175,Omya,Shenoy,sachdevadamyanti@example.com,Morbi,Maharashtra,1957-06-19,Premium,2024-06-28
C005176,Isaiah,Dubey,watika25@example.com,Moradabad,Meghalaya,1971-10-26,Standard,2026-01-17
C005177,Jagat,Mammen,iryanagar@example.net,Dehri,Haryana,1995-11-10,Premium,2024-01-07
C005178,Tanveer,Chhabra,nicholas96@example.net,Amritsar,Chhattisgarh,2000-01-29,Premium,2023-05-20
C005179,Turvi,Seshadri,seshadrijyoti@example.com,Eluru,Tamil Nadu,1983-06-29,Premium,2022-03-30
C005180,Vamakshi,Rege,baillohit@example.org,Medininagar,Jharkhand,1978-09-29,Business,2021-10-19
C005181,Siddharth,Sen,gchopra@example.net,Hospet,Arunachal Pradesh,1946-09-14,Premium,2021-12-27
C005182,Oni,Buch,janya41@example.org,Tumkur,Manipur,2006-12-12,Premium,2021-12-14
C005183,Nitara,Mandal,tsani@example.org,Ongole,Karnataka,1966-03-06,Business,2026-03-03
C005184,Aditya,Murthy,wadhwatheodore@example.com,Singrauli,Telangana,1990-05-17,Business,2025-01-24
C005185,Aarush,Sampath,aryaudyati@example.net,Chapra,Rajasthan,2007-09-21,Standard,2022-04-07
C005186,Jeet,Goswami,ranbir26@example.net,Latur,Punjab,1945-11-15,Standard,2025-09-20
C005187,Ekapad,Khanna,matthew37@example.net,Guntakal,Tripura,1994-06-28,Standard,2025-01-20
C005188,Tripti,Gola,maharajurmi@example.com,Nellore,Uttarakhand,1968-02-18,Standard,2021-12-16
C005189,Eta,Mannan,madhav83@example.net,Kota,Mizoram,1985-04-21,Business,2025-04-03
C005190,Baghyawati,Sha,mugdhabawa@example.net,Ulhasnagar,Maharashtra,1985-12-14,Business,2021-08-24
C005191,Reyansh,Jaggi,bassiandrew@example.org,Warangal,Karnataka,2002-05-17,Standard,2023-04-07
C005192,Hemal,Rout,abhimanyuagate@example.net,Avadi,Jharkhand,1966-09-02,Standard,2021-11-24
C005193,Wyatt,Sarma,gsood@example.org,Chapra,Sikkim,1951-11-12,Business,2025-05-02
C005194,Hema,Goel,indrajitmukherjee@example.com,Aurangabad,Karnataka,1972-01-16,Standard,2022-01-06
C005195,Manthan,Sekhon,karanbhavani@example.net,Mira-Bhayandar,Himachal Pradesh,1960-12-29,Standard,2025-08-17
C005196,Yadavi,Kadakia,choudhuryarunima@example.net,Rajpur Sonarpur,Tripura,1966-04-18,Standard,2023-10-14
C005197,Turvi,Banerjee,dhingraurvi@example.org,Howrah,Sikkim,1975-07-05,Standard,2022-12-31
C005198,Zinal,Boase,reva78@example.com,Agra,Haryana,1958-11-20,Business,2023-09-20
C005199,Advaith,Sridhar,pkumer@example.org,Coimbatore,Bihar,1976-04-27,Premium,2024-10-17
C005200,Madhavi,Majumdar,zachariahdayita@example.org,Vasai-Virar,Assam,1966-12-02,Standard,2021-09-18
C005201,Vamakshi,Patel,manan18@example.org,Guntakal,Odisha,1952-12-21,Standard,2024-10-19
C005202,Arya,Jhaveri,harshbali@example.net,Bijapur,Punjab,1998-04-20,Premium,2022-12-31
C005203,Nidra,Pandya,lalaaishani@example.com,Latur,Sikkim,1960-09-06,business,2023-06-09
C005204,Priya,Khanna,aditya81@example.com,Tumkur,Bihar,1949-01-29,Premium,2025-10-26
C005205,Varsha,Ravi,hgade@example.com,Vellore,Goa,1955-03-24,Standard,2024-10-20
C005206,Pallavi,Kulkarni,ikata@example.net,Agartala,Andhra Pradesh,1996-08-27,Premium,2023-10-18
C005207,Yagnesh,Chand,mohammedyohannan@example.org,Meerut,Goa,1973-11-02,Standard,2024-11-29
C005208,Utkarsh,Reddy,ryan01@example.com,Jaunpur,Odisha,1972-05-26,Business,2022-07-01
C005209,Chasmum,Madan,suhanihanda@example.org,Begusarai,Andhra Pradesh,1963-03-17,Premium,2025-09-11
C005210,Gaurika,Shroff,imaranmadan@example.net,Howrah,Mizoram,1989-04-14,Premium,2023-06-17
C005211,Niharika,Vaidya,fredericknarain@example.com,Silchar,Telangana,1995-07-05,Standard,2022-03-26
C005212,Chakradev,Tata,sai18@example.com,Bidar,Tripura,1980-03-29,Standard,2023-01-03
C005213,Arya,Basak,rvarty@example.org,Kollam,West Bengal,1993-09-29,Standard,2026-03-09
C005214,Kashish,Pathak,ksuresh@example.net,Davanagere,Uttar Pradesh,1977-11-08,Business,2023-12-15
C005215,Chanakya,Sama,vedantgade@example.com,Coimbatore,Himachal Pradesh,1964-03-03,Business,2022-09-12
C005216,Andrew,Mani,ishanisastry@example.com,Miryalaguda,Tamil Nadu,1947-03-30,Business,2023-09-27
C005217,Chaitanya,Date,lalvanya@example.net,Bardhaman,Maharashtra,1975-04-09,Standard,2024-01-26
C005218,Dayamai,Mangal,netra69@example.net,Berhampur,Kerala,2006-03-31,Business,2023-08-10
C005219,Shivani,Shenoy,bdeep@example.com,Giridih,Bihar,1975-06-03,Standard,2025-05-18
C005220,Upadhriti,Brahmbhatt,prasadaarnav@example.org,Mahbubnagar,Himachal Pradesh,2000-12-08,Business,2025-10-07
C005221,Wridesh,Bhakta,olall@example.net,Bhubaneswar,Odisha,1990-07-11,Standard,2023-01-11
C005222,Aadi,Lad,christopher23@example.net,Rajahmundry,West Bengal,1998-07-22,Premium,2026-04-14
C005223,Mugdha,Gera,warjasthakur@example.com,Bihar Sharif,Jharkhand,1956-08-15,Business,2022-09-12
C005224,Kashish,Sampath,tara41@example.org,Bareilly,Nagaland,1996-07-30,Business,2022-04-12
C005225,Benjamin,Mishra,eram@example.net,Kota,Bihar,1988-04-11,Standard,2024-03-24
C005226,Vihaan,Apte,parekhvidhi@example.com,Thane,Arunachal Pradesh,2004-10-21,Premium,2024-11-14
C005227,Hamsini,Krish,aishani46@example.com,Delhi,Arunachal Pradesh,1999-09-04,Standard,2024-04-11
C005228,Kalpit,Majumdar,kbarman@example.net,Muzaffarnagar,Maharashtra,1951-04-24,Standard,2024-12-10
C005229,Ekapad,Nagarajan,chavvi50@example.net,Chandigarh,Kerala,1998-07-25,Business,2026-03-19
C005230,Dhriti,Prashad,saksham60@example.net,Danapur,Nagaland,1961-09-20,Business,2024-07-12
C005231,Bahadurjit,Kapur,arunima82@example.org,Thanjavur,West Bengal,1988-08-02,Standard,2024-06-21
C005232,Udarsh,Bobal,yochana06@example.net,Korba,Odisha,1983-01-13,Premium,2025-09-19
C005233,Jason,Datta,palanurishilla@example.com,Ghaziabad,Kerala,2006-08-27,Premium,2021-09-10
C005234,Chakradhar,Palla,swaminathancharles@example.org,Durg,Goa,1958-03-28,Standard,2022-12-17
C005235,Forum,Sha,kurianaayush@example.net,Morena,Madhya Pradesh,1950-09-27,Business,2023-02-03
C005236,Falguni,Bhatnagar,kabir63@example.net,Jalna,Kerala,1973-04-11,Business,2025-07-17
C005237,Upma,Vora,tthakkar@example.org,Ozhukarai,Chhattisgarh,1957-10-23,Premium,2022-12-29
C005238,Yasti,Rajan,omyakulkarni@example.org,Udaipur,Himachal Pradesh,1964-08-29,Standard,2024-10-22
C005239,Neha,Raman,soommen@example.net,New Delhi,Bihar,2004-11-15,Business,2023-02-22
C005240,Anika,Jhaveri,chatura48@example.com,Sagar,Odisha,1981-11-09,Business,2022-07-14
C005241,Darsh,Malhotra,harrison68@example.org,Anantapuram,Andhra Pradesh,1982-12-08,Standard,2025-03-23
C005242,Vamakshi,Banerjee,krege@example.org,Sambhal,Rajasthan,1949-08-11,Premium,2024-07-02
C005243,Brijesh,Mand,yachana34@example.org,Kurnool,Punjab,1975-06-27,Premium,2021-12-12
C005244,Sai,Ravel,ibalan@example.com,Kolhapur,Kerala,1971-03-11,Premium,2022-10-04
C005245,Inaya,Shan,shuklaanvi@example.org,Silchar,Kerala,1975-08-25,Business,2024-12-31
C005246,Nisha,Dyal,bhavya62@example.net,Srikakulam,Himachal Pradesh,1952-05-23,Standard,2022-08-22
C005247,Wishi,Zachariah,nitesh22@example.net,Saharanpur,Haryana,2003-05-13,Premium,2024-10-24
C005248,Abdul,Rana,kundasiddharth@example.net,Ramgarh,Mizoram,1984-03-15,Standard,2024-12-31
C005249,Inaya,Kanda,samuel31@example.net,Gandhinagar,Mizoram,1975-11-21,Business,2022-09-02
C005250,Nicholas,Mutti,vasatika21@example.com,Khora ,Goa,1978-11-16,Standard,2021-10-21
C005251,Vaishnavi,Chahal,fsaini@example.com,Morena,Bihar,1975-12-20,Business,2024-08-04
C005252,Ronith,Oak,madanchanakya@example.org,Uluberia,Maharashtra,1989-05-10,Standard,2025-10-26
C005253,Vasudha,Chadha,thomaskanda@example.net,Nandyal,Karnataka,1948-10-31,Premium,2023-01-30
C005254,Udyati,Thaker,aryabalvan@example.com,Thane,Maharashtra,1996-05-15,Standard,2022-10-28
C005255,Lajita,Ghose,ekaraj84@example.com,Gopalpur,Sikkim,1960-01-05,Premium,2023-12-17
C005256,Raghav,Subramaniam,harshil53@example.com,Thiruvananthapuram,Kerala,1954-05-30,Standard,2025-09-25
C005257,Faqid,Bhardwaj,tanne@example.org,Hubli–Dharwad,Arunachal Pradesh,1956-12-23,Business,2022-06-15
C005258,Nathaniel,Chaudhary,btata@example.net,Thrissur,Kerala,1979-01-12,Premium,2022-11-02
C005259,Ayushman,Khalsa,krishnayashawini@example.net,Nadiad,Odisha,1988-11-29,Business,2022-03-12
C005260,Anjali,Raval,chanchaloak@example.net,New Delhi,Tripura,1962-11-18,Business,2026-06-16
C005261,Naksh,Bhalla,matthewchoudhary@example.com,Thanjavur,Chhattisgarh,1976-10-10,Standard,2026-07-26
C005262,Yahvi,Naidu,aurorasarthak@example.net,Khora ,Odisha,2005-09-12,Standard,2023-07-11
C005263,Panini,Doshi,ojasvidubey@example.org,Gorakhpur,Manipur,1968-07-09,Premium,2022-12-10
C005264,Gaurav,Raman,gouradvay@example.org,Kumbakonam,Karnataka,1999-03-05,Business,2024-03-25
C005265,Gunbir,Nagarajan,hema71@example.com,Munger,Gujarat,2003-12-31,Standard,2022-04-27
C005266,Priya,Anand,advikajoshi@example.net,Uluberia,Manipur,1954-07-09,Business,2025-11-20
C005267,Patrick,Munshi,rkala@example.org,Hazaribagh,Sikkim,1979-02-17,Business,2025-10-30
C005268,Ekantika,Swamy,vinayanayak@example.com,Patna,Bihar,1955-10-09,Business,2023-12-04
C005269,Hema,Sandhu,christopherbanerjee@example.org,Medininagar,Andhra Pradesh,2007-07-23,Standard,2021-12-24
C005270,Anjali,Lal,jarora@example.com,Nandyal,Punjab,1994-09-02,Premium,2022-05-23
C005271,Gaurangi,Badami,choudhurygirish@example.org,Buxar,Mizoram,1998-01-09,Premium,2025-10-29
C005272,Anya,Anne,choudhrytarak@example.org,Mirzapur,Telangana,1980-02-14,Premium,2023-04-23
C005273,Urvashi,Varkey,nyogi@example.org,Bhavnagar,Rajasthan,1966-01-28,premium,2024-03-13
C005274,Janya,Sharaf,bhanumatimanda@example.com,Jhansi,Maharashtra,1973-06-08,Standard,2022-10-01
C005275,Ekanta,Chandran,yugkara@example.org,Thiruvananthapuram,Mizoram,1988-10-11,Standard,2026-07-06
C005276,Champak,Arora,david91@example.net,Chinsurah,Andhra Pradesh,1999-10-15,Standard,2022-12-25
C005277,Riya,Dhar,onveerdoctor@example.com,Kurnool,Himachal Pradesh,2007-07-28,Premium,2022-09-13
C005278,Shivani,Deo,sridharayushman@example.net,Dewas,Tamil Nadu,2008-03-10,Business,2021-09-11
C005279,Qabil,Goswami,hansindrajit@example.com,Mumbai,Telangana,1974-04-22,Business,2023-09-06
C005280,Arunima,Mishra,laksh18@example.com,Gangtok,Tamil Nadu,1949-02-20,Standard,2026-01-23
C005281,Jeremiah,Om,vasanawarrior@example.net,Mango,Karnataka,1967-07-10,Standard,2024-06-17
C005282,Xavier,Mani,thakurabhiram@example.org,Ballia,Manipur,1966-12-15,Business,2026-04-13
C005283,Ria,Mallick,ishwarpalla@example.com,Madurai,Mizoram,1999-08-09,Premium,2022-06-13
C005284,Oliver,Chanda,balendra27@example.org,Thrissur,Manipur,1949-12-13,Business,2026-07-20
C005285,Jack,Sama,netrabarad@example.net,Gandhinagar,Odisha,1965-09-24,Business,2024-05-04
C005286,Yash,Kala,masternaksh@example.com,Pallavaram,Nagaland,1949-05-25,Standard,2025-02-22
C005287,Anita,Datta,purithomas@example.net,Muzaffarnagar,Goa,1963-09-14,Premium,2024-03-23
C005288,Kavya,Chada,iuppal@example.net,Sikar,Tamil Nadu,2000-09-02,Business,2024-02-07
C005289,Chandran,Bala,asagar@example.com,Bidhannagar,Arunachal Pradesh,1996-01-26,Standard,2025-09-16
C005290,Darika,Sagar,balakrishnanlekha@example.com,Miryalaguda,Tamil Nadu,1980-02-16,Standard,2024-07-05
C005291,Daksh,Brar,anitaloke@example.net,Rajpur Sonarpur,Manipur,1956-07-29,Business,2025-02-20
C005292,Gaurika,Thakkar,nikita23@example.net,Bangalore,West Bengal,1984-07-11,Standard,2025-04-11
C005293,Aishani,Sidhu,shenoyyatin@example.org,Bhalswa Jahangir Pur,Madhya Pradesh,1956-05-31,Business,2021-11-05
C005294,Chanchal,Walla,oshere@example.org,Kumbakonam,Telangana,1975-08-05,Standard,2023-08-22
C005295,Varenya,Kala,balhaarsharaf@example.org,Ghaziabad,Nagaland,2000-10-23,Business,2023-03-05
C005296,Rohan,Bal,yashkulkarni@example.org,Chapra,West Bengal,1982-04-15,Business,2026-02-24
C005297,Ansh,Srinivasan,iseth@example.com,Udaipur,Punjab,1980-07-08,Business,2022-09-14
C005298,Caleb,Grewal,bakshirajeshri@example.org,Nizamabad,Chhattisgarh,2001-03-01,Standard,2024-04-06
C005299,Wakeeta,Chad,ipathak@example.org,Secunderabad,Haryana,1996-03-17,Business,2025-10-11
C005300,Lajita,Bhavsar,sastrychanakya@example.com,Buxar,Bihar,1987-03-02,Premium,2026-01-14
C005301,William,Kala,robertkhalsa@example.net,Ichalkaranji,Tamil Nadu,1978-03-09,Premium,2022-03-03
C005302,Luke,Keer,kundanaksh@example.net,Singrauli,Kerala,1968-03-14,Standard,2025-07-01
C005303,Nathaniel,Kala,jalsa02@example.org,Siwan,Maharashtra,2003-07-28,Standard,2024-10-14
C005304,Jatin,Wali,tkumer@example.net,Pondicherry,Tamil Nadu,1996-03-09,Standard,2025-08-31
C005305,Arin,Mital,pchana@example.com,Anantapur,Chhattisgarh,1960-02-18,Business,2024-01-06
C005306,Zinal,Sandal,otella@example.com,Thanjavur,Assam,1987-02-21,Premium,2023-01-08
C005307,Yashvi,Bobal,somindira@example.net,Raebareli,Kerala,1998-03-07,Premium,2024-11-24
C005308,Gaurav,Sandhu,jagdishwarrior@example.org,Faridabad,Rajasthan,1947-02-04,Standard,2021-11-12
C005309,Tarak,Rao,somjeremiah@example.org,Tadipatri,Himachal Pradesh,2005-02-20,Premium,2024-09-10
C005310,Vamakshi,Mann,suriqarin@example.org,Sultan Pur Majra,Bihar,1977-06-27,Business,2022-09-02
C005311,Ekaja,Dada,bmohan@example.com,Agartala,Maharashtra,1988-08-19,Business,2024-06-23
C005312,Hemang,Saraf,neel58@example.com,Nagpur,Maharashtra,1980-05-12,Standard,2025-07-26
C005313,Faraj,Tandon,ndash@example.com,Nellore,Punjab,1985-01-04,Premium,2023-01-12
C005314,Azaan,Devan,kkhalsa@example.com,Nashik,Meghalaya,2005-07-17,Premium,2024-04-01
C005315,Nihal,Kurian,shettyaarush@example.org,Ramgarh,Odisha,1996-10-01,Standard,2024-07-17
C005316,Pahal,Kadakia,praneeldua@example.net,Chapra,Maharashtra,1999-12-24,Business,2022-11-29
C005317,Siya,Naik,,Tezpur,Himachal Pradesh,1992-03-09,Premium,2026-02-20
C005318,Amrita,Dara,lmahajan@example.net,Hindupur,Sikkim,1960-02-12,Business,2025-08-12
C005319,Anthony,Kothari,meghana65@example.com,Sagar,Andhra Pradesh,1979-06-20,Premium,2021-12-19
C005320,Tristan,Banerjee,panditansh@example.org,Anantapuram,Maharashtra,1957-06-02,Standard,2023-04-26
C005321,Janani,Tella,chandresh34@example.org,Ballia,Chhattisgarh,1994-12-25,Business,2022-05-24
C005322,Zansi,Madan,shettyyahvi@example.com,Bellary,Chhattisgarh,1977-09-07,Business,2024-01-20
C005323,Balhaar,Palan,unnati52@example.org,Nangloi Jat,Tripura,1971-02-14,Standard,2026-05-29
C005324,Chasmum,Bobal,pantekiya@example.org,New Delhi,Arunachal Pradesh,2001-08-18,business,2022-04-19
C005325,Tanveer,Sagar,yashoda63@example.net,Hosur,Manipur,1983-06-19,Business,2022-10-24
C005326,Nathan,Subramanian,jasonsinha@example.net,Bidhannagar,Kerala,1977-10-27,Business,2026-02-04
C005327,Krishna,Karan,uprakash@example.net,Khandwa,Chhattisgarh,2004-02-24,Standard,2022-08-21
C005328,Darpan,Nagy,zhalder@example.com,Gandhinagar,Madhya Pradesh,1950-06-04,Business,2022-08-27
C005329,Baghyawati,Sha,yastimagar@example.org,Baranagar,Karnataka,2002-02-17,Standard,2024-11-23
C005330,Yagnesh,Kurian,anandtriveni@example.net,Tiruchirappalli,Kerala,2001-07-03,Standard,2026-05-30
C005331,Nirja,Radhakrishnan,cbalan@example.net,Aizawl,Punjab,1949-02-06,Standard,2025-05-01
C005332,Zayyan,Oommen,mprabhakar@example.com,Kharagpur,Goa,1961-10-11,Standard,2024-12-17
C005333,Harish,Konda,doctorojasvi@example.org,Bhalswa Jahangir Pur,Odisha,1953-01-18,Premium,2024-11-16
C005334,Nimrat,Biswas,gavin88@example.com,Purnia,Uttar Pradesh,1966-12-26,Standard,2024-06-16
C005335,Aarna,Singh,bordeijaya@example.com,Chennai,Bihar,1946-02-21,Premium,2022-03-22
C005336,Madhavi,Grover,sanya06@example.com,Chinsurah,Nagaland,1960-10-27,Premium,2024-11-18
C005337,Qushi,Rajagopalan,fjani@example.org,Parbhani,Mizoram,1983-01-14,Premium,2024-07-06
C005338,Indrajit,Venkataraman,tripathikrishna@example.com,Silchar,Andhra Pradesh,1992-08-25,Premium,2022-05-04
C005339,Chaaya,Luthra,riyasandhu@example.com,Aurangabad,West Bengal,1999-11-24,Standard,2022-09-21
C005340,Samuel,Nigam,chakradev95@example.net,Morbi,Goa,2008-05-17,Business,2025-04-28
C005341,Balveer,Guha,omkaar53@example.org,Erode,Himachal Pradesh,1949-08-14,Premium,2024-05-18
C005342,Saumya,Dhawan,bassitripti@example.com,Ichalkaranji,Telangana,1967-04-08,Premium,2026-07-24
C005343,Manbir,Ben,bhaktadivya@example.org,Guntakal,Karnataka,1984-07-07,Business,2024-06-03
C005344,Champak,Brahmbhatt,ishwardalal@example.org,Nellore,Telangana,1967-08-21,Premium,2022-02-02
C005345,Ekiya,Naik,qsuresh@example.org,Barasat,Rajasthan,1951-04-11,Standard,2025-02-15
C005346,Chasmum,Narula,avi95@example.net,Ramgarh,Rajasthan,1979-01-15,Standard,2024-06-18
C005347,Laban,Reddy,frama@example.net,Surat,Punjab,2004-06-28,Standard,2023-03-04
C005348,Chasmum,Pant,aahuja@example.com,Hyderabad,Odisha,1994-01-02,Business,2026-07-01
C005349,Tripti,Master,sarthak82@example.com,Secunderabad,Madhya Pradesh,1994-11-15,Premium,2025-08-10
C005350,Dalbir,Peri,keermichael@example.org,Bihar Sharif,Telangana,1959-08-10,Standard,2022-07-06
C005351,Rudra,Dhar,balaturvi@example.net,Srikakulam,Haryana,1952-02-21,Premium,2023-07-13
C005352,Chatresh,Pandey,jagatbutala@example.com,Guntur,Goa,1987-02-03,Business,2023-08-16
C005353,Amrita,Patla,gardemahika@example.com,Alappuzha,Bihar,1988-03-13,Business,2025-03-16
C005354,Gavin,Handa,nilima83@example.org,Chittoor,Sikkim,1963-01-19,Premium,2024-06-10
C005355,Dayita,Mittal,mittalaryan@example.com,Bhubaneswar,Kerala,1993-01-11,Premium,2022-09-16
C005356,Chatresh,Doshi,bhavya38@example.net,Phagwara,Haryana,1951-08-14,Standard,2023-01-06
C005357,Sudiksha,D’Alia,vincentparikh@example.org,Deoghar,Haryana,1958-06-14,Premium,2026-06-09
C005358,Vedant,Amble,mkulkarni@example.org,Shimoga,Jharkhand,2007-11-27,Premium,2025-10-31
C005359,Nidra,Andra,mittalqasim@example.net,Pimpri-Chinchwad,Meghalaya,2001-03-01,Business,2025-04-08
C005360,Laban,Choudhry,ekiyadas@example.com,Uluberia,Bihar,1982-07-05,business,2022-07-09
C005361,Udyati,Mahal,fchaudhry@example.com,Shivpuri,Gujarat,1980-01-03,Premium,2023-09-01
C005362,Ati,Pant,fsidhu@example.com,Kanpur,Tripura,1982-12-10,Premium,2024-02-17
C005363,Lila,Dhar,bhavikatiwari@example.com,Alappuzha,Punjab,1955-04-08,Business,2023-11-28
C005364,Oscar,Sathe,yochana05@example.org,Unnao,Kerala,1990-05-10,Premium,2024-09-16
C005365,Arjun,Mand,gautamganguly@example.net,Parbhani,Arunachal Pradesh,1963-04-15,Standard,2024-09-08
C005366,Oliver,Zachariah,radha30@example.net,Tirupati,Punjab,2000-04-25,Business,2025-07-11
C005367,Aadi,Patil,mmahal@example.org,Thrissur,Andhra Pradesh,1970-09-23,Standard,2022-11-11
C005368,Shravya,Wadhwa,ijoshi@example.org,Kozhikode,Madhya Pradesh,1966-08-11,Premium,2025-03-01
C005369,Anay,Parmer,dugarvyanjana@example.com,Thoothukudi,Assam,2000-10-09,Standard,2022-10-03
C005370,Daksha,Narayan,hamsini77@example.net,Thoothukudi,Arunachal Pradesh,1955-05-11,Business,2025-12-27
C005371,Naveen,Suri,rbuch@example.com,Bhopal,Chhattisgarh,1984-10-25,Business,2024-06-11
C005372,Vyanjana,Sibal,fariqmani@example.com,Suryapet,Sikkim,1969-04-09,Business,2025-04-01
C005373,Varenya,Agate,ekapadramesh@example.org,Bangalore,Uttarakhand,1972-09-14,Business,2024-02-17
C005374,Shivani,Morar,ishanvisrinivas@example.org,Jaipur,Rajasthan,1947-12-22,Premium,2022-10-24
C005375,Jagrati,Magar,yamini81@example.org,Pudukkottai,Chhattisgarh,1959-01-02,Business,2024-10-12
C005376,Bhavika,Narain,widisha08@example.net,Hubli–Dharwad,Uttarakhand,1971-11-11,Standard,2022-02-21
C005377,Banjeet,Chokshi,jason32@example.net,Nagercoil,West Bengal,2000-02-19,Standard,2022-07-28
C005378,Vincent,Deo,aryayauvani@example.com,Bhilwara,Kerala,1973-06-21,Business,2026-02-03
C005379,Jai,Naidu,xalak85@example.com,Vadodara,Arunachal Pradesh,1969-11-19,Business,2022-10-04
C005380,Rohan,Bajaj,upadhriti79@example.net,Rajahmundry,Karnataka,1998-04-03,Standard,2022-06-14
C005381,Urmi,Keer,rpurohit@example.net,Bhiwani,Uttar Pradesh,1986-06-18,Standard,2025-12-23
C005382,Hemangini,Dalal,farhannadkarni@example.net,Yamunanagar,Odisha,1969-06-15,Business,2025-08-07
C005383,Reyansh,Atwal,bahrimason@example.com,Malegaon,Nagaland,1971-02-19,Business,2021-09-30
C005384,Januja,Barad,qtella@example.net,Ahmednagar,Arunachal Pradesh,1998-10-08,Business,2023-07-09
C005385,Samaksh,Bhatti,vedasolanki@example.com,Tenali,Assam,1966-11-19,Premium,2025-08-24
C005386,Ekapad,Doshi,falakwalia@example.com,Thoothukudi,Nagaland,1979-05-13,Standard,2026-03-15
C005387,Ati,Rout,dseth@example.com,Udupi,Rajasthan,1996-06-17,Business,2025-01-26
C005388,Devansh,Nair,turvi56@example.org,Narasaraopet,Rajasthan,1983-07-13,Standard,2025-05-01
C005389,Wriddhish,Rai,pjaggi@example.net,Orai,Rajasthan,1967-12-03,Premium,2021-10-08
C005390,Luke,Brahmbhatt,hravel@example.com,Vadodara,Goa,1993-01-24,Business,2024-08-18
C005391,Naveen,Shankar,mannequincy@example.org,Madurai,Chhattisgarh,1947-12-07,Business,2022-09-26
C005392,Rajeshri,Bains,urandhawa@example.net,Serampore,Gujarat,1991-08-12,Premium,2026-06-30
C005393,Darsh,Malhotra,chakradevseshadri@example.org,Latur,Maharashtra,1963-10-31,Standard,2024-04-25
C005394,Mekhala,Sastry,cshan@example.org,Rampur,Uttar Pradesh,1991-08-09,Premium,2022-08-06
C005395,Rishi,Sabharwal,ojasarya@example.com,Tirupati,Manipur,1969-06-14,Business,2023-05-23
C005396,Ishwar,Bains,vanshanagar@example.net,Junagadh,Sikkim,1994-08-21,Business,2025-10-17
C005397,Aarav,Doctor,fbhatt@example.net,Jabalpur,Manipur,1948-03-03,Premium,2026-04-08
C005398,Anay,Behl,msahota@example.net,Kozhikode,Andhra Pradesh,1948-02-12,Premium,2025-04-28
C005399,Imaran,Bahl,charanprakash@example.org,Arrah,Manipur,2005-10-29,Business,2021-10-05
C005400,Tamanna,Khalsa,balveermishra@example.com,Avadi,Manipur,1949-03-28,Premium,2022-08-02
C005401,Noah,Sangha,meghanabadami@example.net,Kamarhati,Rajasthan,1947-05-20,Premium,2023-12-06
C005402,Maya,Ahluwalia,mason78@example.org,Berhampur,Meghalaya,1958-06-08,Premium,2024-10-14
C005403,Oeshi,Mohan,pahalpadmanabhan@example.org,Machilipatnam,Uttarakhand,2006-08-01,Business,2025-08-24
C005404,Edhitha,Sachdeva,mishramohammed@example.com,Raurkela Industrial Township,Sikkim,1955-11-29,Standard,2023-01-04
C005405,Bhavika,Bhardwaj,ishabansal@example.com,Jaunpur,Haryana,1960-04-06,Business,2023-04-04
C005406,Divya,Mistry,edhithavyas@example.com,Panvel,Jharkhand,1990-11-21,Premium,2024-04-16
C005407,Pallavi,Khalsa,darshsarma@example.com,Raebareli,Punjab,1962-07-21,Premium,2023-01-03
C005408,Suhani,Wali,chakradhargoel@example.org,Varanasi,Bihar,1948-08-19,Premium,2025-01-16
C005409,Aryan,Vig,xwagle@example.net,Kottayam,Kerala,1962-06-26,Standard,2023-04-24
C005410,Chaman,Sane,venkateshrushil@example.com,Coimbatore,Odisha,1986-01-06,Business,2022-01-24
C005411,Pranit,Dayal,kalpitmuni@example.org,Kumbakonam,Jharkhand,1958-05-21,Business,2022-04-16
C005412,Charvi,Kapadia,balakrishnantimothy@example.net,Bilaspur,Telangana,1965-02-13,Standard,2024-11-02
C005413,Naveen,Sharaf,nitesh43@example.org,Bangalore,Manipur,1977-02-10,Business,2026-06-21
C005414,Aashi,Subramaniam,bbhatia@example.com,Chandigarh,Goa,1998-02-13,Standard,2024-07-19
C005415,Rachita,Vaidya,aggarwaldominic@example.net,Morbi,Maharashtra,1977-08-22,Premium,2025-09-09
C005416,Charles,Seshadri,ykrishna@example.org,Thiruvananthapuram,Himachal Pradesh,1958-09-12,Business,2026-07-19
C005417,Yashasvi,Randhawa,asuri@example.net,Pimpri-Chinchwad,Bihar,1999-03-31,Standard,2022-03-26
C005418,Aahana,Taneja,ekaraj67@example.com,Jalgaon,Chhattisgarh,1971-05-24,Premium,2022-01-21
C005419,Falak,Shere,upmakant@example.com,Davanagere,Telangana,1966-01-06,Business,2024-01-08
C005420,Saksham,Chaudhary,avi17@example.org,Arrah,Tripura,1963-05-01,Business,2023-02-02
C005421,Owen,Choudhury,aahanacheema@example.com,Jodhpur,Himachal Pradesh,1959-01-17,Business,2022-10-01
C005422,Pratyush,Hans,parekhpanini@example.org,Gangtok,West Bengal,1994-01-27,Standard,2026-06-08
C005423,Girish,Nagarajan,tarya@example.net,Junagadh,Uttar Pradesh,1955-03-01,Business,2022-09-16
C005424,Qabil,Ganesan,bhatnagardiya@example.org,Muzaffarpur,Chhattisgarh,1948-03-14,Premium,2024-01-15
C005425,Jhalak,Bajaj,lroy@example.net,Rourkela,Assam,2002-07-02,Business,2025-06-11
C005426,Vidhi,Radhakrishnan,wvasa@example.com,Kolkata,Sikkim,1960-08-07,Premium,2023-01-25
C005427,Faris,Bhasin,salvinetra@example.org,Jaunpur,Tripura,1995-03-04,Standard,2024-08-13
C005428,Upma,Sankaran,chakrikapradhan@example.com,Saharanpur,Bihar,1947-12-02,Premium,2026-06-10
C005429,Hritik,Raju,falan00@example.com,Raichur,Himachal Pradesh,1987-11-16,Business,2022-05-03
C005430,Aradhana,Mangat,sarapurohit@example.com,Tadipatri,Chhattisgarh,1968-07-10,Business,2023-06-09
C005431,Alexander,Srinivas,dhruvlala@example.com,Jalna,Chhattisgarh,1964-03-15,Business,2022-12-27
C005432,Udyati,D’Alia,grandhawa@example.com,Bahraich,Punjab,1959-02-02,Standard,2026-02-18
C005433,Ishwar,Datta,adweta66@example.net,Thoothukudi,West Bengal,1978-06-19,Standard,2022-05-01
C005434,Abeer,Sharma,sawhneylila@example.net,Tiruvottiyur,Mizoram,2002-07-04,Premium,2025-02-15
C005435,Yahvi,Taneja,pandeyria@example.net,Jehanabad,Karnataka,1967-04-10,Standard,2023-12-16
C005436,Girish,Chakrabarti,jairaj83@example.org,Singrauli,Arunachal Pradesh,1958-04-05,Standard,2021-09-06
C005437,Anusha,Sama,anamika99@example.net,Kakinada,Punjab,1968-12-22,Business,2024-09-04
C005438,Yachana,Bera,obutala@example.com,Srikakulam,Uttarakhand,1978-09-03,Standard,2025-04-06
C005439,Inaya,Sankaran,hsetty@example.com,Shivpuri,Arunachal Pradesh,1966-08-29,Business,2022-09-02
C005440,Patrick,Saha,mammensamar@example.org,Secunderabad,Kerala,1954-02-16,Business,2025-07-31
C005441,Yatan,Sachar,ibhargava@example.net,Jaipur,Tamil Nadu,1989-09-11,Standard,2024-01-24
C005442,Yahvi,Srinivasan,hayrefaraj@example.net,Arrah,Haryana,1996-11-24,Premium,2026-02-25
C005443,Tara,Bala,aissac@example.net,Pimpri-Chinchwad,Uttarakhand,1959-09-01,Standard,2021-08-26
C005444,Januja,Korpal,naveenroy@example.com,Raurkela Industrial Township,Punjab,1972-01-28,Business,2025-09-27
C005445,Bakhshi,Shankar,xganesh@example.org,Hazaribagh,Mizoram,1995-10-17,Business,2026-07-25
C005446,Ira,Ram,doctorekiya@example.org,Vijayawada,Arunachal Pradesh,2000-09-13,Premium,2026-02-08
C005447,Saanvi,Kapur,vrinda30@example.org,Mango,Gujarat,1985-05-10,Premium,2024-04-13
C005448,Orinder,Kothari,hmadan@example.com,Burhanpur,Rajasthan,2007-05-19,Premium,2023-01-19
C005449,Sudiksha,Thaman,urvi86@example.com,Alappuzha,Tripura,1988-02-05,Business,2025-08-20
C005450,Nidra,Ray,vsaraf@example.com,Jaipur,Manipur,1947-06-16,Business,2026-07-06
C005451,Aradhana,Chaudhuri,noriamaira@example.net,Karimnagar,Telangana,1946-10-28,Premium,2021-11-29
C005452,Bhanumati,Ravi,krishna03@example.com,Kurnool,Maharashtra,1951-12-30,Premium,2024-12-29
C005453,Janaki,Jaggi,ronithsampath@example.org,Shimla,Assam,2003-11-22,Business,2023-08-05
C005454,Zaitra,Mani,gopal80@example.org,Shimoga,Gujarat,1992-07-19,Business,2026-06-19
C005455,Zilmil,Dubey,sridharkalpit@example.com,Ramagundam,Goa,1964-03-29,Standard,2023-07-30
C005456,Harrison,Deep,kalajhalak@example.org,Dindigul,Himachal Pradesh,1985-11-12,Premium,2024-10-14
C005457,Ojasvi,Hora,indalitalwar@example.org,Bhimavaram,Meghalaya,1967-07-23,Premium,2023-09-21
C005458,Tristan,Seth,vedhika32@example.com,Erode,Uttar Pradesh,1957-03-28,Business,2023-11-13
C005459,Yatin,Nori,mammenoscar@example.net,Bhilwara,West Bengal,1990-11-25,Standard,2026-01-24
C005460,Chatura,Borah,chaudhurifitan@example.com,Jamalpur,Uttarakhand,1948-11-16,Standard,2023-04-04
C005461,Reva,Rama,rkala@example.net,Sangli-Miraj & Kupwad,Arunachal Pradesh,2001-10-13,Standard,2021-11-23
C005462,Daksha,Dara,isaiahdave@example.net,Sikar,Haryana,1992-11-25,Premium,2024-07-04
C005463,Wahab,Agrawal,girindrakanda@example.com,Chinsurah,Kerala,1991-07-09,Business,2025-06-18
C005464,Waida,Sarraf,santprisha@example.net,Ranchi,Kerala,1992-09-16,Standard,2026-01-27
C005465,Rishi,Biswas,rajubhavya@example.org,Ludhiana,Odisha,1970-11-03,Standard,2022-04-21
C005466,Ijaya,Murthy,indrajitwalla@example.org,Panchkula,Karnataka,1990-10-09,Business,2023-07-28
C005467,Robert,Deshmukh,ghoseavni@example.com,Dindigul,Arunachal Pradesh,1965-05-15,Standard,2022-08-17
C005468,Oviya,Pandit,deonetra@example.com,Kamarhati,Mizoram,1982-11-06,Business,2022-12-01
C005469,Ucchal,Sami,pushti59@example.com,Jehanabad,Tamil Nadu,1985-08-10,Premium,2025-04-25
C005470,Orinder,Om,lopapatil@example.com,Mathura,Rajasthan,1997-02-14,Premium,2023-03-18
C005471,Ekbal,Sahota,darshjoshi@example.com,Phusro,Uttar Pradesh,1995-02-07,Business,2025-02-06
C005472,Ekansh,Hayre,samarththaman@example.net,Shahjahanpur,Maharashtra,1974-03-11,Standard,2025-12-23
C005473,Inaya,Lall,inagy@example.com,Ujjain,Jharkhand,1985-07-14,Premium,2023-08-19
C005474,Tanveer,Bath,sodhiarin@example.net,Pallavaram,Meghalaya,1984-03-31,Standard,2025-11-24
C005475,Lucky,Bhat,nazarethqadim@example.org,Nagercoil,Madhya Pradesh,1946-03-06,Premium,2025-02-24
C005476,Abha,Garde,pranavbumb@example.org,Bhiwandi,Uttarakhand,1981-09-14,Business,2025-01-02
C005477,Yamini,Lala,solankiamara@example.net,Dhule,Mizoram,2003-05-10,Standard,2023-06-23
C005478,Ansh,Dayal,uravi@example.com,Durgapur,Tamil Nadu,1961-12-15,Premium,2022-11-21
C005479,Nirja,Comar,rohanravi@example.com,Latur,Assam,1974-11-14,Business,2025-01-03
C005480,Ladli,Nagarajan,arunima86@example.net,Mira-Bhayandar,Sikkim,1976-02-04,Premium,2024-10-26
C005481,Tanmayi,Chopra,ayushshanker@example.org,Raiganj,Rajasthan,1945-11-11,Standard,2022-04-14
C005482,Daksh,Dugal,psani@example.com,Dehradun,Meghalaya,1959-04-20,Premium,2024-07-07
C005483,Jasmit,Dara,charvi88@example.net,Ulhasnagar,Telangana,1947-04-18,Premium,2026-01-23
C005484,Ethan,Choudhry,omyatripathi@example.com,Firozabad,Jharkhand,1978-07-02,Standard,2022-11-19
C005485,Garima,Mall,udantyadav@example.org,Giridih,West Bengal,1976-05-21,Business,2026-02-24
C005486,Simon,Malhotra,kibedaksha@example.com,Bhalswa Jahangir Pur,Arunachal Pradesh,1964-12-22,Standard,2023-08-29
C005487,Sathvik,Manne,jacobmanne@example.org,Chinsurah,Andhra Pradesh,2006-12-20,Business,2023-06-01
C005488,Gavin,Cherian,vbadal@example.org,Malegaon,Telangana,1946-03-28,Premium,2023-08-04
C005489,Triya,Singhal,lalavasatika@example.net,Jamnagar,Himachal Pradesh,1947-06-29,Standard,2026-04-18
C005490,Mohammed,Sabharwal,rishi91@example.org,Nagaon,Kerala,1970-07-22,Standard,2023-06-02
C005491,Eta,Sandhu,dpillay@example.net,Jhansi,Tamil Nadu,1995-07-21,Business,2021-12-20
C005492,Neel,Mani,aadidube@example.org,Rajpur Sonarpur,Manipur,1953-12-13,Premium,2025-01-17
C005493,Hemangini,Kant,minhasyashoda@example.com,Dehradun,Gujarat,2008-05-23,Business,2025-11-03
C005494,Netra,Shan,narasimhanaryan@example.org,Warangal,Jharkhand,2003-05-26,Standard,2021-09-06
C005495,Siddharth,Murty,pnagar@example.com,Dehri,Mizoram,1998-04-16,Business,2025-06-22
C005496,Qadim,De,lokeriya@example.com,Sambalpur,Tamil Nadu,1953-12-07,Premium,2023-06-30
C005497,Chaitaly,Kakar,seshadrishivansh@example.net,Eluru,Maharashtra,1977-01-06,Standard,2023-04-18
C005498,Upasna,Goel,qabil93@example.net,Machilipatnam,Andhra Pradesh,1945-12-31,Premium,2024-04-09
C005499,Vincent,Basak,bhalladiya@example.com,Buxar,Maharashtra,1987-12-11,Standard,2024-03-23
C005500,Henry,Chandran,benjamingopal@example.net,Siliguri,Haryana,1952-12-17,Standard,2022-10-06
C005501,Azad,Magar,alexanderkalita@example.com,Varanasi,Nagaland,1956-07-10,Standard,2026-04-30
C005502,Chaitaly,Ahuja,gabrielramanathan@example.net,Amaravati,Manipur,1970-04-28,Business,2024-06-06
C005503,Lajita,Bhat,balveer54@example.org,Rohtak,Mizoram,1967-08-12,Premium,2023-12-06
C005504,Jacob,Narula,ojasvi45@example.org,Ongole,Nagaland,2006-06-17,Premium,2024-03-18
C005505,Vasudha,Mallick,jbalay@example.com,Amroha,Himachal Pradesh,1969-06-26,Standard,2021-12-24
C005506,Udant,Mukhopadhyay,devirachit@example.org,Thoothukudi,West Bengal,2007-07-11,Standard,2024-12-09
C005507,Anamika,Halder,tamannadhingra@example.net,Sultan Pur Majra,Gujarat,1971-09-23,Standard,2024-10-23
C005508,Rishi,Chaudhuri,sooddiya@example.com,Karaikudi,Meghalaya,1982-12-06,Premium,2024-05-22
C005509,Dalaja,Walia,oviyazacharia@example.com,Haldia,Tripura,1971-03-01,Premium,2021-11-14
C005510,Forum,Prasad,ekaja61@example.org,Kolhapur,Madhya Pradesh,1957-09-11,Premium,2022-03-26
C005511,Viraj,Chanda,arajagopal@example.com,Agartala,Uttar Pradesh,1958-12-01,Standard,2023-01-11
C005512,Rohan,Bala,garima49@example.net,Tezpur,Kerala,1995-02-06,Standard,2026-05-15
C005513,Ubika,Murthy,eeshabir@example.com,Surendranagar Dudhrej,Maharashtra,2000-03-12,Business,2026-06-02
C005514,Oscar,Swaminathan,cvarkey@example.org,Ambala,Rajasthan,2005-05-28,Premium,2025-05-20
C005515,Ucchal,Rana,qmanne@example.net,Buxar,West Bengal,2007-08-18,Standard,2025-04-22
C005516,Varenya,Bajwa,panchalhredhaan@example.org,Giridih,Goa,2001-07-25,Premium,2025-11-30
C005517,Alexander,Pillai,daksh72@example.com,Katihar,Andhra Pradesh,2004-05-21,Premium,2024-08-22
C005518,Manbir,Jayaraman,jonathanchoudhary@example.net,Miryalaguda,Tripura,1997-03-17,Premium,2022-02-19
C005519,Rayaan,Oommen,rmerchant@example.org,Gaya,Haryana,1948-06-18,Standard,2023-05-28
C005520,Chatresh,Rau,oviyachhabra@example.com,Bhiwandi,Nagaland,1988-09-20,Standard,2026-06-18
C005521,Gopal,Sethi,sanya36@example.net,Aurangabad,Punjab,1974-03-19,Business,2024-01-23
C005522,Advaith,Ahluwalia,niharikabhatia@example.net,Rewa,Chhattisgarh,2003-03-19,Premium,2024-02-11
C005523,Sanya,Jayaraman,ukapadia@example.net,Alappuzha,Chhattisgarh,1977-01-05,Business,2025-08-18
C005524,Ekta,Narain,ekarajkrishnan@example.org,Gwalior,Tamil Nadu,1959-03-10,Premium,2023-07-30
C005525,Dalbir,Ratta,owenbali@example.com,Giridih,Madhya Pradesh,1970-08-21,Standard,2023-10-20
C005526,Pallavi,Saraf,ychadha@example.org,Aurangabad,Himachal Pradesh,1964-01-15,Standard,2023-04-01
C005527,Oliver,Khalsa,aarnaedwin@example.com,Bangalore,Rajasthan,1951-09-15,Premium,2022-05-07
C005528,Eiravati,Barad,vrishti98@example.net,Bijapur,Himachal Pradesh,1958-01-06,Business,2024-10-29
C005529,Yachana,Chauhan,dhruvborah@example.org,Bhilai,Rajasthan,1951-12-02,Business,2022-01-17
C005530,Neha,Chad,uparsa@example.net,Nashik,Assam,1989-04-26,Business,2024-08-16
C005531,Vedant,Som,fdas@example.com,Asansol,Karnataka,1970-12-10,Standard,2023-07-07
C005532,Simon,Chopra,gautamichanda@example.org,Imphal,Goa,2000-02-17,Standard,2024-08-19
C005533,Ubika,Shukla,neelimabhargava@example.net,Baranagar,Odisha,1952-02-18,Premium,2025-07-19
C005534,Hitesh,Grover,warda47@example.com,Kirari Suleman Nagar,Uttar Pradesh,1958-08-28,Business,2022-01-30
C005535,Bhanumati,Parmer,okala@example.org,Medininagar,Uttarakhand,1991-03-21,Business,2022-05-04
C005536,Fiyaz,Arora,harshilvarghese@example.org,Thane,Assam,1966-04-24,Premium,2025-10-24
C005537,Qasim,Gade,viswanathanmegha@example.net,Gaya,Arunachal Pradesh,1960-04-26,Premium,2023-02-11
C005538,Qarin,Ratta,zgoel@example.net,Anantapuram,Chhattisgarh,1950-03-16,Business,2025-11-01
C005539,Sneha,Kapoor,chauhanqushi@example.org,Phagwara,Himachal Pradesh,1987-03-30,Business,2021-10-03
C005540,Triveni,Palla,nrege@example.com,Kozhikode,Odisha,1952-09-10,Business,2025-03-16
C005541,Neelima,Saha,zilmil25@example.org,Sasaram,Meghalaya,1976-12-31,Premium,2022-01-24
C005542,Tamanna,Narain,babuquincy@example.com,North Dumdum,Telangana,1992-04-10,Business,2023-08-19
C005543,Ranbir,Keer,janya50@example.org,Jamalpur,Uttar Pradesh,2005-08-19,Standard,2023-05-17
C005544,Radhika,Khare,dwason@example.net,Ozhukarai,Haryana,1965-08-23,Premium,2024-03-03
C005545,Aashi,Sharma,vanne@example.net,Satna,Gujarat,1985-09-11,Premium,2025-01-30
C005546,Isha,Palan,varenya10@example.org,Kalyan-Dombivli,Mizoram,1949-09-05,Standard,2021-08-13
C005547,Aradhana,Narain,isha43@example.org,Naihati,Himachal Pradesh,1961-04-24,Premium,2025-02-08
C005548,Amaira,Jain,ctoor@example.org,Bareilly,Arunachal Pradesh,1980-03-03,standard,2024-02-29
C005549,Vihaan,Oommen,ipandya@example.net,Burhanpur,Tripura,1949-06-27,Business,2025-12-10
C005550,Aarini,Patla,vivaan03@example.com,Panvel,Karnataka,1962-10-18,Business,2025-12-02
C005551,Laksh,Singh,yadavrayaan@example.org,Sultan Pur Majra,Bihar,1984-04-24,Premium,2024-06-05
C005552,Kamala,Kapadia,mallbina@example.org,Durgapur,Sikkim,1956-03-01,Business,2022-09-03
C005553,Chavvi,Halder,vasudhachawla@example.com,New Delhi,Telangana,1974-08-16,Business,2023-02-25
C005554,Neha,Manne,chaaya68@example.net,Vijayawada,Himachal Pradesh,1989-10-23,Business,2023-11-23
C005555,Balveer,Bhavsar,sloyal@example.com,Avadi,Jharkhand,1955-07-03,Business,2026-07-09
C005556,Nitesh,Contractor,jbalan@example.net,Kozhikode,Karnataka,1989-06-23,Premium,2025-09-05
C005557,Hiral,Jha,lparsa@example.com,Madurai,Meghalaya,1963-12-22,Business,2025-04-25
C005558,Triya,Bumb,omishabasak@example.net,Kamarhati,Mizoram,1998-12-01,Premium,2026-06-03
C005559,Harrison,Shankar,rsehgal@example.org,Jalandhar,Kerala,1945-08-20,Standard,2025-12-12
C005560,Bhavna,Ray,stripathi@example.org,Jabalpur,Kerala,1951-12-26,Premium,2021-10-24
C005561,Omkaar,Kuruvilla,vihaanmall@example.org,Ahmedabad,Uttar Pradesh,1978-03-13,Standard,2024-02-21
C005562,Mekhala,Sharaf,kuriandarpan@example.net,Allahabad,Jharkhand,1947-10-06,Standard,2024-06-30
C005563,Girindra,Savant,urvashibehl@example.org,Nangloi Jat,Uttarakhand,2007-03-29,Premium,2023-10-20
C005564,Ishita,Wali,rachita16@example.org,Bhind,Odisha,1959-06-04,Standard,2026-04-09
C005565,Zashil,Aggarwal,agastyamitter@example.net,Gandhidham,Haryana,2001-04-24,Premium,2024-11-10
C005566,Karan,Yadav,vbala@example.com,Kottayam,Tripura,1954-03-06,Business,2023-03-21
C005567,Hiral,Bava,ydevan@example.com,Jabalpur,Assam,2006-12-13,Business,2023-10-22
C005568,Krisha,Choudhury,amagar@example.com,Sri Ganganagar,West Bengal,1981-12-29,Premium,2026-02-25
C005569,Dalbir,Lalla,lsankar@example.org,Parbhani,Rajasthan,1976-07-21,Business,2025-03-12
C005570,Farhan,Mani,narulasiddharth@example.com,Malda,West Bengal,1959-11-05,Premium,2025-05-08
C005571,Baghyawati,Ratta,vrishti73@example.net,Junagadh,Andhra Pradesh,1974-03-30,Premium,2024-09-04
C005572,Jasmit,Wali,bamble@example.net,Gandhidham,Andhra Pradesh,1969-12-10,Standard,2023-11-22
C005573,Warhi,Loke,samigaurav@example.org,Mumbai,Telangana,1948-01-08,Standard,2025-06-05
C005574,Mekhala,Brahmbhatt,kwali@example.com,Varanasi,Meghalaya,1948-06-12,Premium,2025-02-06
C005575,Urmi,Khanna,hemani38@example.org,Bulandshahr,Jharkhand,1981-08-27,Premium,2022-05-22
C005576,Tanvi,Krish,falaktailor@example.org,Aurangabad,Goa,2004-10-20,Standard,2026-05-07
C005577,Zayyan,Khosla,knazareth@example.net,Gulbarga,Bihar,1968-12-11,Standard,2023-02-17
C005578,Bhavini,Kota,edwinkrisha@example.net,Imphal,Odisha,1995-01-07,Standard,2024-07-22
C005579,Hardik,Hari,zarnamukherjee@example.net,Mango,Jharkhand,1957-03-14,Business,2024-11-02
C005580,Niharika,Rastogi,ngulati@example.net,Visakhapatnam,Uttarakhand,1969-02-18,Business,2023-12-23
C005581,Samar,Bains,narangtamanna@example.net,Hyderabad,Gujarat,1948-06-01,Premium,2021-09-15
C005582,Mitesh,Acharya,ekantikaswaminathan@example.com,Bangalore,Uttar Pradesh,1948-07-07,Premium,2023-05-02
C005583,Kiaan,Nair,mvig@example.org,Hindupur,Uttar Pradesh,1963-11-14,Premium,2024-10-14
C005584,Barkha,Chhabra,sakshamchanda@example.org,Bhimavaram,Assam,1975-10-02,Standard,2025-09-23
C005585,Tanmayi,Kalla,madanupadhriti@example.org,Anand,Manipur,1980-04-02,Business,2025-04-17
C005586,Ishita,Garg,badamiekanta@example.net,Raurkela Industrial Township,Gujarat,1983-06-06,Premium,2024-12-01
C005587,Sathvik,Vaidya,bimalasant@example.net,Pudukkottai,Manipur,1976-05-09,Business,2025-05-09
C005588,Vedant,Balakrishnan,lbiswas@example.net,Erode,Goa,1979-07-17,Standard,2023-02-02
C005589,Wishi,Menon,gardeveda@example.net,Tumkur,West Bengal,1952-11-23,Business,2022-10-09
C005590,Yug,Mukhopadhyay,prasadsiya@example.net,Durgapur,Himachal Pradesh,1956-11-20,standard,2022-08-16
C005591,Viraj,Parikh,pbabu@example.com,Bahraich,West Bengal,1946-02-03,Business,2022-11-06
C005592,Unnati,Suri,nbora@example.com,Alappuzha,Tripura,1958-12-16,Premium,2025-02-28
C005593,Andrew,Tata,mvyas@example.com,Bhubaneswar,Kerala,1999-12-12,Premium,2022-11-18
C005594,Sai,Barad,zilmil35@example.net,Coimbatore,Tamil Nadu,2003-09-06,Standard,2023-12-29
C005595,Vinaya,Zacharia,ekaraj11@example.org,Udaipur,Gujarat,2007-03-11,Premium,2023-11-03
C005596,Advaith,Basu,schandran@example.org,Srikakulam,Bihar,1971-12-03,Standard,2023-04-28
C005597,Idika,Viswanathan,christopherjani@example.net,Raipur,Bihar,1973-03-23,Standard,2024-09-26
C005598,Kashish,Sidhu,karpegeetika@example.org,Pondicherry,Tamil Nadu,1979-06-20,Premium,2024-08-30
C005599,Urmi,Manda,azaan73@example.org,Arrah,Manipur,1978-11-13,Business,2024-04-02
C005600,Arjun,Sarna,utkarsh80@example.net,Unnao,Andhra Pradesh,1971-10-19,Standard,2025-06-02
C005601,Hemangini,Chahal,gchad@example.com,Shahjahanpur,Andhra Pradesh,2005-09-06,Standard,2023-05-07
C005602,Wyatt,Desai,kapte@example.org,Bangalore,Mizoram,1978-10-31,Premium,2023-04-11
C005603,Pranav,Bali,hemal40@example.org,Cuttack,Himachal Pradesh,1992-11-07,Premium,2025-12-27
C005604,Tanish,Gokhale,qushinagar@example.com,Panihati,Maharashtra,1956-02-21,Standard,2024-01-05
C005605,Anirudh,Dutta,divya61@example.org,Tumkur,Sikkim,1974-06-02,Business,2022-01-13
C005606,Hritik,Andra,basaknicholas@example.org,Ulhasnagar,Goa,1999-05-05,Business,2026-01-07
C005607,Naksh,Bains,chandresh41@example.com,Warangal,Jharkhand,1994-07-24,Standard,2022-12-15
C005608,Tanvi,Bhasin,kotaeiravati@example.org,Chandigarh,Bihar,2001-01-08,Standard,2022-09-06
C005609,Laksh,Sethi,charita61@example.net,Danapur,Telangana,1986-10-21,Standard,2025-08-28
C005610,Odika,Suresh,fdugar@example.org,Kota,Arunachal Pradesh,1961-05-05,Premium,2024-03-27
C005611,Nathaniel,Mangat,tsolanki@example.net,Bangalore,Goa,1960-01-03,Standard,2026-01-14
C005612,Ekaja,Sangha,shauryarama@example.org,Ramagundam,Kerala,2006-05-19,Business,2026-02-27
C005613,Charvi,Vohra,thakkaraarna@example.net,Ahmedabad,Mizoram,2005-04-08,Premium,2023-09-11
C005614,Ubika,Talwar,rachit74@example.com,Nizamabad,Mizoram,1960-12-19,Standard,2025-09-03
C005615,Barkha,Sundaram,darshseth@example.net,Sagar,Assam,1966-06-22,Premium,2026-02-20
C005616,Yachana,Puri,varenya35@example.org,Parbhani,Madhya Pradesh,2006-01-13,Business,2023-10-20
C005617,Viraj,Agrawal,harinakshi86@example.com,Ahmednagar,Uttarakhand,1954-07-18,Premium,2024-08-04
C005618,Orinder,Vyas,jackson13@example.net,Kanpur,Bihar,1971-02-22,Business,2023-03-08
C005619,Faris,Sami,sahnisneha@example.com,Vadodara,Rajasthan,1991-05-04,Standard,2024-02-01
C005620,Lila,Sura,noah55@example.net,Bhagalpur,Nagaland,1954-04-12,Business,2026-05-24
C005621,Hardik,Sarin,bhanumatikaur@example.org,Sangli-Miraj & Kupwad,Maharashtra,1956-03-14,Premium,2025-06-21
C005622,Varsha,Munshi,jkala@example.net,Purnia,Kerala,1970-02-03,Business,2021-10-16
C005623,Aachal,Agate,inaya27@example.org,Berhampur,Maharashtra,1995-09-16,Standard,2026-06-15
C005624,Parth,Varma,viswanathangirik@example.org,Jalna,Arunachal Pradesh,2000-09-25,Premium,2025-12-15
C005625,Rayaan,Sarma,suhani19@example.com,Bhimavaram,Nagaland,1959-07-19,Standard,2022-09-14
C005626,Irya,Desai,ubahri@example.net,Kavali,Uttar Pradesh,1949-01-10,Premium,2024-08-20
C005627,Nitara,Sant,nluthra@example.com,Ulhasnagar,Tamil Nadu,2002-06-16,Standard,2022-10-12
C005628,Aradhana,Grewal,farhan08@example.org,Orai,Andhra Pradesh,1973-06-13,Business,2025-12-15
C005629,Ojas,Palla,amaira44@example.net,Etawah,Kerala,2007-09-19,Standard,2024-05-29
C005630,Widisha,Kashyap,samavyanjana@example.org,Jehanabad,Nagaland,2003-04-01,Premium,2024-11-01
C005631,Samar,Madan,vamakshigokhale@example.com,Sikar,Meghalaya,1995-08-28,Premium,2024-03-20
C005632,Karan,Ben,nagigaurika@example.net,Rewa,Manipur,1960-07-05,Premium,2025-03-23
C005633,Damyanti,Dhar,devikakapur@example.org,Kadapa,Kerala,1977-06-18,Standard,2024-07-18
C005634,Samaksh,Dewan,mallickarin@example.com,Vijayanagaram,Chhattisgarh,1985-11-05,Premium,2022-01-04
C005635,Damini,Chatterjee,sampathyagnesh@example.com,Amaravati,Bihar,1950-03-08,Standard,2025-11-16
C005636,Aarush,Sidhu,kdatta@example.org,Gulbarga,Karnataka,1988-12-23,Standard,2024-07-20
C005637,Xavier,Chaudhuri,anusha88@example.com,Sikar,Kerala,1956-01-13,Standard,2024-01-13
C005638,Priya,Mammen,baradurvi@example.org,Jorhat,Manipur,1975-04-29,Premium,2025-06-05
C005639,Hardik,Mohan,fgole@example.net,Durgapur,Himachal Pradesh,1950-12-25,Business,2025-08-08
C005640,Watika,Srinivas,tamanna95@example.net,Ahmednagar,Tripura,1952-04-12,Standard,2022-11-28
C005641,Joshua,Mutti,neel15@example.org,Adoni,Sikkim,1991-09-26,Premium,2022-11-07
C005642,Yasti,Tella,usinghal@example.net,Sultan Pur Majra,Maharashtra,1950-02-04,Premium,2022-12-09
C005643,Udarsh,Tella,bachittarchoudhury@example.net,Miryalaguda,Meghalaya,1998-10-01,Standard,2026-05-13
C005644,Abhiram,Narasimhan,karaudant@example.org,Amritsar,Uttarakhand,1955-03-07,Business,2025-04-09
C005645,Watika,Saha,fdugal@example.net,Bangalore,Arunachal Pradesh,1992-06-14,Business,2023-02-06
C005646,Kamya,Saxena,voza@example.com,Pondicherry,Jharkhand,1992-02-28,Standard,2025-04-14
C005647,Yug,Sastry,madangagan@example.org,Meerut,Tamil Nadu,2006-11-11,Standard,2022-12-05
C005648,Raghav,Kunda,darshbanerjee@example.com,Bijapur,Haryana,1972-12-08,Standard,2022-12-10
C005649,Dev,Bala,qushi96@example.com,Ulhasnagar,West Bengal,2005-01-13,Business,2022-07-24
C005650,Inaya,Balakrishnan,om77@example.net,Karnal,Punjab,2000-11-02,Business,2023-11-03
C005651,Rajata,Sani,odora@example.com,Kozhikode,Maharashtra,1960-02-29,Business,2025-02-22
C005652,Jagat,Dara,devansh19@example.net,Mysore,Rajasthan,1983-05-23,Business,2026-03-15
C005653,Dhriti,Shukla,misrarayaan@example.com,Sangli-Miraj & Kupwad,Uttarakhand,1952-01-22,Standard,2025-10-03
C005654,Anika,Sodhi,wgarg@example.org,Udupi,Jharkhand,1945-12-17,standard,2024-02-28
C005655,Madhavi,Ray,esachdev@example.net,Nagpur,Manipur,2004-06-23,Premium,2025-08-24
C005656,Ishaan,Keer,aachal32@example.net,Satara,Jharkhand,1960-05-08,Business,2022-07-16
C005657,Panini,Kadakia,znagi@example.net,Danapur,Goa,1978-12-15,Standard,2023-01-11
C005658,Mitali,Singh,bhatiajeremiah@example.com,Tirunelveli,Himachal Pradesh,1995-01-08,Business,2025-12-28
C005659,Hritik,Thaker,bandivasudha@example.org,Ahmedabad,Sikkim,1986-12-19,Standard,2026-03-05
C005660,Ganga,Bhardwaj,pallapallavi@example.org,Bhilai,Punjab,1995-02-03,Standard,2021-08-11
C005661,Madhav,Bala,gavinshanker@example.com,Naihati,Sikkim,1995-06-17,Business,2026-07-19
C005662,Omisha,Bobal,tara04@example.com,Guntakal,Sikkim,1945-11-26,Standard,2021-11-20
C005663,Dhruv,Mody,arin20@example.net,Mathura,Uttarakhand,1980-05-17,Business,2025-12-09
C005664,Ryan,Barman,divanchandresh@example.org,Chennai,Haryana,1984-01-19,Business,2025-06-16
C005665,Robert,Sami,nmohanty@example.net,Bidhannagar,Maharashtra,1966-06-13,Premium,2023-10-20
C005666,Bhavya,Sule,dadazilmil@example.com,Sirsa,Bihar,1973-05-06,Business,2024-06-11
C005667,Fariq,Bawa,zansi77@example.org,Firozabad,Telangana,1972-10-03,Business,2025-04-21
C005668,Yasti,Gade,peter50@example.org,Ghaziabad,Odisha,2004-06-16,Business,2025-06-23
C005669,Garima,Shetty,kapoorwarda@example.net,Bally,Mizoram,1985-03-04,Premium,2022-02-23
C005670,Samarth,Gera,jason23@example.net,Bettiah,Haryana,1971-07-06,Premium,2026-02-11
C005671,Harita,Sachdeva,sharmadominic@example.com,Ramgarh,Assam,1946-06-28,Business,2026-03-07
C005672,Chandresh,Doctor,parekhfiyaz@example.com,Kadapa,West Bengal,1957-08-10,Standard,2024-08-16
C005673,Ishwar,Sarkar,dapte@example.org,Sirsa,Sikkim,1953-03-05,Premium,2023-05-08
C005674,Bakhshi,Datta,yashasvi26@example.com,Proddatur,Gujarat,1993-07-06,Premium,2024-06-22
C005675,Amruta,Sunder,hiteshsachdeva@example.net,Sagar,Meghalaya,1984-06-30,Standard,2022-07-15
C005676,Amrita,Sabharwal,devika32@example.com,Asansol,Mizoram,1958-10-02,Premium,2026-02-11
C005677,Rachana,Ratti,fpatel@example.net,Arrah,Odisha,2007-01-11,Business,2024-06-20
C005678,Ronith,Rai,irya96@example.net,Satna,Karnataka,1998-09-18,Standard,2022-04-10
C005679,Dayamai,Keer,rdubey@example.com,Jalna,Andhra Pradesh,1969-03-08,Standard,2023-10-08
C005680,Devika,Varghese,ysura@example.net,Giridih,Himachal Pradesh,1983-04-26,Premium,2026-05-02
C005681,Nakul,Rama,omyanagar@example.com,Barasat,Assam,2006-09-08,Premium,2023-04-23
C005682,Abha,Kuruvilla,harini29@example.org,Rewa,Tripura,1992-03-05,Business,2023-11-03
C005683,Prisha,Jayaraman,gunbirnarasimhan@example.org,Kirari Suleman Nagar,Kerala,1959-12-20,Premium,2025-08-06
C005684,Chakradhar,Oommen,msuri@example.org,Korba,Jharkhand,1946-09-05,Business,2021-10-29
C005685,Sathvik,Kashyap,balendrathakur@example.net,Moradabad,West Bengal,1986-02-08,Business,2024-01-10
C005686,Upma,Setty,bachittarmaster@example.net,Anand,Gujarat,1988-09-11,Premium,2024-05-24
C005687,Nakul,Arora,ikbalguha@example.net,Bhiwandi,Jharkhand,1969-08-13,Business,2026-04-04
C005688,Jacob,Gole,sahayasti@example.com,Bahraich,Telangana,1982-07-05,Business,2023-10-10
C005689,Mohini,Varughese,vrege@example.com,Ichalkaranji,Odisha,1956-12-22,Business,2024-08-28
C005690,Nakul,Sunder,xahuja@example.net,Parbhani,Manipur,1997-07-18,Standard,2023-01-28
C005691,Omisha,Venkataraman,kashishbala@example.com,Bhubaneswar,Assam,1988-07-18,Business,2025-05-07
C005692,Sanya,Kalla,achowdhury@example.org,Kavali,Meghalaya,1985-12-21,Premium,2021-10-11
C005693,Ekalinga,Bhat,cnarayan@example.net,Kamarhati,Bihar,2001-03-29,Standard,2022-01-13
C005694,Yug,Mistry,devanshdalal@example.net,Bidar,Telangana,1984-08-05,Premium,2026-05-07
C005695,Ishaan,Varty,aarav66@example.com,Fatehpur,Rajasthan,1997-10-22,Premium,2025-03-27
C005696,Utkarsh,Khurana,lsharaf@example.com,Guwahati,Meghalaya,2004-03-21,Standard,2021-08-10
C005697,Farhan,Balan,zarna75@example.net,Gulbarga,Nagaland,1946-11-19,Standard,2023-10-27
C005698,Idika,Ramakrishnan,zkar@example.net,Morbi,Tamil Nadu,1965-11-06,Business,2022-06-05
C005699,Vedhika,Issac,srama@example.net,Nanded,Rajasthan,1958-04-19,Premium,2025-06-09
C005700,Vincent,Chawla,omyasule@example.com,Solapur,Nagaland,1998-12-13,Standard,2021-10-25
C005701,Yochana,Aggarwal,kurianjatin@example.org,Agartala,Goa,1964-10-18,Premium,2024-10-06
C005702,Isaiah,Contractor,parth31@example.net,Hazaribagh,Tamil Nadu,1996-07-31,Business,2025-09-30
C005703,Veda,Bhandari,dakshadeshmukh@example.net,Ongole,Uttar Pradesh,1992-03-11,Business,2024-10-17
C005704,Lopa,Wable,kanand@example.org,Jaipur,Goa,1981-07-02,Business,2021-10-16
C005705,Indira,Kala,udarshgole@example.com,Miryalaguda,Himachal Pradesh,1949-01-31,Premium,2025-12-30
C005706,Jeremiah,Sastry,hema74@example.org,Kanpur,Andhra Pradesh,2006-11-18,Business,2021-09-27
C005707,Daniel,Chaudhry,jhalak24@example.org,Akola,West Bengal,1970-05-08,Business,2022-07-07
C005708,Madhavi,Kuruvilla,knagi@example.net,Moradabad,Tripura,1964-01-24,Standard,2022-01-12
C005709,Nakul,Rajagopal,xavier46@example.net,Thane,Tamil Nadu,1994-01-13,Premium,2024-03-06
C005710,Upkaar,Sathe,tandonwishi@example.com,Amaravati,Goa,1998-07-23,Business,2024-09-06
C005711,Forum,Patil,dayitamane@example.com,Khora ,Tamil Nadu,1976-09-25,Standard,2022-10-09
C005712,Siya,Bhattacharyya,deepa44@example.net,Latur,Kerala,1948-04-10,Business,2023-12-27
C005713,Warhi,Datta,modieiravati@example.org,Muzaffarnagar,Rajasthan,2000-04-23,Business,2024-12-25
C005714,Qabil,Bera,chandapavani@example.com,Tezpur,Telangana,1995-05-22,Premium,2022-05-12
C005715,Charvi,Banik,acharyadipta@example.com,Barasat,Uttar Pradesh,1976-04-07,Business,2022-01-27
C005716,Udyati,Kakar,ishitakapoor@example.com,Aurangabad,Rajasthan,1960-10-30,Standard,2026-02-05
C005717,Ekbal,Grover,warinder12@example.org,Ratlam,Arunachal Pradesh,1983-04-19,Business,2022-11-02
C005718,Neel,Deol,hardikkhare@example.net,Nangloi Jat,West Bengal,1957-09-14,Premium,2023-08-31
C005719,Indali,Raju,znarasimhan@example.com,Gandhidham,Nagaland,1973-03-10,Standard,2022-08-13
C005720,Atharv,Dhaliwal,khalsagaurav@example.org,Howrah,Goa,1966-04-09,Premium,2022-03-13
C005721,Gavin,Nayak,kaurchatresh@example.net,Mirzapur,Meghalaya,1955-04-05,Premium,2022-09-28
C005722,Aarnav,Agrawal,george82@example.com,Mangalore,Tamil Nadu,1987-05-19,Premium,2024-04-09
C005723,Daniel,Mody,wnanda@example.com,Sangli-Miraj & Kupwad,Nagaland,1966-12-09,Business,2024-02-07
C005724,Samaksh,Upadhyay,vanyatrivedi@example.org,Chittoor,Kerala,1963-07-05,Premium,2024-07-11
C005725,Janani,Andra,maniayushman@example.org,Muzaffarnagar,Chhattisgarh,1991-10-29,Business,2023-02-06
C005726,Oni,Kota,vaidyajalsa@example.com,Amroha,Manipur,1973-03-07,Premium,2022-01-28
C005727,Hema,Hayre,avi00@example.net,Ballia,Manipur,1986-03-13,Standard,2023-07-19
C005728,Karan,Srivastava,nnagi@example.net,Farrukhabad,Sikkim,1985-10-28,Standard,2026-05-25
C005729,Isaac,Zachariah,,Machilipatnam,Telangana,2006-05-04,Business,2022-05-15
C005730,Agastya,Bawa,harora@example.net,Guntur,Haryana,1972-01-13,Business,2023-01-03
C005731,Advay,Memon,omaja05@example.org,Narasaraopet,Uttar Pradesh,1995-06-11,Business,2023-08-10
C005732,Sanaya,Ganguly,xiti32@example.org,Nashik,Gujarat,1961-11-01,Premium,2025-07-31
C005733,David,Gandhi,amrutagandhi@example.org,Tiruppur,Bihar,1996-03-17,Premium,2026-08-03
C005734,Logan,Magar,tmittal@example.org,Noida,Himachal Pradesh,1992-09-14,Premium,2022-02-08
C005735,Chavvi,Kari,zarna51@example.com,Amroha,Karnataka,1961-03-02,Business,2025-03-06
C005736,Rachit,Lad,lpuri@example.com,Tirunelveli,West Bengal,1966-01-18,Standard,2022-03-30
C005737,Gautami,Munshi,snair@example.net,Tadepalligudem,Jharkhand,1990-07-31,Business,2025-07-17
C005738,Eta,Borah,bagate@example.com,Gurgaon,Mizoram,1949-04-15,Standard,2024-12-23
C005739,Chandani,Palla,maharajzashil@example.net,Hapur,Telangana,1986-11-30,Standard,2022-01-21
C005740,Riya,Sachdev,qgrover@example.org,Hosur,Goa,1986-02-11,Premium,2023-08-10
C005741,Eiravati,Bora,patlabaghyawati@example.com,Hajipur,Tripura,1990-05-03,Premium,2025-04-03
C005742,Hamsini,Dara,qhayer@example.net,Kurnool,Odisha,1955-09-29,Standard,2024-11-27
C005743,Gayathri,Sagar,ravibhavya@example.com,Bharatpur,Bihar,1954-11-12,Premium,2025-08-06
C005744,Anvi,Oak,mganguly@example.org,Karimnagar,Maharashtra,1984-07-14,Standard,2025-02-20
C005745,Saanvi,Sagar,dchanda@example.org,Arrah,Chhattisgarh,2007-09-18,Premium,2021-09-09
C005746,Yatan,Rajagopalan,george07@example.net,Sikar,Goa,1949-09-18,Standard,2022-06-09
C005747,Harinakshi,Rajan,zrajagopal@example.org,Bongaigaon,Himachal Pradesh,1989-11-29,Premium,2023-03-15
C005748,Hritik,Boase,rwali@example.net,Vadodara,Meghalaya,1977-01-29,Business,2023-06-11
C005749,Jason,Kari,idikabobal@example.net,Baranagar,Gujarat,1997-07-21,Business,2023-08-23
C005750,Lohit,Choudhry,santlakshmi@example.org,Panvel,Tamil Nadu,1973-09-27,Standard,2022-02-02
C005751,Nicholas,Sandhu,ishanvi97@example.com,Katihar,Kerala,2007-03-31,Standard,2024-03-20
C005752,Mahika,Bassi,vasudhachander@example.org,Faridabad,Chhattisgarh,1969-01-30,Premium,2024-07-17
C005753,Ekanta,Edwin,fbhatt@example.com,Rewa,Haryana,1959-07-30,Standard,2024-02-10
C005754,Hemal,Madan,aryan03@example.org,Lucknow,Rajasthan,1983-06-17,Business,2024-02-05
C005755,Urvashi,Ravi,vrishtiagarwal@example.org,Tiruppur,Mizoram,2007-09-27,Premium,2025-11-12
C005756,Chanakya,Narain,yaurora@example.com,Kochi,Kerala,1997-10-22,Standard,2023-03-27
C005757,Jagdish,Shere,sahotarachit@example.org,Kumbakonam,Odisha,1955-07-31,Premium,2022-07-19
C005758,Triveni,Naik,veda33@example.org,Tadepalligudem,Chhattisgarh,1974-05-14,Business,2026-06-13
C005759,Krish,Doshi,fbedi@example.com,Kottayam,Kerala,1952-11-28,Business,2022-07-28
C005760,Yutika,Dara,aptekashvi@example.org,Alwar,Manipur,1983-10-19,Standard,2026-07-15
C005761,Tripti,Vasa,rachitadugar@example.org,Mahbubnagar,Kerala,1977-06-04,Business,2026-07-01
C005762,Oliver,Tailor,ddoctor@example.com,Phagwara,Himachal Pradesh,2006-07-11,Business,2022-11-26
C005763,Abdul,Modi,sreddy@example.org,Shimoga,Nagaland,1949-12-27,Premium,2023-02-23
C005764,Warhi,Dixit,anika08@example.net,Pallavaram,Haryana,1988-08-10,Business,2026-03-12
C005765,Yash,Warrior,naveen95@example.net,Bhiwandi,Karnataka,2005-11-15,Business,2023-11-30
C005766,Qasim,Sagar,karan30@example.org,Raiganj,Andhra Pradesh,1963-05-28,Premium,2025-10-08
C005767,Triveni,Dube,gaurangi74@example.com,Madanapalle,Meghalaya,1963-04-28,Premium,2023-03-04
C005768,Zinal,Contractor,fiyaz62@example.net,Kishanganj,Andhra Pradesh,1979-12-23,Business,2023-03-05
C005769,Manbir,Puri,yashasvianand@example.net,Rajahmundry,Bihar,1997-03-01,Business,2022-06-12
C005770,Riya,Dada,ekavir29@example.net,Bathinda,Tamil Nadu,1999-05-27,Business,2024-11-24
C005771,Yadavi,Taneja,bhattidamini@example.net,Katni,Sikkim,1976-07-19,Premium,2026-02-06
C005772,Ayaan,Dalal,parikhadvika@example.org,Bhubaneswar,Madhya Pradesh,1953-09-16,Standard,2024-01-09
C005773,Sanaya,Rau,balandev@example.com,Orai,Odisha,1977-07-16,Premium,2023-03-09
C005774,Amaira,Rai,dadaqushi@example.org,Firozabad,Tripura,1950-03-27,Business,2023-10-05
C005775,Jack,Rajan,karanoak@example.org,Shahjahanpur,Madhya Pradesh,1965-05-23,Business,2023-07-19
C005776,Vincent,Sachar,sabharwaljai@example.org,Proddatur,Himachal Pradesh,1955-10-17,Standard,2025-08-25
C005777,Bhavna,Agate,munifaraj@example.com,Suryapet,Karnataka,2002-07-04,Premium,2023-07-28
C005778,Michael,Ben,meeraluthra@example.com,Yamunanagar,Gujarat,1986-09-25,Business,2026-01-23
C005779,Aradhana,Vohra,rchand@example.net,Sagar,Kerala,1964-03-31,Premium,2025-04-30
C005780,Bachittar,Cheema,dayalriya@example.com,Bhimavaram,Telangana,1958-07-18,Business,2021-11-11
C005781,Suhani,Kala,gauri23@example.com,Jaipur,Meghalaya,1981-12-08,Business,2025-05-26
C005782,Utkarsh,Murty,ddash@example.org,Malegaon,Sikkim,1983-04-29,Standard,2023-12-06
C005783,Udyati,Mittal,fradocheema@example.com,Ozhukarai,Rajasthan,1996-09-16,Premium,2021-10-30
C005784,Warhi,Kashyap,xlall@example.net,Gandhidham,Mizoram,1950-03-24,Standard,2026-03-09
C005785,Irya,Dara,chaudharichanakya@example.org,Nizamabad,Nagaland,1957-09-13,Business,2025-02-10
C005786,Liam,Oommen,rpathak@example.net,Gangtok,Uttar Pradesh,1971-05-19,Standard,2025-09-26
C005787,Garima,Nadig,aarini77@example.com,Haridwar,Mizoram,2001-12-12,Standard,2022-10-11
C005788,Nandini,Shah,uvenkatesh@example.org,Gopalpur,Meghalaya,1956-08-19,Standard,2026-06-21
C005789,Vihaan,Anand,tchoudhury@example.net,Ajmer,Assam,1976-02-26,Premium,2022-11-29
C005790,Peter,Pradhan,chhabraaarush@example.com,Bettiah,Rajasthan,2005-10-08,Premium,2022-01-11
C005791,Manan,Sem,bparmer@example.com,Kishanganj,Jharkhand,2007-03-21,Business,2026-06-09
C005792,Tara,Nayak,aarav97@example.net,Gulbarga,Arunachal Pradesh,1971-11-10,Standard,2023-02-21
C005793,Jasmit,Gera,jagatkurian@example.net,Bally,Rajasthan,1996-10-03,Standard,2026-02-01
C005794,Veer,Behl,sarindeepa@example.org,Allahabad,Meghalaya,1951-03-26,Premium,2023-10-01
C005795,Henry,Shan,theodorebains@example.net,Ambarnath,Assam,1975-09-18,Premium,2026-03-05
C005796,Chakrika,Dewan,mohinicomar@example.net,Bongaigaon,Nagaland,1974-05-02,Business,2026-01-03
C005797,Anamika,Chaudhry,rushilbabu@example.com,Amroha,Punjab,2000-08-28,Standard,2023-10-17
C005798,Wriddhish,Minhas,chandragabriel@example.com,Rajpur Sonarpur,Karnataka,1990-04-21,Premium,2024-01-09
C005799,Chasmum,Sundaram,pmukherjee@example.com,Ahmednagar,Assam,1955-07-29,Standard,2024-05-27
C005800,Dalbir,Shanker,pdubey@example.org,Secunderabad,Bihar,1981-08-27,Business,2022-12-01
C005801,Ira,Wason,rsarma@example.net,Sonipat,Mizoram,2005-03-18,Standard,2026-04-10
C005802,Bina,Dewan,nagarekta@example.net,Gudivada,Assam,2001-08-09,Standard,2025-05-01
C005803,Max,Toor,lucky88@example.org,Medininagar,Haryana,1976-11-26,Standard,2026-03-24
C005804,Ijaya,Mahal,bathfarhan@example.com,Tirupati,Arunachal Pradesh,1951-05-21,Premium,2025-08-16
C005805,Harsh,Kalla,saanvi98@example.org,Srinagar,Sikkim,1999-11-05,Premium,2026-07-21
C005806,Warda,Tak,ekanta65@example.org,Pune,Arunachal Pradesh,1984-10-26,Business,2023-02-09
C005807,Madhav,Mammen,shauryapatel@example.com,Nadiad,Uttar Pradesh,1998-03-01,Standard,2023-11-14
C005808,Libni,Halder,shanwakeeta@example.org,Tirupati,Maharashtra,1991-10-21,Standard,2022-08-01
C005809,Tamanna,Saraf,dluthra@example.net,Rewa,Odisha,1989-05-03,Business,2021-12-14
C005810,Pratyush,Garg,lucky61@example.org,Ahmedabad,Uttarakhand,1955-06-16,Standard,2024-01-13
C005811,Onkar,Sani,sdeep@example.net,Dehradun,Sikkim,1979-06-11,Business,2023-09-24
C005812,Priya,Banik,slala@example.org,Pali,Uttar Pradesh,1980-06-06,Business,2024-01-11
C005813,Om,Jaggi,harsh47@example.org,Surendranagar Dudhrej,Tamil Nadu,1968-08-27,Business,2023-01-19
C005814,Gayathri,Lad,ronithjani@example.com,North Dumdum,Uttarakhand,1996-04-11,Standard,2021-12-27
C005815,Yashvi,Bumb,fdhaliwal@example.com,Nizamabad,Uttarakhand,1949-07-20,Premium,2021-09-04
C005816,Irya,Bakshi,fchoudhary@example.com,Khora ,Sikkim,1992-12-17,Premium,2023-03-27
C005817,Vasana,Purohit,udarsh49@example.com,Bally,Punjab,1998-05-13,Business,2024-02-21
C005818,Jason,Ahluwalia,qarinbhatti@example.net,Guntur,Andhra Pradesh,1963-03-04,Standard,2023-06-30
C005819,Zayyan,Lall,kavyadalia@example.org,Ghaziabad,Gujarat,1969-10-04,Premium,2023-04-07
C005820,Jai,Kothari,warhi62@example.com,Thanjavur,Nagaland,1973-03-06,Standard,2024-12-05
C005821,Abdul,Jaggi,wazir83@example.org,Agra,Sikkim,1964-06-29,Business,2021-12-20
C005822,Chasmum,Shenoy,sanayasavant@example.org,Dewas,Punjab,1986-10-24,Premium,2023-10-30
C005823,Harini,Grewal,dmittal@example.org,Mangalore,Tripura,1997-08-18,Standard,2022-01-23
C005824,Brijesh,Bir,yashicakunda@example.org,Ambala,Gujarat,1965-04-03,Standard,2025-11-26
C005825,Urvashi,Mittal,lipikamukhopadhyay@example.com,Kishanganj,Jharkhand,1970-01-22,Standard,2024-10-20
C005826,Wishi,Dey,onarang@example.com,Satara,Madhya Pradesh,1995-09-28,Business,2025-08-14
C005827,Eta,Pillai,fsami@example.org,Sambhal,Chhattisgarh,1960-06-14,Premium,2024-02-27
C005828,Nandini,Korpal,ladganga@example.com,Orai,Manipur,1966-08-29,Standard,2025-06-08
C005829,Isha,Chacko,lilakohli@example.net,Sangli-Miraj & Kupwad,Tamil Nadu,1949-05-01,Business,2023-07-10
C005830,Harini,Bhagat,ybasu@example.net,Kochi,Uttarakhand,1949-08-10,Premium,2022-02-05
C005831,Yashoda,Nair,khatrijalsa@example.com,Panvel,Karnataka,1956-12-19,Business,2024-03-27
C005832,Chatresh,Krishnan,anamikasampath@example.net,Silchar,Andhra Pradesh,2005-05-13,Standard,2022-01-30
C005833,Manan,Suresh,ymall@example.net,Guntur,Sikkim,1984-11-22,Business,2023-02-08
C005834,Irya,Soman,sureshnathan@example.net,Dindigul,Karnataka,1949-01-02,Business,2023-04-01
C005835,Ubika,Lal,fkashyap@example.com,Suryapet,West Bengal,1979-03-21,Business,2023-12-22
C005836,Chasmum,Goel,iyeryuvraj@example.net,Bhalswa Jahangir Pur,Sikkim,1964-06-09,Business,2021-09-04
C005837,Nandini,Zachariah,qwagle@example.net,Ambala,Haryana,1979-09-12,Standard,2025-08-22
C005838,Umang,Venkataraman,alexandernaidu@example.org,Danapur,West Bengal,1987-11-01,Business,2025-03-20
C005839,Bhavna,Atwal,prakashtanveer@example.org,Tadepalligudem,Gujarat,2001-12-30,Business,2022-03-13
C005840,Yasti,Baral,balvansastry@example.org,Kollam,Punjab,1970-03-04,Premium,2024-08-16
C005841,Ikbal,Narasimhan,arinjohal@example.com,Katihar,Jharkhand,1960-01-13,Standard,2025-07-14
C005842,Veer,Nagarajan,wmaharaj@example.net,Mango,Jharkhand,1989-10-24,Premium,2022-08-27
C005843,Vrinda,Peri,mekhaladeo@example.net,Belgaum,Madhya Pradesh,1956-10-07,Business,2025-01-08
C005844,Maanav,Wable,xjain@example.org,Solapur,Nagaland,1967-03-14,Business,2024-10-18
C005845,Tarak,Kata,charankonda@example.net,Bhilwara,Karnataka,1964-01-24,Business,2026-06-26
C005846,Dipta,Chaudhari,tchatterjee@example.org,Bally,Manipur,1990-04-19,Premium,2026-04-21
C005847,Tanveer,Sachdev,vedika51@example.net,North Dumdum,Uttarakhand,1951-01-20,Standard,2026-01-13
C005848,Zilmil,Sibal,ithakur@example.com,Alappuzha,Haryana,2005-01-15,Standard,2022-03-12
C005849,Ekiya,Srinivasan,vamakshi61@example.net,Mysore,Manipur,2003-09-04,Premium,2026-01-18
C005850,Dominic,Shukla,ntiwari@example.org,Srikakulam,Haryana,1957-12-10,Premium,2025-11-03
C005851,Gopal,Mahajan,prakashgeorge@example.net,Jhansi,Assam,1973-11-23,Business,2022-11-12
C005852,Faqid,Kaur,ahluwaliaupma@example.net,Amaravati,Tamil Nadu,1977-09-21,Premium,2025-09-13
C005853,Arya,Verma,imenon@example.com,Tiruvottiyur,Mizoram,2004-02-12,Standard,2025-10-27
C005854,Frederick,Basak,daswilliam@example.com,Chittoor,West Bengal,1951-09-02,Business,2024-02-01
C005855,Ganga,Batta,vmital@example.com,Phusro,Rajasthan,1968-11-22,Business,2025-03-25
C005856,Zilmil,Karpe,zilmilhora@example.com,Panvel,Maharashtra,2003-05-15,Business,2023-11-25
C005857,Forum,Bakshi,warjasdhar@example.com,Ghaziabad,Tamil Nadu,1980-07-27,Standard,2026-06-21
C005858,Zehaan,Varughese,gardeyashodhara@example.net,Adoni,Karnataka,1976-12-15,Business,2025-02-25
C005859,Abhiram,Babu,tbera@example.com,Allahabad,Madhya Pradesh,1949-01-03,Standard,2024-09-18
C005860,Hamsini,Mody,fariqkala@example.org,Proddatur,Maharashtra,1962-07-13,Premium,2023-10-06
C005861,Naksh,Deshpande,jackson01@example.net,Sagar,Bihar,1958-04-05,Standard,2025-07-14
C005862,Ekbal,Deshpande,xnatt@example.com,Guntakal,Sikkim,2003-12-30,standard,2021-12-19
C005863,Parth,Kashyap,kantsaumya@example.org,Faridabad,Tripura,2007-09-06,Standard,2021-12-01
C005864,Hemal,Thaman,hlad@example.net,Rohtak,Madhya Pradesh,1984-12-08,Premium,2022-05-20
C005865,Mitesh,Balakrishnan,shivansh21@example.net,Rajkot,Rajasthan,1998-12-17,Premium,2026-02-20
C005866,Bhavini,Lata,dhingragirindra@example.org,Ludhiana,Meghalaya,1951-08-25,Business,2026-03-03
C005867,Tanvi,Gokhale,ozalopa@example.net,Chandrapur,Jharkhand,1967-10-28,Premium,2025-07-30
C005868,Rushil,Patla,ranaakshay@example.net,Bhubaneswar,Maharashtra,1960-05-02,Business,2023-11-09
C005869,Gautami,Rana,ekanshdey@example.org,Nagpur,Maharashtra,1999-08-17,Standard,2024-07-17
C005870,Ubika,Parekh,desairanveer@example.com,Kozhikode,Jharkhand,1951-01-10,Premium,2021-11-14
C005871,Aashi,Subramanian,lbuch@example.org,Bahraich,Meghalaya,1999-12-18,Business,2026-05-04
C005872,Benjamin,Kashyap,gauravprakash@example.org,Gandhinagar,Meghalaya,1951-05-06,Business,2026-06-18
C005873,Ayaan,Ghosh,hdeep@example.com,Gaya,Tamil Nadu,1991-08-06,Premium,2022-08-02
C005874,Fitan,Dhaliwal,latanirja@example.net,South Dumdum,Chhattisgarh,2000-04-14,Standard,2026-06-10
C005875,Vaishnavi,Gera,aaravsankaran@example.com,Giridih,Andhra Pradesh,1984-03-19,Premium,2026-05-19
C005876,Balveer,Bir,ojasdate@example.com,Amroha,Uttarakhand,1975-10-16,Business,2022-01-02
C005877,Krish,Salvi,noah07@example.com,Nashik,Meghalaya,1959-07-16,Business,2022-04-23
C005878,Balendra,Chakrabarti,vidhi16@example.net,Rohtak,Maharashtra,1975-12-14,Business,2026-06-15
C005879,Chaitaly,Rout,jagdishshan@example.net,Bihar Sharif,Haryana,1983-10-23,Standard,2025-02-20
C005880,Adya,Apte,borraamrita@example.org,Tirunelveli,Tripura,1971-07-21,Business,2024-07-26
C005881,Vasatika,Taneja,shravyarajan@example.com,Udaipur,Jharkhand,2002-10-17,Standard,2025-07-13
C005882,Riya,Purohit,ayaan20@example.org,Kanpur,Andhra Pradesh,1993-05-08,Premium,2023-10-17
C005883,Ekanta,Kala,charlesbasu@example.com,New Delhi,Goa,1964-08-26,Business,2026-03-06
C005884,Tanay,Saxena,rhayre@example.com,Ahmednagar,Himachal Pradesh,2006-10-23,Business,2025-04-14
C005885,Wridesh,Chakrabarti,udevi@example.com,Aurangabad,Mizoram,1949-11-29,Standard,2021-12-12
C005886,Mahika,Mahal,osaini@example.com,Thiruvananthapuram,Assam,1970-01-06,Standard,2023-11-30
C005887,Ekiya,Anne,inayagoswami@example.com,Siliguri,Uttar Pradesh,1955-02-20,Business,2025-06-03
C005888,Unnati,Barad,kamyabalasubramanian@example.com,Thane,Uttarakhand,2003-10-18,Standard,2023-12-02
C005889,Jagrati,Date,pantnetra@example.net,Kamarhati,Tripura,1968-03-28,Standard,2023-02-12
C005890,Yashawini,Bali,mrao@example.com,Nadiad,Telangana,1987-12-02,Premium,2025-10-14
C005891,Victor,Baral,baljiwan53@example.com,Burhanpur,Odisha,1973-08-22,Premium,2025-04-01
C005892,Ekaraj,Warrior,ebhagat@example.com,Meerut,Bihar,1959-08-30,Standard,2022-12-11
C005893,Owen,Vig,garimagarg@example.net,Karaikudi,Bihar,1982-09-14,Premium,2026-06-30
C005894,Yashoda,Dewan,sainivyanjana@example.org,Ballia,Nagaland,1969-01-05,Standard,2023-11-04
C005895,Jagat,Sarin,aahana51@example.net,Ujjain,Odisha,1989-10-11,Standard,2024-02-18
C005896,Raghav,Bail,hayerpraneel@example.net,Jhansi,Uttar Pradesh,1947-07-07,Standard,2023-07-27
C005897,Amruta,Mital,jayaramanmaanav@example.org,Tirupati,Rajasthan,2003-12-20,Standard,2022-10-04
C005898,Sachi,Toor,chandranamol@example.org,Ambarnath,Punjab,1982-09-14,Standard,2023-09-29
C005899,Pranav,Minhas,hgala@example.org,Satara,Meghalaya,1993-03-17,Business,2024-05-09
C005900,Waida,Verma,kalaorinder@example.com,Sagar,Himachal Pradesh,1963-01-07,Standard,2022-01-27
C005901,Darika,Goel,bahlpatrick@example.com,Solapur,Uttarakhand,1977-10-28,Premium,2026-08-06
C005902,Kavya,Gade,shivanshsom@example.net,Munger,Odisha,1984-04-23,Standard,2026-07-15
C005903,Faraj,Anne,aarnawalla@example.net,Surendranagar Dudhrej,Tamil Nadu,2002-11-17,Standard,2024-01-04
C005904,Arya,Koshy,fkhatri@example.org,Dehri,Andhra Pradesh,1963-03-08,Business,2025-04-08
C005905,Agastya,Manda,balhaar26@example.com,Alwar,Punjab,1982-08-24,Premium,2023-12-06
C005906,Chaman,Gaba,parthyogi@example.com,Ramgarh,Tamil Nadu,1949-03-25,Business,2024-09-14
C005907,Brijesh,Sarkar,umangbatta@example.net,Saharanpur,Kerala,1998-02-05,Business,2023-09-05
C005908,Sathvik,Lad,adyasrivastava@example.org,Ichalkaranji,Uttarakhand,1949-01-01,Premium,2021-10-20
C005909,Saumya,Ahuja,unnati74@example.org,Aizawl,Bihar,2006-01-31,Premium,2025-10-24
C005910,Wriddhish,Mohan,dadaanvi@example.com,Sonipat,Sikkim,1982-12-23,Standard,2021-11-13
C005911,Jai,Bhat,elijahswamy@example.com,Hubli–Dharwad,Tamil Nadu,2008-02-29,Premium,2024-03-19
C005912,Fiyaz,Sachdeva,meera95@example.net,Latur,Meghalaya,1976-08-09,Standard,2025-10-14
C005913,Pranav,Doctor,yuvraj06@example.net,Bettiah,Tamil Nadu,2005-08-05,Premium,2026-07-02
C005914,Hamsini,Kapadia,tarakwali@example.net,Tiruchirappalli,Uttar Pradesh,1946-01-31,Business,2024-01-16
C005915,Ucchal,Cheema,abhatti@example.net,Morbi,Punjab,1983-08-26,Premium,2026-01-02
C005916,Idika,Chacko,karan01@example.org,Gurgaon,Rajasthan,1981-03-24,Premium,2026-03-28
C005917,Lakshmi,Dass,tellayasti@example.net,Fatehpur,Rajasthan,2008-06-27,Premium,2022-07-06
C005918,Edhitha,Ratta,kibewridesh@example.org,Ongole,Karnataka,1962-05-21,Standard,2021-09-19
C005919,Caleb,Mangat,,Ramagundam,Bihar,1972-02-19,Business,2022-12-29
C005920,Alka,Pathak,xbahri@example.org,Motihari,Tamil Nadu,1994-03-08,Premium,2021-11-23
C005921,Radha,Krishna,odika37@example.org,Durg,Gujarat,1976-10-22,Business,2023-03-14
C005922,Lajita,Mann,apradhan@example.com,Adoni,Uttarakhand,1951-06-26,Premium,2024-01-11
C005923,Darika,Comar,vguha@example.net,Darbhanga,Punjab,1979-10-18,Standard,2022-01-31
C005924,Omaja,Singh,halderjackson@example.org,Karaikudi,Haryana,2004-11-28,Business,2026-06-23
C005925,Warinder,Doctor,fpillay@example.net,Noida,Himachal Pradesh,2005-12-01,Business,2023-10-04
C005926,Yuvraj,Ahuja,zchanda@example.com,Jamalpur,Nagaland,2006-11-30,Business,2025-03-23
C005927,Raksha,Tiwari,darikadasgupta@example.com,Chennai,Punjab,2008-07-13,Standard,2026-06-09
C005928,Brijesh,Kothari,bhatrushil@example.com,Meerut,Andhra Pradesh,1947-02-25,Standard,2021-10-14
C005929,Ekalinga,Varghese,neha73@example.org,Mahbubnagar,Goa,1982-06-07,Business,2022-09-04
C005930,Faqid,Bora,nagarajanekaraj@example.com,Arrah,Andhra Pradesh,1962-03-13,Standard,2024-07-19
C005931,Jai,Srivastava,chaudharyleena@example.org,Durgapur,Bihar,1976-05-09,Standard,2024-09-20
C005932,Aryan,Bajaj,kevindewan@example.net,Mysore,Nagaland,2004-02-25,Standard,2024-05-21
C005933,Eesha,Srinivasan,nakul73@example.com,Barasat,Assam,1990-04-15,Standard,2024-12-15
C005934,Frederick,Solanki,agastya58@example.com,Muzaffarnagar,Manipur,1963-05-07,Premium,2022-05-07
C005935,Amol,Sibal,dsaran@example.net,Pondicherry,Chhattisgarh,1957-05-07,Premium,2025-06-25
C005936,Warinder,Guha,gnayak@example.net,Eluru,Rajasthan,2006-11-19,Premium,2023-02-05
C005937,Rayaan,Dugar,pratyushparikh@example.net,Aligarh,West Bengal,2003-08-27,Business,2025-01-18
C005938,Ranveer,Gera,nsinghal@example.net,Burhanpur,Assam,1995-04-27,Business,2024-01-01
C005939,Wyatt,Sarna,sinhalibni@example.net,Kishanganj,West Bengal,1955-10-20,Standard,2023-04-25
C005940,Hemangini,Mangat,brijesh45@example.com,Aurangabad,Haryana,1989-09-29,Premium,2024-06-29
C005941,Andrew,Chada,patrick24@example.com,Begusarai,Jharkhand,1969-02-28,Premium,2025-12-14
C005942,Indira,Deol,ekavirmanne@example.org,Gorakhpur,Himachal Pradesh,1947-10-03,Standard,2024-08-03
C005943,Tamanna,Borde,mahajanjeet@example.org,Bhimavaram,Punjab,1994-10-05,Business,2021-11-16
C005944,Ubika,Lad,abhiram45@example.org,Madanapalle,Telangana,1954-08-27,Standard,2025-01-01
C005945,Mitali,Kamdar,pahal76@example.org,Pimpri-Chinchwad,Nagaland,2007-09-22,Standard,2023-10-18
C005946,Xiti,Chaudhry,jchatterjee@example.org,Hazaribagh,Manipur,1992-12-16,Premium,2021-10-18
C005947,Ranveer,Keer,sarkararjun@example.com,Latur,Kerala,1958-02-04,Premium,2022-09-06
C005948,Libni,Ravi,raagini98@example.com,Chandrapur,Kerala,1989-04-26,Premium,2022-09-16
C005949,Mason,Prabhu,wahabtrivedi@example.com,Rajkot,Telangana,1975-05-08,Premium,2024-05-22
C005950,Samesh,Bumb,boraishani@example.com,Berhampur,Uttarakhand,1955-07-21,Business,2025-12-10
C005951,Wyatt,Handa,ojas22@example.org,Ambarnath,Maharashtra,1971-08-31,Premium,2022-05-01
C005952,Oni,Chatterjee,ekiyakurian@example.com,Guntur,Odisha,1998-08-04,Standard,2026-04-04
C005953,Thomas,Kohli,krishnakunda@example.net,Barasat,Arunachal Pradesh,1974-11-05,Premium,2022-11-08
C005954,Krisha,Ramachandran,azad71@example.org,Nanded,Maharashtra,1947-01-05,Premium,2025-03-11
C005955,Ekantika,Mahal,fshroff@example.org,Mango,Uttar Pradesh,1975-05-11,Standard,2024-11-03
C005956,Arin,Bal,manderzayyan@example.org,Mahbubnagar,Maharashtra,1993-09-22,Standard,2021-08-15
C005957,Jackson,Agate,libnibarad@example.com,Jabalpur,Punjab,1973-05-17,Standard,2022-06-12
C005958,Alexander,Saxena,anikamitter@example.net,Sonipat,Madhya Pradesh,1969-06-16,Business,2025-09-24
C005959,Falan,Dugar,ekiyakunda@example.com,Sagar,Meghalaya,1952-06-03,Standard,2021-09-17
C005960,Tarak,Toor,praneel68@example.org,Nadiad,Andhra Pradesh,2001-09-05,Premium,2023-11-09
C005961,Lakshmi,Baral,kavya85@example.net,Raurkela Industrial Township,Mizoram,2002-04-08,Business,2024-10-02
C005962,Zansi,Kant,chatterjeejeet@example.net,Khora ,Rajasthan,1964-02-20,Premium,2021-12-04
C005963,Damyanti,Maharaj,shaavi@example.net,Ahmednagar,Madhya Pradesh,1950-08-06,Standard,2023-03-03
C005964,Damyanti,Nair,owen65@example.net,Kolkata,Kerala,1947-07-23,Premium,2023-09-30
C005965,Vasudha,Upadhyay,omaja33@example.com,Dewas,Maharashtra,1975-11-15,Premium,2026-07-05
C005966,Charles,Aggarwal,shivanshdevi@example.com,Morbi,Chhattisgarh,1960-12-10,Premium,2025-11-29
C005967,Odika,Goda,bhanumati81@example.com,Jorhat,Punjab,1948-10-24,Business,2024-03-31
C005968,Arya,Deo,amruta15@example.org,Buxar,Gujarat,1963-11-25,Standard,2026-04-06
C005969,Faris,Goyal,yrajagopal@example.org,Sambalpur,Manipur,1947-05-17,Standard,2023-02-03
C005970,Aarnav,Kanda,bavafalan@example.com,Nadiad,Arunachal Pradesh,1987-08-04,Premium,2024-05-31
C005971,Mitali,Bhavsar,george73@example.net,Rampur,Manipur,1985-02-20,Standard,2024-02-08
C005972,Eshana,Thakkar,bachittarchakrabarti@example.net,Malegaon,Tripura,1999-01-14,Premium,2022-12-25
C005973,Anjali,Dugal,jagvi78@example.net,Yamunanagar,Rajasthan,1976-10-26,Premium,2026-03-27
C005974,Simon,Nagy,calebram@example.net,Agartala,Rajasthan,1973-08-21,Premium,2023-08-29
C005975,Urishilla,Zacharia,sarkarfalak@example.org,Raiganj,Punjab,1970-05-01,Standard,2022-06-04
C005976,Ekapad,Handa,zsinghal@example.net,Udupi,Madhya Pradesh,2007-06-24,Business,2025-08-23
C005977,Ekani,Kar,oviya16@example.org,Bidhannagar,Sikkim,1975-04-12,Business,2022-04-09
C005978,Ojasvi,Sridhar,gulatiaarini@example.net,Khammam,Goa,1949-10-19,Business,2023-08-10
C005979,Vedant,Nigam,bavachakradev@example.net,Durg,Chhattisgarh,1957-01-31,Standard,2026-03-01
C005980,Yauvani,Kulkarni,simondeo@example.org,Warangal,West Bengal,1952-06-09,Business,2022-11-10
C005981,Kamala,Yohannan,avni45@example.net,Bokaro,Tamil Nadu,1977-04-07,Business,2026-02-02
C005982,Faris,Lata,pranav75@example.com,Munger,Karnataka,1999-09-06,Standard,2023-09-30
C005983,Rohan,Nayar,abadal@example.net,Raipur,Haryana,1995-10-10,Standard,2023-08-27
C005984,Jagat,Buch,gaurang62@example.org,Buxar,Himachal Pradesh,2004-01-03,Standard,2021-10-16
C005985,Jagvi,Mammen,lipikachaudhary@example.org,Ujjain,Haryana,1960-12-10,Business,2023-06-14
C005986,Fariq,Ranganathan,kapooraarav@example.com,Bahraich,Telangana,1974-03-22,Business,2025-07-14
C005987,Divya,Purohit,anita65@example.net,Chapra,Tamil Nadu,1947-06-03,Standard,2024-05-07
C005988,Ranbir,Wable,palanzayyan@example.net,Kamarhati,Haryana,2006-04-10,Premium,2025-05-27
C005989,Shravya,Cherian,vprasad@example.com,Kota,Meghalaya,2006-06-14,Premium,2024-11-21
C005990,Krishna,Chowdhury,usha@example.com,Parbhani,Telangana,1977-08-08,Business,2024-08-10
C005991,Gauri,Saxena,kamya08@example.net,Farrukhabad,Jharkhand,1996-09-05,Business,2023-12-02
C005992,Chandani,Purohit,tanay43@example.com,Nashik,Andhra Pradesh,1960-09-16,Premium,2022-10-11
C005993,Rachit,Parikh,bhavna57@example.com,Muzaffarpur,West Bengal,1960-07-26,Standard,2021-08-21
C005994,Gopal,Gulati,shankaryutika@example.org,Bareilly,Maharashtra,1968-10-19,Business,2024-07-10
C005995,Ethan,Bala,lavanyamall@example.com,Kozhikode,Nagaland,1991-06-09,Premium,2022-01-06
C005996,Harita,Jhaveri,keerabeer@example.org,Gandhinagar,Tripura,1973-10-10,Premium,2024-08-29
C005997,Girindra,Parikh,ekiya09@example.org,Sirsa,Maharashtra,1947-07-07,Premium,2023-11-16
C005998,Hemani,Pant,mnadig@example.com,Kulti,Kerala,1960-07-17,Business,2024-03-17
C005999,Chakradev,Babu,lallmadhavi@example.com,Dibrugarh,Goa,1956-11-03,Premium,2021-10-20
C006000,Peter,Nagar,kalamitter@example.net,Hospet,Uttarakhand,1991-10-06,Standard,2026-03-30
C006001,Dayita,Nagy,kala12@example.com,Ongole,Uttarakhand,1963-02-18,Premium,2023-06-17
C006002,Girish,Mand,dalajanagy@example.org,Bangalore,Madhya Pradesh,1959-02-20,Business,2025-04-25
C006003,David,Chaudhari,pandeyreyansh@example.net,New Delhi,Himachal Pradesh,1973-06-09,Standard,2022-12-21
C006004,Chasmum,Vig,yachanarege@example.org,Anand,Nagaland,1963-08-30,Premium,2025-05-19
C006005,Hemangini,Kala,chandani34@example.org,Mathura,Nagaland,1990-02-09,Premium,2022-07-10
C006006,Dhruv,Jhaveri,ucchal71@example.net,Bhimavaram,Nagaland,1994-11-21,Premium,2023-01-26
C006007,Gayathri,Dyal,kashyapdarika@example.com,Thoothukudi,Odisha,1954-05-14,Premium,2025-08-25
C006008,Meghana,Majumdar,niharika03@example.net,Ambarnath,Uttarakhand,1964-11-09,Business,2026-04-13
C006009,Isha,Bhasin,gopalwalia@example.com,Ludhiana,West Bengal,2001-12-17,Standard,2022-08-04
C006010,Daniel,Kadakia,sakshamshukla@example.com,Sirsa,Jharkhand,1961-03-29,Premium,2023-03-16
C006011,Adweta,Wason,kannannitara@example.com,Satara,Tripura,2001-06-23,Premium,2023-12-19
C006012,Aishani,Walia,bajajfarhan@example.net,Gwalior,Arunachal Pradesh,1969-01-12,Business,2025-09-24
C006013,Alexander,Sawhney,michael06@example.com,Coimbatore,Gujarat,1956-12-04,Premium,2023-03-28
C006014,Yoshita,Rao,misrachaitaly@example.net,Jalgaon,Karnataka,1984-02-06,Standard,2025-11-28
C006015,Odika,Aurora,yogidarika@example.com,Maheshtala,Telangana,1974-03-02,Standard,2022-02-13
C006016,Sara,Borah,baildalaja@example.org,Sambhal,Karnataka,1956-02-22,Business,2022-09-22
C006017,Inaya,Kata,varenyabadami@example.org,Maheshtala,Madhya Pradesh,2003-04-18,Business,2025-09-26
C006018,Rehaan,Malhotra,anitadutta@example.com,Gorakhpur,Telangana,1971-03-11,Business,2022-10-06
C006019,Lipika,Sant,rajatabala@example.com,Jamshedpur,Andhra Pradesh,1979-09-18,Premium,2022-07-23
C006020,Riya,Kulkarni,widisha50@example.com,Tadipatri,Mizoram,1979-11-03,Standard,2023-02-19
C006021,Devika,Sami,barmanwakeeta@example.com,Munger,Madhya Pradesh,1948-01-09,Business,2024-04-27
C006022,Omisha,Sheth,ndewan@example.com,Nashik,Assam,1983-05-29,Standard,2025-10-16
C006023,Finn,De,ekantadutt@example.net,Bhilai,Tamil Nadu,1985-02-12,Business,2025-10-24
C006024,Yauvani,Bajwa,nathan71@example.net,Surat,Uttar Pradesh,1959-05-14,Business,2024-04-17
C006025,Kala,Bhalla,ckuruvilla@example.org,Tiruchirappalli,Manipur,1960-09-15,Premium,2024-06-07
C006026,Timothy,Jani,divananamika@example.com,Mau,Maharashtra,1967-01-26,Standard,2024-06-16
C006027,Ishani,Dora,pranit82@example.org,Chennai,Tamil Nadu,1948-10-16,Premium,2023-07-22
C006028,Tanay,Reddy,wagleisha@example.org,Kishanganj,Assam,1977-10-04,Business,2024-06-19
C006029,Atharv,Shankar,tanveer13@example.org,Mirzapur,West Bengal,1998-10-01,Premium,2021-08-28
C006030,Ranbir,Kakar,finnmall@example.com,Siliguri,Mizoram,1965-11-21,Standard,2025-11-05
C006031,Faris,Vohra,sidhuharsh@example.net,Ambattur,Odisha,1955-01-09,Standard,2025-12-02
C006032,Samaksh,Tella,kritika22@example.com,Surendranagar Dudhrej,Goa,1957-01-06,Business,2023-02-14
C006033,Raagini,Toor,vanya22@example.org,Satara,Himachal Pradesh,1993-10-25,Business,2024-12-02
C006034,Jasmit,Borra,rajatadoctor@example.org,Berhampore,Madhya Pradesh,1973-09-01,business,2024-10-24
C006035,Imaran,Panchal,paiwilliam@example.com,Latur,Uttar Pradesh,2006-05-18,Standard,2025-04-27
C006036,Chaaya,Kari,kbrahmbhatt@example.net,Hubli–Dharwad,Arunachal Pradesh,1981-01-25,Standard,2022-05-03
C006037,George,Garg,charita12@example.org,Bahraich,Jharkhand,1981-06-01,Standard,2022-05-16
C006038,Ria,Yogi,pnarain@example.com,Sangli-Miraj & Kupwad,Kerala,1995-04-05,Business,2024-11-24
C006039,Pranav,Balay,lekharaja@example.net,Udupi,Jharkhand,1975-06-22,Standard,2024-09-06
C006040,Ekavir,Ranganathan,amolpant@example.com,Sri Ganganagar,Assam,2000-08-05,Business,2026-02-22
C006041,Hema,Chahal,yagnesh08@example.com,Guna,Arunachal Pradesh,1951-07-26,Standard,2024-01-08
C006042,Urvashi,Choudhry,noah54@example.org,Mathura,Uttar Pradesh,1969-02-11,Standard,2023-12-24
C006043,Vasana,Balakrishnan,yaminidash@example.net,Ahmedabad,Haryana,1993-01-27,Premium,2023-10-14
C006044,Kritika,Ahuja,gkhare@example.com,Gandhidham,Uttar Pradesh,1963-06-05,Premium,2022-09-21
C006045,Gauri,Radhakrishnan,ybhardwaj@example.net,Etawah,Madhya Pradesh,1956-08-18,Standard,2024-08-25
C006046,Nitesh,Bumb,yaminiiyengar@example.net,Raurkela Industrial Township,Jharkhand,1946-08-22,Business,2025-11-05
C006047,Gayathri,Edwin,lukebhandari@example.com,Karawal Nagar,Uttarakhand,1952-02-18,Standard,2023-03-15
C006048,Finn,Keer,bachittar71@example.org,Panipat,Meghalaya,1984-07-02,Business,2025-02-08
C006049,Zayyan,Chandra,kalaamrita@example.net,Amroha,Maharashtra,1979-12-24,Premium,2023-01-05
C006050,Jason,Ravi,shaoni@example.net,Thrissur,Punjab,1951-07-15,Standard,2024-07-26
C006051,Raghav,Keer,vchatterjee@example.net,Bhiwani,Bihar,1977-05-11,Standard,2025-01-24
C006052,Udarsh,Solanki,bsetty@example.org,Hazaribagh,Nagaland,1966-08-13,Standard,2022-10-02
C006053,Harsh,Ganesan,omkaarmane@example.net,Jaunpur,Meghalaya,1966-03-20,Standard,2022-08-27
C006054,Gavin,Tailor,adugar@example.net,Lucknow,Jharkhand,1956-04-21,Business,2023-12-25
C006055,Rajeshri,Mohan,onkar97@example.org,Howrah,Chhattisgarh,2006-05-02,Standard,2025-02-02
C006056,Ayaan,Sanghvi,rayyashica@example.net,Howrah,Arunachal Pradesh,1950-03-29,Premium,2024-05-31
C006057,Kashvi,Bumb,chasmum29@example.com,Bhubaneswar,Nagaland,1955-04-25,Standard,2022-04-23
C006058,Banjeet,Sarraf,nathaniel85@example.com,Latur,Jharkhand,1975-10-10,Business,2022-09-03
C006059,Baljiwan,Pai,mukhopadhyaypratyush@example.net,Nanded,Telangana,1970-04-28,Premium,2024-05-27
C006060,Raksha,Chaudhry,dissac@example.com,Kollam,Goa,2005-06-01,Business,2021-10-11
C006061,Sai,Mukherjee,harrison66@example.net,Bilaspur,Meghalaya,1979-09-10,Standard,2024-07-21
C006062,Reyansh,Palan,jhanda@example.net,Navi Mumbai,Maharashtra,1970-06-18,Standard,2023-09-29
C006063,Ronith,Lal,sarthakgoel@example.com,Maheshtala,Sikkim,1952-12-17,Business,2022-06-26
C006064,Sneha,Ramakrishnan,swamygautami@example.org,Mumbai,West Bengal,1970-09-18,Standard,2026-06-06
C006065,Harish,Verma,ishita64@example.org,Narasaraopet,Nagaland,1997-04-15,Business,2023-03-28
C006066,Unnati,Mukhopadhyay,hanssai@example.net,Bhavnagar,Uttar Pradesh,1979-10-31,Premium,2024-10-05
C006067,William,Sahota,mohini35@example.org,Ballia,Mizoram,1974-04-20,Standard,2023-06-18
C006068,Lopa,Gopal,chaturababu@example.net,Bellary,Uttarakhand,2003-09-18,Premium,2024-04-23
C006069,Guneet,Ramachandran,krishjohal@example.org,Kalyan-Dombivli,Sikkim,1992-06-05,Premium,2022-12-09
C006070,Tanveer,Bhalla,lavanya86@example.net,Guwahati,Sikkim,1948-08-03,Premium,2026-06-04
C006071,Vamakshi,Khurana,grewalfariq@example.org,Tumkur,Tamil Nadu,1963-01-15,Business,2025-04-06
C006072,Darpan,Doctor,butalahemang@example.net,Yamunanagar,Tripura,2005-03-24,Premium,2024-10-25
C006073,Wakeeta,Barad,ansh27@example.org,South Dumdum,Haryana,1993-05-26,Business,2025-07-11
C006074,Logan,Nagarajan,lipika82@example.com,Jalandhar,Andhra Pradesh,1956-10-04,Business,2021-08-10
C006075,Chaitanya,Chauhan,rbora@example.com,Guntakal,Odisha,1994-12-18,Business,2023-09-18
C006076,Unnati,Basak,advikasaha@example.com,Vasai-Virar,Maharashtra,1997-04-17,Standard,2026-02-03
C006077,Mugdha,Ahluwalia,uamble@example.net,Sonipat,Andhra Pradesh,1979-06-02,Business,2022-11-15
C006078,Kevin,Kalla,ypatla@example.com,Guntakal,Rajasthan,1974-07-10,premium,2025-09-11
C006079,Vrishti,Dhillon,chanakya42@example.com,Phagwara,Assam,2008-02-18,Standard,2022-06-06
C006080,Nakul,Chander,mom@example.net,Kirari Suleman Nagar,Rajasthan,1953-08-05,Business,2025-02-26
C006081,Zehaan,Kari,falan44@example.org,Kolkata,Sikkim,1980-10-14,Premium,2023-07-31
C006082,Anamika,Konda,tborra@example.org,Aurangabad,Karnataka,1986-11-07,Standard,2024-09-12
C006083,Daksh,Chanda,kbir@example.com,Kottayam,Chhattisgarh,2007-12-08,Business,2022-12-29
C006084,Falguni,Sharma,qpatel@example.net,South Dumdum,Telangana,2004-03-13,Business,2021-11-27
C006085,Arin,Sethi,vasana79@example.com,Kavali,Himachal Pradesh,2004-10-13,Business,2025-12-12
C006086,Kai,Samra,ekanta30@example.org,Ratlam,Uttar Pradesh,1973-08-17,Standard,2021-11-26
C006087,Chandran,Cheema,ranveer53@example.org,Kamarhati,Mizoram,1959-08-15,Standard,2022-02-26
C006088,Ryan,Prasad,fitandeo@example.net,Sagar,Manipur,1997-05-21,Business,2021-12-02
C006089,Gaurav,Nagy,gaurang34@example.com,Jamshedpur,Punjab,1965-05-25,Business,2022-01-20
C006090,Ayush,Jain,ynair@example.com,Durg,Himachal Pradesh,1989-07-11,Standard,2024-09-03
C006091,Yuvraj,Gill,hritik78@example.org,Salem,Arunachal Pradesh,1995-07-26,Business,2025-02-11
C006092,Deepa,Dasgupta,faraj72@example.org,Rajahmundry,Tamil Nadu,1967-02-18,Premium,2021-09-19
C006093,Zaitra,Lad,vansharaval@example.com,Srinagar,Telangana,1953-08-02,Premium,2024-06-15
C006094,Atharv,Varughese,arjun37@example.com,Bidhannagar,Gujarat,1988-08-24,Business,2023-07-06
C006095,Nicholas,Wali,aayushsandal@example.net,Jammu,Kerala,1952-12-11,Premium,2022-08-12
C006096,Shivansh,Sampath,chatreshdeep@example.com,Tiruvottiyur,Gujarat,2006-12-18,Premium,2025-04-08
C006097,Rachit,Dube,agateunnati@example.org,Dindigul,Manipur,2006-01-13,Standard,2026-03-08
C006098,Pratyush,Vaidya,madhavipatla@example.net,Bhiwandi,Odisha,1950-11-13,Business,2023-12-31
C006099,Jyoti,Rajagopal,qbhakta@example.com,Gandhidham,Tamil Nadu,1979-04-28,Premium,2026-05-23
C006100,Chameli,Sane,issacisha@example.org,Aizawl,Odisha,1961-05-29,Standard,2025-01-10
C006101,Simon,Dani,cpillay@example.com,Nagercoil,Bihar,1949-10-26,Business,2025-08-10
C006102,Kamala,Varkey,ykhatri@example.org,Imphal,Assam,1962-05-04,Business,2025-12-20
C006103,Yochana,Shan,vchana@example.net,Ujjain,Haryana,1995-12-25,Premium,2025-01-30
C006104,Viraj,Saxena,kadakianisha@example.net,Gorakhpur,Haryana,1991-11-10,Standard,2023-01-03
C006105,Edhitha,Sangha,ydesai@example.org,Sirsa,Madhya Pradesh,1982-06-21,Premium,2024-10-10
C006106,Yashodhara,Dass,aadhya15@example.com,Hyderabad,Haryana,2007-08-18,Standard,2023-06-04
C006107,Utkarsh,Deol,cmistry@example.com,Raiganj,Jharkhand,1973-03-01,Standard,2024-04-24
C006108,Pranit,Dixit,sodhijairaj@example.com,Gudivada,Himachal Pradesh,1999-05-19,Premium,2025-01-17
C006109,Omkaar,Subramanian,anushasinha@example.com,Akola,Sikkim,1965-03-21,Premium,2022-10-09
C006110,Simon,Sabharwal,eyadav@example.com,Mango,Sikkim,1979-06-22,Business,2022-10-15
C006111,Yutika,Pau,sagarwal@example.net,Pimpri-Chinchwad,Andhra Pradesh,1959-05-23,Business,2025-11-11
C006112,Vasatika,Patla,imaran30@example.net,Firozabad,Sikkim,1947-10-09,Standard,2025-08-18
C006113,Gauri,Solanki,yochana12@example.com,Deoghar,Gujarat,1957-10-21,Premium,2024-10-31
C006114,Karan,Wali,iryachahal@example.org,Faridabad,Bihar,1969-07-29,Business,2022-11-12
C006115,Caleb,Sastry,bdhar@example.com,Dindigul,Chhattisgarh,1971-07-11,Standard,2024-01-19
C006116,Udyati,Cherian,damyanti20@example.com,Phusro,Maharashtra,1997-08-14,Business,2022-02-08
C006117,Pavani,Deol,wtiwari@example.com,Danapur,Gujarat,1957-09-20,Premium,2022-06-06
C006118,Nikita,Ahluwalia,mahalshravya@example.net,Gudivada,Tripura,1993-07-01,Premium,2024-03-20
C006119,Tristan,Sule,khannabimala@example.com,Sagar,Nagaland,1999-08-23,Premium,2024-11-16
C006120,Barkha,Cherian,alka91@example.org,Dhanbad,Odisha,1973-03-19,Premium,2023-10-04
C006121,Aarnav,Agate,santanay@example.org,Ballia,Madhya Pradesh,1972-01-21,Standard,2025-01-31
C006122,Samarth,Char,cheriananita@example.net,Pudukkottai,Tripura,1950-05-13,Standard,2026-02-22
C006123,Chaitanya,Prakash,hbhandari@example.net,Barasat,Rajasthan,1953-10-08,Business,2023-04-19
C006124,Naksh,Datta,lchowdhury@example.net,Pimpri-Chinchwad,Haryana,1994-02-16,Premium,2021-08-19
C006125,Jasmit,Ghosh,saksham23@example.net,Jaunpur,Jharkhand,1971-04-05,Standard,2022-08-18
C006126,Ekansh,Sem,forumwagle@example.com,Durgapur,West Bengal,1952-11-25,Business,2022-10-14
C006127,Jonathan,Sur,vyanjanapalla@example.org,Bhusawal,Haryana,1953-03-05,Business,2024-07-19
C006128,Dipta,Srivastava,hkamdar@example.com,Khandwa,Jharkhand,1992-07-20,Premium,2025-08-17
C006129,Isaiah,Barad,jonathan82@example.org,Sirsa,Mizoram,1968-11-20,Standard,2025-08-12
C006130,Jairaj,Kota,ishitawalia@example.com,Surat,Haryana,1992-11-19,Standard,2022-08-28
C006131,Ekantika,Dhingra,ekbalbutala@example.com,Siwan,Chhattisgarh,2007-11-26,Standard,2026-03-14
C006132,Faris,Mutti,farhandada@example.net,Bathinda,Telangana,1984-11-10,Premium,2025-06-12
C006133,Yachana,Ganesh,horaanjali@example.org,Durg,Tripura,2005-05-24,Business,2022-09-15
C006134,Om,Bail,bordejeet@example.net,Salem,Karnataka,1996-04-20,Business,2025-02-13
C006135,Harshil,Murty,bseshadri@example.com,Siwan,Sikkim,1996-09-14,Standard,2022-11-26
C006136,Zaid,Goyal,madhavvarty@example.net,Hazaribagh,Bihar,1985-03-08,Standard,2022-10-06
C006137,Hamsini,Sami,jonathan66@example.com,Rourkela,Haryana,1954-05-30,Premium,2024-05-17
C006138,Sachi,Sinha,lhans@example.net,Guna,Bihar,1984-07-21,Premium,2024-08-02
C006139,Chakrika,Rastogi,omkaarpalla@example.org,Malegaon,Arunachal Pradesh,1956-03-03,Standard,2023-07-06
C006140,Simon,Madan,reva02@example.net,Katihar,Mizoram,1954-11-02,Standard,2025-12-23
C006141,Unnati,Dhawan,fparmar@example.com,Kirari Suleman Nagar,Uttarakhand,1986-11-19,Standard,2026-07-25
C006142,Kamala,Nagy,qparmer@example.com,Sagar,Rajasthan,1958-07-14,Premium,2024-04-15
C006143,Jagdish,Char,ltalwar@example.net,Bhiwandi,Uttarakhand,1987-01-15,Standard,2026-03-29
C006144,Quincy,Madan,yadavi12@example.com,Ramagundam,Punjab,1965-09-12,Standard,2023-04-13
C006145,Mitali,Bhagat,pallavipandit@example.com,Gopalpur,Haryana,1958-04-19,Premium,2022-11-11
C006146,Ekaja,Tata,lhegde@example.org,Kolkata,Uttarakhand,1982-11-15,Premium,2022-05-17
C006147,Siddharth,Sharma,kraval@example.net,Parbhani,Himachal Pradesh,1982-03-17,Standard,2021-08-20
C006148,Madhav,Krish,advik39@example.net,Akola,Karnataka,1956-06-12,Business,2023-10-11
C006149,Harinakshi,Thaker,elala@example.com,Burhanpur,Sikkim,1950-09-22,Premium,2022-02-03
C006150,Chanchal,Shenoy,chaitanya60@example.org,Rampur,Haryana,1954-12-21,Standard,2024-02-17
C006151,Devika,Chakraborty,khoslawahab@example.net,Pondicherry,Tamil Nadu,1965-08-11,Standard,2021-10-27
C006152,Dalaja,Bhatti,balasubramaniangirik@example.net,Bhalswa Jahangir Pur,Tripura,1961-05-29,Premium,2024-12-14
C006153,Isaiah,Rana,lbalakrishnan@example.org,Tinsukia,Arunachal Pradesh,1983-10-29,Business,2024-05-15
C006154,Vaishnavi,Chopra,luthravedhika@example.org,Bhavnagar,Andhra Pradesh,1980-12-02,Premium,2026-07-02
C006155,Bimala,Wable,sathvik42@example.com,Deoghar,Manipur,1999-11-22,Premium,2021-11-08
C006156,Advay,Sibal,gunbiragate@example.com,Gandhinagar,Meghalaya,1954-03-11,Business,2026-05-03
C006157,Triya,Bandi,manan23@example.com,Pudukkottai,Kerala,1982-03-29,Premium,2022-04-12
C006158,Viraj,Srinivasan,ikshita36@example.net,Thrissur,Punjab,1983-06-05,Premium,2023-01-12
C006159,Rohan,Kumer,eeshachadha@example.net,Kolkata,Punjab,1949-04-01,Standard,2025-04-09
C006160,Ijaya,Parmer,dayita45@example.org,Shimla,Telangana,1949-08-01,Premium,2024-08-20
C006161,Ganga,Shukla,zbuch@example.org,Nandyal,Odisha,1949-02-15,Premium,2025-11-05
C006162,Yash,Kota,yashoda44@example.net,Rajahmundry,Odisha,1975-07-15,Standard,2024-01-23
C006163,Charita,Basak,harinikhosla@example.net,Moradabad,Maharashtra,1951-02-01,Standard,2026-01-06
C006164,Bhavna,Prabhu,lraghavan@example.org,Rourkela,Tamil Nadu,1959-08-21,Standard,2021-10-08
C006165,Michael,Oak,wreddy@example.net,Gaya,Uttarakhand,1985-08-07,Premium,2024-04-26
C006166,Divya,Bhargava,waglelucky@example.com,Kolkata,Uttarakhand,1973-06-27,Premium,2022-02-23
C006167,Neel,Bhat,wbhatnagar@example.net,Giridih,Uttarakhand,1957-12-02,Standard,2025-08-13
C006168,Sara,Mishra,ftata@example.com,Bharatpur,Madhya Pradesh,1969-07-19,Business,2025-10-26
C006169,Nirja,Lad,amritabose@example.net,Bhopal,Himachal Pradesh,1996-09-09,Standard,2024-06-03
C006170,Ronith,Saxena,qpalla@example.org,Ozhukarai,Arunachal Pradesh,1969-04-24,Premium,2024-08-10
C006171,Sai,Narasimhan,rkhosla@example.com,Mango,Tamil Nadu,1965-09-12,Premium,2023-02-10
C006172,Forum,Dube,kashish23@example.org,Gangtok,Meghalaya,2007-03-26,Premium,2021-12-11
C006173,Shaurya,Mittal,deolkrisha@example.org,Dewas,Sikkim,1964-09-29,Business,2023-11-18
C006174,Yatan,Mander,obhatia@example.net,Bhilwara,Telangana,2005-12-22,Premium,2025-10-25
C006175,Ridhi,Chana,riya71@example.com,Jodhpur,Sikkim,1993-02-08,Business,2021-11-15
C006176,Bakhshi,Vig,kmadan@example.org,Tadepalligudem,Kerala,2000-06-23,Standard,2026-06-03
C006177,Aishani,Swamy,aachalmemon@example.org,Nizamabad,Arunachal Pradesh,1959-09-17,Business,2025-08-25
C006178,Bahadurjit,Ghosh,suridivya@example.net,Kirari Suleman Nagar,Arunachal Pradesh,1987-01-16,Standard,2022-05-12
C006179,Jhalak,Hora,jeevika96@example.com,Nagpur,Uttarakhand,2006-12-22,Premium,2026-03-18
C006180,Upadhriti,Som,prabhakarharinakshi@example.net,Bhavnagar,Chhattisgarh,1967-04-01,Business,2026-03-15
C006181,Mohammed,Bobal,harshil16@example.org,Burhanpur,Assam,1969-06-27,Business,2025-07-25
C006182,Idika,Khosla,krishnamurthyekbal@example.net,Jaunpur,Punjab,1991-07-27,Standard,2024-06-01
C006183,Kiaan,Chopra,harinisanghvi@example.org,Gaya,Goa,1968-04-06,Business,2022-09-13
C006184,Ryan,Chandra,rushilgupta@example.com,Hazaribagh,Odisha,1967-05-26,Standard,2023-07-13
C006185,Lavanya,Parmer,,Tezpur,Madhya Pradesh,1960-01-17,Premium,2023-08-25
C006186,Jalsa,Edwin,tellaekantika@example.net,Patna,Nagaland,1955-04-29,Premium,2025-09-02
C006187,Riya,Sarkar,dewanadvay@example.org,Junagadh,Himachal Pradesh,1961-12-20,Business,2023-11-07
C006188,Kiaan,Kulkarni,jagatbal@example.org,Rajkot,Karnataka,1962-10-12,Standard,2023-02-06
C006189,Kashvi,Bakshi,khatripratyush@example.com,Tumkur,Kerala,2007-01-13,Premium,2023-09-28
C006190,Chatura,Sankaran,gangasundaram@example.com,Gorakhpur,Goa,1963-02-18,Premium,2026-05-13
C006191,Avi,Bhalla,ucomar@example.net,Tiruchirappalli,Meghalaya,1971-05-12,Premium,2023-05-21
C006192,Yachana,Mohan,hhayer@example.com,Rajpur Sonarpur,Madhya Pradesh,1947-08-04,Standard,2025-01-21
C006193,Januja,Kanda,ranbir51@example.net,Ghaziabad,Rajasthan,1972-03-10,Standard,2025-06-01
C006194,Darsh,Sood,qadimtalwar@example.net,Latur,Haryana,2007-08-12,Business,2023-06-12
C006195,Neelima,Lata,fiyazswamy@example.net,Bellary,Bihar,1971-11-22,Business,2023-07-29
C006196,Nilima,Balay,chardipta@example.com,Dindigul,Bihar,2001-04-07,Standard,2024-06-17
C006197,Kashvi,Bhat,farhan04@example.net,Bhopal,Bihar,1991-04-03,Business,2026-06-14
C006198,Noah,Shere,hemaldewan@example.net,Ozhukarai,West Bengal,1945-11-16,Business,2021-12-09
C006199,Nakul,Shukla,jagratimukherjee@example.com,Jehanabad,Uttar Pradesh,2005-01-22,Standard,2022-06-07
C006200,Zilmil,Kale,atharv90@example.net,Gandhinagar,Haryana,1994-06-26,Business,2025-09-09
C006201,Yatan,Gopal,raksha84@example.net,Kamarhati,Arunachal Pradesh,1976-10-25,Premium,2025-01-12
C006202,Madhavi,Mani,omya96@example.org,Bokaro,Goa,1990-06-26,Premium,2023-09-22
C006203,Ekani,Garde,kotanathaniel@example.com,Bhopal,Goa,1945-08-20,Standard,2025-03-05
C006204,Gayathri,Nori,gopalgunbir@example.org,Aurangabad,Himachal Pradesh,1979-01-19,Standard,2023-04-17
C006205,Ridhi,Narasimhan,psagar@example.net,Jabalpur,Sikkim,1985-07-06,Standard,2026-06-30
C006206,Aarush,Borra,orege@example.net,Bhavnagar,Meghalaya,2005-05-04,Standard,2022-01-16
C006207,Ekaja,Sura,skurian@example.net,Malegaon,Kerala,1959-06-26,Standard,2025-02-21
C006208,Bakhshi,Dyal,rattanjoshua@example.com,Bangalore,Telangana,1968-05-13,Premium,2022-03-23
C006209,Osha,Zachariah,alexandermaster@example.org,Chittoor,Karnataka,1973-09-18,Premium,2024-09-10
C006210,Balhaar,Sharma,yatan29@example.org,Darbhanga,Meghalaya,1951-11-05,Standard,2026-03-11
C006211,Aryan,Kalla,gsinha@example.org,Raichur,Manipur,1987-02-22,Premium,2022-02-19
C006212,Anay,Bora,kannanrayaan@example.com,Berhampur,Manipur,1955-12-22,Premium,2021-11-28
C006213,Januja,Gour,zsehgal@example.org,Haridwar,Nagaland,1991-06-04,Business,2022-03-22
C006214,Vincent,Pai,nathyashvi@example.com,Guntur,Telangana,1966-10-01,Premium,2024-01-23
C006215,Tara,Dhawan,krishasami@example.com,Jalgaon,Uttar Pradesh,1954-05-13,Business,2025-09-25
C006216,Naveen,Gupta,prasadirya@example.net,Saharsa,Bihar,1999-09-24,Standard,2025-04-12
C006217,Jairaj,Jha,esagar@example.net,Sagar,Sikkim,1949-10-04,Standard,2026-02-19
C006218,Chakradhar,Walia,tiwarichasmum@example.org,Bangalore,Telangana,1965-04-10,Standard,2021-08-18
C006219,Damyanti,Deol,uwagle@example.com,Delhi,Gujarat,1977-12-06,Premium,2024-04-01
C006220,Ekansh,Shanker,vvaidya@example.com,Faridabad,Punjab,2000-06-18,Premium,2026-04-28
C006221,Ethan,Majumdar,niharikakaran@example.net,Thrissur,Karnataka,2004-01-29,Standard,2025-06-08
C006222,Yochana,Memon,baghyawati91@example.org,Rourkela,Karnataka,1999-05-24,Premium,2021-10-21
C006223,Lopa,Bobal,jvasa@example.net,Firozabad,Uttarakhand,1954-04-19,Business,2024-06-22
C006224,Urishilla,Chawla,zilmilmadan@example.com,Durgapur,Maharashtra,1977-01-20,Business,2021-10-24
C006225,Urishilla,Krishnamurthy,harita83@example.net,Sasaram,Jharkhand,1983-01-10,Premium,2024-07-07
C006226,Mohini,Raja,mekhalasarin@example.org,Jhansi,Madhya Pradesh,1946-12-29,Premium,2025-11-28
C006227,Zinal,Luthra,samiomaja@example.org,Agartala,Mizoram,1995-06-05,Premium,2024-11-08
C006228,Faris,Mishra,zinal45@example.net,Srinagar,Meghalaya,1955-07-16,Standard,2022-07-03
C006229,Anay,Sarma,ucchalnagarajan@example.com,Anand,Assam,1971-03-02,Business,2024-01-14
C006230,Harinakshi,Mukherjee,deshpandematthew@example.net,Begusarai,Uttarakhand,1986-08-20,Business,2024-06-12
C006231,David,Minhas,mugdha00@example.net,Mango,Tamil Nadu,2002-07-01,Premium,2022-12-14
C006232,Darpan,Dora,daliarachit@example.org,Kanpur,Bihar,1951-08-06,standard,2025-04-24
C006233,Daksha,Doctor,tanishmukhopadhyay@example.net,Saharanpur,Uttarakhand,1993-01-04,Premium,2025-04-12
C006234,Wridesh,Varkey,zaitra85@example.com,Munger,Himachal Pradesh,1981-08-23,Premium,2025-11-30
C006235,Faqid,Pradhan,sehgalradha@example.org,Kalyan-Dombivli,Assam,2000-06-27,Premium,2024-12-05
C006236,Amruta,Warrior,bhagatishwar@example.net,Purnia,Madhya Pradesh,1973-10-16,Business,2022-03-18
C006237,Aahana,Mistry,narayanikbal@example.org,Nangloi Jat,Goa,1959-10-12,Standard,2022-10-02
C006238,Nimrat,Badal,dubeneha@example.org,Tirupati,Bihar,1957-11-17,Standard,2025-09-05
C006239,Yachana,Soman,rsalvi@example.com,Ahmednagar,Andhra Pradesh,1972-10-31,Business,2025-03-23
C006240,Nilima,Loyal,ishaan32@example.net,Jabalpur,Bihar,1947-05-01,Business,2025-04-11
C006241,Aadi,Subramanian,gunbir38@example.com,Pallavaram,Nagaland,1980-07-20,Business,2024-08-14
C006242,Aarnav,Krishnamurthy,vaishnavidash@example.com,Kirari Suleman Nagar,Mizoram,2004-06-15,Premium,2024-08-12
C006243,Kalpit,Bora,amairabains@example.org,Katihar,Rajasthan,1948-08-10,Standard,2023-12-21
C006244,Vasudha,Mishra,kamalabala@example.net,Kochi,Punjab,2008-05-08,Business,2025-07-16
C006245,Rishi,Konda,nicholas07@example.com,Raiganj,Goa,1996-07-13,Standard,2022-08-13
C006246,Onveer,Bal,mnadkarni@example.org,Anand,Mizoram,1946-11-02,Premium,2026-06-06
C006247,Yashvi,Guha,manan04@example.net,North Dumdum,Kerala,1976-09-19,Standard,2023-06-21
C006248,Udant,Rajan,danne@example.org,Ulhasnagar,Goa,1965-03-13,Business,2021-11-12
C006249,Patrick,Chhabra,nadkarniwarjas@example.net,Burhanpur,Odisha,1959-04-26,Business,2023-11-06
C006250,Chaman,Deshpande,biswasqarin@example.com,Rajkot,Chhattisgarh,1989-09-20,Standard,2023-06-07
C006251,Manthan,Raju,majumdarkai@example.com,Tiruvottiyur,Madhya Pradesh,2004-12-10,Premium,2022-09-28
C006252,Faras,Manda,priyasoni@example.org,Deoghar,Karnataka,2008-01-01,Standard,2024-08-19
C006253,Advik,Kuruvilla,ramaswamyrachana@example.org,Bangalore,Goa,1960-12-28,standard,2025-04-27
C006254,Indrajit,Datta,hemaniwagle@example.com,Shimoga,Kerala,1951-04-23,Standard,2024-07-17
C006255,Isaac,Bhat,tmann@example.org,Khora ,Goa,1960-10-18,Premium,2023-08-14
C006256,Nandini,Bose,chadpratyush@example.net,Surat,West Bengal,1990-01-06,Business,2022-07-08
C006257,Tanmayi,Bhatnagar,yashvi85@example.com,Hapur,Arunachal Pradesh,1967-11-09,Business,2024-05-05
C006258,Widisha,Sehgal,bina79@example.net,Tiruppur,Karnataka,2001-04-26,Business,2021-10-22
C006259,Manthan,Rau,hemanginitailor@example.org,Rampur,Arunachal Pradesh,1948-10-02,Premium,2022-02-12
C006260,Sanaya,Mohanty,shanyatan@example.org,Khora ,Bihar,1949-04-30,Business,2021-12-26
C006261,Bishakha,Goswami,abuch@example.net,Tiruchirappalli,Chhattisgarh,1993-05-20,Standard,2022-01-31
C006262,Abhimanyu,Taneja,chaudhurilipika@example.net,Morena,Gujarat,2000-08-20,Standard,2024-03-04
C006263,Sanya,Savant,agateutkarsh@example.com,Ramgarh,West Bengal,1997-10-01,Standard,2023-08-03
C006264,Indali,Halder,bchakrabarti@example.com,Hubli–Dharwad,West Bengal,1994-12-21,Premium,2025-03-24
C006265,Brinda,Chaudhry,fvarghese@example.com,Mangalore,Madhya Pradesh,2003-07-22,Business,2026-04-19
C006266,Sarthak,Nigam,suleguneet@example.org,Muzaffarnagar,Gujarat,1954-05-13,Business,2025-10-18
C006267,Panini,Raman,qchowdhury@example.com,Solapur,Gujarat,1964-04-19,Business,2025-01-06
C006268,Ishaan,Chauhan,krishzarna@example.org,Bhusawal,Maharashtra,1957-03-02,Premium,2026-05-09
C006269,Isaiah,Sachdev,vaishnavi60@example.com,Satara,Tripura,1963-03-12,Premium,2025-05-28
C006270,Gauri,Bassi,mekhalatank@example.org,Durg,Madhya Pradesh,1990-09-02,Business,2024-03-03
C006271,Arunima,Ganguly,vaidyamahika@example.org,Guwahati,Arunachal Pradesh,1961-07-15,Standard,2025-08-24
C006272,Avni,Agate,kashish69@example.net,Tiruppur,Maharashtra,1974-12-11,Standard,2022-01-23
C006273,Lohit,Ramanathan,mohammedgulati@example.net,Raiganj,Jharkhand,1986-10-25,Business,2024-12-24
C006274,Vanya,Dhingra,gopal87@example.org,Panihati,Bihar,1997-08-01,Standard,2024-04-17
C006275,Christopher,Sarma,dewanwridesh@example.com,Giridih,Himachal Pradesh,1970-11-05,Premium,2023-06-29
C006276,Alka,Mangal,manya31@example.net,Raurkela Industrial Township,Rajasthan,2005-09-17,Premium,2023-01-10
C006277,Eta,Bhalla,qmaharaj@example.net,Agartala,Uttar Pradesh,1987-06-11,Premium,2024-01-14
C006278,Finn,De,lchakrabarti@example.org,Dhule,Punjab,2004-01-25,Premium,2024-03-11
C006279,Tanish,Panchal,rachanabhakta@example.com,Ahmedabad,Odisha,1949-10-19,Premium,2022-10-03
C006280,Ojasvi,Ravi,raymohammed@example.org,Kirari Suleman Nagar,Meghalaya,1965-09-26,Business,2023-02-11
C006281,Chanchal,Sehgal,kallaethan@example.net,Chandigarh,Bihar,1985-07-12,Premium,2022-02-14
C006282,Suhani,Borde,thakerzansi@example.org,Sasaram,Kerala,1977-07-15,Standard,2025-01-01
C006283,Libni,Apte,wchoudhry@example.com,Bathinda,Assam,1966-10-14,Standard,2026-03-07
C006284,Bhavini,Choudhury,karnikchanchal@example.org,Panvel,Maharashtra,1982-05-11,Standard,2023-04-30
C006285,Naveen,Barad,harita69@example.net,Surat,Meghalaya,2007-08-11,Standard,2026-05-20
C006286,Aadhya,Bhatti,dayitanagy@example.com,Bikaner,Haryana,1980-08-30,Premium,2025-07-28
C006287,Yahvi,Jha,bsridhar@example.com,Khammam,Meghalaya,1976-06-14,Premium,2022-01-05
C006288,Aadi,Date,ayush84@example.net,Erode,Punjab,1975-07-12,Business,2025-06-10
C006289,Kamala,Tara,zinalbath@example.net,Siwan,Chhattisgarh,1977-03-22,Standard,2022-08-30
C006290,Tamanna,Buch,dev49@example.com,Uluberia,Uttarakhand,1980-06-24,Premium,2025-03-31
C006291,Sudiksha,Peri,wadhwasamesh@example.com,Siwan,Madhya Pradesh,1990-06-12,Premium,2025-06-07
C006292,Varsha,Sampath,gaurangiramaswamy@example.net,Siliguri,Haryana,1950-09-15,Premium,2023-12-03
C006293,Hredhaan,Tella,vrishti45@example.net,Aurangabad,Assam,1991-04-22,Premium,2023-10-19
C006294,Aditya,Bhattacharyya,qadim44@example.net,Anand,Assam,1997-06-05,Standard,2024-05-26
C006295,Girindra,Subramaniam,zbasu@example.net,Suryapet,Jharkhand,2001-02-19,Business,2023-10-25
C006296,Ganga,Pingle,bhatnagaraarna@example.org,Gandhinagar,Rajasthan,1999-09-20,Standard,2021-08-30
C006297,Barkha,Amble,parmerwarjas@example.com,Pune,Nagaland,1997-04-16,Premium,2025-08-04
C006298,Vidhi,Pillai,oscarsur@example.com,Bhiwandi,Tamil Nadu,1964-06-21,Premium,2023-10-28
C006299,Oliver,Lad,dubeayushman@example.com,Orai,Tamil Nadu,2006-04-21,Premium,2024-10-04
C006300,Wazir,Mitra,somxalak@example.org,Kochi,Chhattisgarh,1998-12-04,Business,2024-07-18
C006301,Dayita,Malhotra,narulachasmum@example.org,Pune,Rajasthan,1963-04-11,Business,2022-09-15
C006302,Rachit,Ramakrishnan,ssaraf@example.net,Guntakal,Assam,1996-10-12,Business,2023-06-16
C006303,Irya,Lad,,Jaipur,Maharashtra,1970-03-29,Standard,2021-12-16
C006304,Rajeshri,Sabharwal,sankardominic@example.net,Delhi,Andhra Pradesh,2004-09-23,Business,2026-08-03
C006305,Rachita,Sankar,ati78@example.net,Katni,Assam,2002-12-14,Premium,2022-02-16
C006306,Jack,Kant,zdani@example.net,Bhagalpur,Mizoram,1959-02-18,Business,2025-10-24
C006307,Unnati,Natt,wadhwakashish@example.com,Baranagar,West Bengal,1959-10-20,Business,2022-12-16
C006308,Chaitaly,Brar,gkannan@example.org,Ghaziabad,Gujarat,1976-05-16,Standard,2022-09-01
C006309,Shaurya,Luthra,manbir49@example.net,Bharatpur,Jharkhand,1968-12-11,Standard,2023-07-09
C006310,Nihal,Loke,luke48@example.net,North Dumdum,Odisha,1990-01-27,Business,2026-04-12
C006311,Hemani,Dhillon,raksha75@example.org,Rajpur Sonarpur,Uttarakhand,1995-12-26,Standard,2025-07-10
C006312,Faras,Nori,athaker@example.org,Chandigarh,Karnataka,1996-09-04,Standard,2026-06-30
C006313,Shravya,Kakar,amrita53@example.com,Begusarai,Uttar Pradesh,1983-11-21,Business,2024-11-18
C006314,Darika,Gandhi,ybose@example.org,Jhansi,Sikkim,2004-09-18,Business,2023-04-14
C006315,Yashasvi,Vasa,chatterjeetanay@example.com,Karaikudi,Punjab,1962-06-26,Standard,2023-08-01
C006316,Om,Lall,ladli10@example.com,Kochi,Jharkhand,1962-05-27,Standard,2022-08-16
C006317,Yauvani,Bumb,sneha47@example.net,Bharatpur,Meghalaya,1951-11-13,Standard,2022-11-17
C006318,Vedika,Borde,troy@example.net,Kishanganj,Goa,1960-01-05,Premium,2025-12-14
C006319,Mitali,Handa,chaitaly18@example.net,Udaipur,Himachal Pradesh,1987-11-06,Business,2025-04-04
C006320,Harrison,Joshi,qacharya@example.net,Nagpur,Andhra Pradesh,1981-06-05,Business,2022-11-02
C006321,Girindra,Koshy,hemanirajagopalan@example.net,Nangloi Jat,Himachal Pradesh,1953-08-31,Business,2024-04-30
C006322,Ekta,Batta,kaleyadavi@example.org,Kollam,Mizoram,1999-06-02,Business,2024-07-20
C006323,Ubika,Andra,dgoswami@example.com,Madhyamgram,Punjab,1985-06-22,Premium,2022-11-30
C006324,Udarsh,Chaudhary,ioommen@example.org,Nizamabad,Tripura,2005-05-13,Business,2026-01-21
C006325,Falan,Bajwa,tripathigopal@example.net,Ahmednagar,Rajasthan,1996-09-04,Business,2023-07-10
C006326,Yashawini,Subramanian,smohanty@example.net,Panihati,Uttar Pradesh,1950-06-17,Standard,2021-09-15
C006327,Sai,Sachar,aarav25@example.net,Arrah,West Bengal,1946-02-03,Business,2023-10-12
C006328,Inaya,Savant,modijatin@example.net,Ahmednagar,Goa,1968-07-24,Standard,2026-02-03
C006329,Ekaja,Karnik,leela09@example.net,Aurangabad,Himachal Pradesh,2005-11-25,Premium,2023-01-29
C006330,Christopher,Gulati,chandresh26@example.com,Navi Mumbai,Bihar,1994-06-04,Premium,2026-05-07
C006331,Chanakya,Palan,thomas41@example.com,Karnal,Jharkhand,1970-03-21,Premium,2025-08-03
C006332,Yash,Butala,ranbir70@example.com,Korba,Karnataka,1970-04-01,Standard,2022-09-23
C006333,Benjamin,Malhotra,lkonda@example.com,Kulti,Mizoram,2006-09-24,Standard,2025-12-23
C006334,Zayan,Sankar,chanderharsh@example.org,Bijapur,Maharashtra,1954-12-24,Business,2023-12-09
C006335,Vaishnavi,Sengupta,ramajason@example.net,Sultan Pur Majra,Bihar,1984-06-12,Standard,2024-06-16
C006336,Kai,Krishnan,atharv29@example.com,Anantapuram,Nagaland,1997-01-24,Standard,2023-10-18
C006337,Maya,Natarajan,advika73@example.com,Tiruchirappalli,Sikkim,1978-10-14,Business,2024-10-27
C006338,Pranav,Kibe,kavya33@example.net,Loni,Rajasthan,1981-02-08,Premium,2023-03-08
C006339,Sachi,Seshadri,devkaur@example.com,Karaikudi,Assam,1973-11-27,Business,2022-10-25
C006340,Sathvik,Babu,ishwarraman@example.org,Tumkur,Telangana,1956-08-12,Premium,2022-11-11
C006341,Adya,Ahuja,bainslakshit@example.net,Faridabad,Haryana,2004-12-10,premium,2025-04-07
C006342,Sudiksha,Panchal,bassifarhan@example.com,Siwan,Karnataka,1948-02-25,Premium,2023-05-21
C006343,Omaja,Sem,baghyawati12@example.org,Rourkela,Karnataka,1956-12-14,Standard,2024-11-27
C006344,Shivani,Sandhu,santsamaksh@example.org,Tirupati,Manipur,1984-12-10,Business,2022-10-11
C006345,Harshil,Pingle,hdesai@example.org,Kochi,Gujarat,1948-08-05,Premium,2022-04-04
C006346,Kai,Memon,gdevan@example.com,Berhampur,Chhattisgarh,1963-07-20,Premium,2026-04-22
C006347,Theodore,Bumb,chadhaonkar@example.net,Howrah,Mizoram,1953-11-19,Business,2026-03-20
C006348,Jeet,Dhar,,Satna,Punjab,1967-12-31,Business,2022-12-21
C006349,Jagdish,Atwal,trivediyasti@example.org,Serampore,Telangana,1951-10-11,Premium,2025-06-07
C006350,Dalbir,Magar,leelayogi@example.net,Sagar,Kerala,1962-04-01,Standard,2021-08-14
C006351,Avni,Chad,ranbir60@example.com,Vellore,Maharashtra,1987-10-13,Business,2022-12-21
C006352,Nitara,Dewan,onibadami@example.net,Khammam,Manipur,2008-06-06,Standard,2022-04-12
C006353,Edhitha,Narula,oscarram@example.com,Bijapur,Karnataka,1982-12-01,Business,2022-08-01
C006354,Bakhshi,Desai,hardik55@example.org,Bihar Sharif,Kerala,2001-12-22,Business,2024-04-12
C006355,Ekaraj,Palla,charamol@example.org,Ozhukarai,Rajasthan,1966-08-01,Standard,2026-02-11
C006356,Tripti,Gera,lsubramaniam@example.net,Panihati,Punjab,1981-12-20,Business,2025-04-02
C006357,Girish,Bhardwaj,agatefariq@example.org,Loni,Uttar Pradesh,1966-02-07,Business,2025-01-11
C006358,Urishilla,Bandi,alexanderkhalsa@example.org,Mysore,Assam,1985-12-22,Standard,2025-06-23
C006359,Rajeshri,Sarna,chandanijaggi@example.net,Bangalore,Madhya Pradesh,1998-01-28,Premium,2023-01-25
C006360,Rajata,Banerjee,xitikhare@example.net,Ramagundam,Meghalaya,1960-05-27,Business,2024-11-08
C006361,Yasti,Palla,siddharthvyas@example.org,Mirzapur,Tamil Nadu,1993-08-11,Premium,2026-07-11
C006362,Tanmayi,Menon,kumarvasatika@example.net,Madanapalle,Odisha,1964-04-07,Business,2025-08-16
C006363,Ekantika,Parikh,rajagopalanurmi@example.com,Gopalpur,Bihar,1990-12-21,Business,2022-04-28
C006364,Arya,More,balinicholas@example.net,Gandhinagar,Arunachal Pradesh,1974-03-29,premium,2024-03-03
C006365,Pranav,Dyal,sheremax@example.com,Chapra,Maharashtra,1979-02-25,Premium,2025-01-22
C006366,Ansh,Gara,ubikakapoor@example.org,Faridabad,Jharkhand,1947-10-03,Standard,2022-02-17
C006367,Advika,Loke,christopherramesh@example.com,Salem,Odisha,1979-12-08,Premium,2025-03-27
C006368,Yagnesh,Borah,lukebali@example.net,Jodhpur,Punjab,1995-06-03,Standard,2022-06-12
C006369,Eta,Divan,eiravatichada@example.net,Surat,Uttarakhand,1987-03-19,Business,2023-02-20
C006370,Sarthak,Bobal,panini34@example.com,Aurangabad,Tripura,2002-11-24,Standard,2025-10-06
C006371,Saksham,Kanda,aditya01@example.com,Aurangabad,Gujarat,1978-06-13,Standard,2024-07-09
C006372,Darpan,Bhardwaj,gkeer@example.com,Tenali,Tamil Nadu,1975-05-28,Standard,2022-03-25
C006373,Deepa,Mand,valaurvi@example.com,Shimla,Andhra Pradesh,1966-07-21,Premium,2022-12-12
C006374,Balhaar,Korpal,chandranmitesh@example.org,Guwahati,Manipur,1971-04-12,Premium,2024-07-27
C006375,Divya,Mody,xrana@example.net,Madhyamgram,Tamil Nadu,1980-08-11,Premium,2023-08-13
C006376,Kritika,Mann,asaha@example.org,Amritsar,Maharashtra,2006-06-19,Business,2025-05-30
C006377,Pranit,Deshpande,vthaker@example.org,Durgapur,Tripura,1983-11-17,Business,2021-11-17
C006378,Raagini,Tank,,Sikar,Karnataka,1992-07-03,Premium,2024-01-02
C006379,Jairaj,Garg,lipika04@example.org,Vellore,Sikkim,1983-04-01,Premium,2022-07-26
C006380,Chandran,Pingle,sdesai@example.org,Gandhidham,Karnataka,1949-11-13,Premium,2024-06-01
C006381,Parth,Sen,ojasvisrinivasan@example.net,Mirzapur,Maharashtra,1990-10-13,Standard,2025-12-11
C006382,Benjamin,Gill,dharijaya@example.net,Vijayanagaram,Nagaland,1952-10-19,Business,2026-06-03
C006383,Jeremiah,Jayaraman,balasubramanianharish@example.com,Miryalaguda,Tripura,2005-03-13,Business,2023-07-29
C006384,Xiti,Narang,bawaharrison@example.com,Tiruppur,Andhra Pradesh,1950-02-07,Premium,2025-07-31
C006385,Balhaar,Ravel,zilmildalia@example.org,Burhanpur,Meghalaya,1995-02-28,Standard,2026-05-08
C006386,Sudiksha,Pai,kalaekansh@example.net,Bangalore,Arunachal Pradesh,2003-11-22,Premium,2023-12-24
C006387,Alexander,Gole,rrau@example.org,Narasaraopet,Kerala,1999-11-04,Standard,2024-11-14
C006388,Sara,Khurana,odayal@example.com,Jorhat,Uttar Pradesh,2007-11-19,Standard,2023-06-09
C006389,Jagrati,Memon,kapadiadayamai@example.com,Hospet,Maharashtra,1979-10-07,Standard,2023-03-19
C006390,Waida,Kohli,gthaman@example.com,Ujjain,Madhya Pradesh,1945-08-13,Premium,2023-06-12
C006391,Warinder,Bail,fariq08@example.org,Madanapalle,Chhattisgarh,1996-03-14,Standard,2023-07-24
C006392,Pranav,Nath,cnori@example.net,Kottayam,Himachal Pradesh,1977-10-12,Premium,2023-01-13
C006393,Urvi,Mani,fkapoor@example.com,Sri Ganganagar,Andhra Pradesh,1996-07-26,Standard,2025-06-03
C006394,Yashasvi,Puri,tanveerkata@example.net,Kollam,Nagaland,1996-11-13,Premium,2024-11-23
C006395,Zehaan,Sane,ranveerdatta@example.org,Tiruvottiyur,Nagaland,1960-08-07,Business,2022-10-07
C006396,Girik,Gopal,bjha@example.net,Bidhannagar,Jharkhand,1967-03-10,Standard,2021-08-23
C006397,Manbir,Randhawa,priyaboase@example.net,Dewas,Maharashtra,1988-01-15,Business,2024-10-31
C006398,Osha,Narayanan,zravel@example.net,Mumbai,Chhattisgarh,1978-07-08,Premium,2021-10-27
C006399,Siddharth,Chad,ekavirkanda@example.net,Kavali,West Bengal,2006-05-13,Standard,2025-05-17
C006400,Varsha,Brahmbhatt,yasti92@example.com,Patna,Tripura,1974-09-26,Business,2023-06-02
C006401,Anusha,Thakkar,sramachandran@example.org,Yamunanagar,Nagaland,1957-02-25,Standard,2021-11-07
C006402,Vedant,Chandra,baghyawati57@example.net,Davanagere,Mizoram,1980-12-05,Business,2022-11-07
C006403,Ridhi,Nagy,qushi36@example.net,Bulandshahr,West Bengal,1982-09-03,Premium,2022-05-13
C006404,Chandani,Bhalla,shivansh33@example.com,Tadipatri,Uttarakhand,1983-10-13,Premium,2025-03-28
C006405,Balvan,Trivedi,sharmaavni@example.net,Visakhapatnam,Kerala,1954-08-21,Premium,2025-11-27
C006406,Faris,Narang,rachanacherian@example.com,Eluru,Madhya Pradesh,2003-06-27,Business,2024-05-12
C006407,Jyoti,Mammen,norisamarth@example.org,Gurgaon,Sikkim,1950-11-20,Premium,2022-06-02
C006408,Chandani,Subramaniam,abeer78@example.net,Ajmer,Rajasthan,1995-02-16,Standard,2023-09-14
C006409,Shaurya,Zachariah,wpingle@example.com,Khandwa,Chhattisgarh,1986-07-13,Standard,2026-04-16
C006410,Timothy,Tiwari,balvan91@example.org,Bhubaneswar,Tripura,1974-08-21,Premium,2023-10-12
C006411,Rishi,Pandit,triveni24@example.org,Rewa,Jharkhand,1989-08-27,Standard,2026-06-10
C006412,Geetika,Raval,hsathe@example.com,Tirunelveli,Manipur,1960-12-04,Standard,2024-12-27
C006413,Urishilla,Pathak,emunshi@example.com,Shahjahanpur,Bihar,1983-03-05,Standard,2024-02-13
C006414,Ishita,Guha,jasmit59@example.net,Srinagar,Arunachal Pradesh,1947-01-01,Standard,2025-03-19
C006415,Dhruv,Jayaraman,tanay92@example.com,Nashik,Meghalaya,2002-06-30,Premium,2024-10-23
C006416,Barkha,Guha,chakrikashanker@example.net,Sasaram,Chhattisgarh,1949-11-22,Premium,2024-06-22
C006417,Agastya,Dar,aarini40@example.org,Guntur,Andhra Pradesh,1965-07-27,Standard,2024-11-17
C006418,Warhi,Batta,qsandhu@example.org,Bikaner,Rajasthan,1946-01-14,Standard,2023-07-14
C006419,Vivaan,Andra,opandya@example.com,North Dumdum,Meghalaya,1950-09-26,Business,2022-06-28
C006420,Rudra,Tank,ahayre@example.com,Aurangabad,Punjab,1975-09-16,Premium,2023-01-17
C006421,Oni,Dada,kiaansura@example.net,Motihari,Bihar,1958-03-25,Premium,2025-08-24
C006422,Zilmil,Vaidya,harsh10@example.com,Medininagar,Tripura,1979-02-13,Premium,2025-01-15
C006423,Wazir,Chaudry,amaraacharya@example.org,Shimoga,Telangana,1946-05-25,Business,2026-01-12
C006424,Harinakshi,Saini,ridhi67@example.net,Khammam,Mizoram,2000-09-21,Standard,2023-08-14
C006425,Meera,Dhar,chawlayasti@example.com,Tezpur,Uttarakhand,1984-11-02,Standard,2026-02-02
C006426,Jeremiah,Dyal,dakshabath@example.com,Raebareli,Madhya Pradesh,1961-08-31,Standard,2025-02-08
C006427,Aashi,Nadkarni,cgola@example.org,Shimoga,Mizoram,1985-12-18,Premium,2024-10-14
C006428,Zaid,Subramaniam,vidhi35@example.com,Warangal,Arunachal Pradesh,1978-11-13,Business,2022-10-25
C006429,Logan,Khare,utkarshmaharaj@example.net,Vijayawada,Uttarakhand,1966-01-19,Premium,2026-05-12
C006430,Wahab,Varty,rbhattacharyya@example.com,Jamshedpur,Telangana,1973-10-19,Business,2024-11-29
C006431,Chaitanya,Ranganathan,jraju@example.com,Karawal Nagar,Assam,1977-11-05,Business,2022-08-20
C006432,Yachana,Pradhan,fnayak@example.org,Jehanabad,Chhattisgarh,1986-09-28,Standard,2021-12-05
C006433,Garima,Basak,jeremiah49@example.net,Hajipur,Uttar Pradesh,1989-02-01,Standard,2024-05-26
C006434,Nitara,Sibal,benjamin87@example.com,Udaipur,Andhra Pradesh,2007-09-25,Standard,2025-07-11
C006435,Wishi,Ravi,raaginikrishnamurthy@example.com,Raebareli,Tripura,1997-03-24,Business,2022-08-18
C006436,Jason,Toor,omya76@example.net,Karimnagar,Assam,1968-01-30,Business,2023-07-27
C006437,Zaid,Golla,fvirk@example.com,Pali,Gujarat,1987-01-25,Premium,2021-12-02
C006438,Vasana,Saxena,rastogiwidisha@example.org,Kadapa,Bihar,1976-04-30,Business,2026-01-24
C006439,Anika,Nanda,mishragauri@example.net,Yamunanagar,Mizoram,1982-08-08,Business,2025-12-21
C006440,Rehaan,Aurora,zsane@example.com,Karaikudi,Maharashtra,2004-06-28,Business,2024-11-29
C006441,Jagat,Prabhu,gaurirai@example.net,Pali,Gujarat,1994-07-11,Standard,2024-10-01
C006442,Ranveer,Chauhan,janya39@example.com,Satna,Manipur,1983-12-14,Business,2023-03-11
C006443,Alka,Seshadri,zarora@example.net,Gulbarga,Uttar Pradesh,1980-03-01,Business,2022-06-25
C006444,Xalak,Devan,janyayohannan@example.org,Asansol,Arunachal Pradesh,1978-08-15,Business,2026-02-04
C006445,Damini,Dayal,fbhandari@example.net,Bellary,Karnataka,1990-12-07,Standard,2025-09-04
C006446,Bhavya,Krishnamurthy,barya@example.org,Danapur,Gujarat,1980-10-29,Business,2023-08-08
C006447,Pranit,Kanda,hsathe@example.org,Bikaner,Goa,1967-07-01,Standard,2023-03-07
C006448,Anusha,Chanda,tripti20@example.net,Narasaraopet,Tripura,1955-10-29,Premium,2023-02-10
C006449,Anika,Sharma,anthonymadan@example.net,Bettiah,Maharashtra,1952-12-03,Standard,2026-07-19
C006450,Triya,Mangal,dsama@example.com,Bhalswa Jahangir Pur,Chhattisgarh,1961-02-07,Business,2022-01-13
C006451,Sai,De,fpatla@example.com,Gorakhpur,Himachal Pradesh,1959-09-04,Standard,2023-06-01
C006452,Agastya,Sarma,hamsinibhakta@example.com,Muzaffarnagar,Nagaland,1993-05-09,Premium,2023-09-23
C006453,Sathvik,Grewal,ayaan86@example.com,Hubli–Dharwad,Madhya Pradesh,1981-05-26,Standard,2022-10-27
C006454,Isaiah,Ahluwalia,dkhare@example.org,Hazaribagh,Goa,2001-11-05,Business,2024-07-18
C006455,Logan,Tella,satheaishani@example.com,Bokaro,Manipur,1995-04-02,Standard,2024-12-09
C006456,Ati,Lanka,wahab31@example.org,Kulti,Assam,1987-05-16,Premium,2023-01-09
C006457,Amrita,Mutti,sudiksha54@example.net,Karnal,Meghalaya,1971-02-05,Premium,2023-07-29
C006458,Nachiket,Dua,vasudhasachdeva@example.org,Tiruchirappalli,Uttarakhand,1990-06-12,Business,2026-04-11
C006459,Faris,Hans,ekanshsahni@example.net,Gaya,Uttarakhand,1977-08-05,Standard,2023-05-16
C006460,Inaya,Pandey,nimratghosh@example.net,Karimnagar,West Bengal,1979-09-23,Standard,2024-04-09
C006461,Imaran,Jayaraman,aryanbalan@example.org,Anantapuram,West Bengal,1958-12-18,Premium,2025-04-04
C006462,Anamika,Kapoor,svohra@example.org,Khora ,West Bengal,1975-02-02,Standard,2022-01-25
C006463,Madhavi,Pant,pillayoscar@example.net,Jamnagar,Karnataka,1964-11-17,Business,2023-03-20
C006464,Hamsini,Varughese,fmohanty@example.net,Fatehpur,Punjab,1998-03-21,Premium,2022-12-08
C006465,Rushil,Bhatnagar,kapadianidhi@example.com,Mysore,Maharashtra,1959-05-25,Business,2026-04-09
C006466,Jeet,Prashad,xkapoor@example.com,Dibrugarh,Tripura,1990-04-24,Premium,2025-08-17
C006467,Chameli,Bansal,balaonkar@example.org,Amritsar,Maharashtra,1969-04-12,Business,2023-12-03
C006468,Anthony,Ram,anikamisra@example.net,Giridih,Gujarat,2007-04-24,Premium,2025-10-10
C006469,Samuel,Zachariah,nihal67@example.net,Ozhukarai,Rajasthan,1979-02-15,Standard,2024-10-21
C006470,Panini,Narang,xnatt@example.com,Satara,Karnataka,1959-10-24,Business,2024-07-09
C006471,Osha,Mistry,ayush53@example.org,Bhatpara,Bihar,2005-08-03,Premium,2021-10-17
C006472,Priya,Sankar,ypatla@example.net,Adoni,Telangana,1956-04-06,Business,2024-01-03
C006473,Simon,Narang,somanrachit@example.org,Bhatpara,Uttarakhand,1999-07-28,Premium,2026-01-21
C006474,Meghana,Sarkar,damini38@example.com,Vadodara,Andhra Pradesh,1964-12-09,Standard,2023-05-20
C006475,Triya,Singhal,hhegde@example.org,Berhampore,Assam,1992-06-28,Standard,2026-02-22
C006476,Girish,Mishra,aurorageorge@example.net,Tiruchirappalli,Andhra Pradesh,1954-03-07,Premium,2024-10-26
C006477,Xavier,Ahuja,cprashad@example.net,Buxar,Odisha,2006-11-18,Premium,2022-07-04
C006478,Leela,Brar,lkeer@example.net,Burhanpur,Uttar Pradesh,1998-07-14,Business,2023-09-02
C006479,Mahika,Tak,lakshit33@example.com,Chandrapur,Goa,1974-10-10,Premium,2022-09-04
C006480,Simon,Nori,rajeshriseshadri@example.com,Jalgaon,Himachal Pradesh,2008-05-02,Business,2022-08-04
C006481,Gunbir,Upadhyay,dkara@example.net,Anantapur,Maharashtra,1961-11-23,Premium,2024-12-15
C006482,Vincent,Prabhu,irya57@example.net,Rohtak,West Bengal,1964-11-24,Premium,2022-06-19
C006483,Jason,Dora,akara@example.net,Noida,Sikkim,1985-08-18,Premium,2022-08-23
C006484,Vaishnavi,Raval,akshaykonda@example.net,Aizawl,Bihar,1992-12-16,Business,2021-10-07
C006485,Chandresh,Bumb,bhavini32@example.com,Gandhidham,Arunachal Pradesh,2005-08-18,Business,2024-01-14
C006486,Sarthak,Som,pradhanluke@example.com,Surat,Himachal Pradesh,1948-12-01,Business,2021-08-16
C006487,Jairaj,Hayer,suhanisabharwal@example.net,Katihar,Maharashtra,1972-11-11,Standard,2026-05-03
C006488,Aahana,Mannan,vaishnavinayar@example.net,Nellore,Chhattisgarh,2005-03-24,Standard,2024-11-24
C006489,Elijah,Aggarwal,yatanshan@example.com,Nizamabad,Andhra Pradesh,1961-12-17,Premium,2024-07-29
C006490,Theodore,Hari,bchad@example.com,Jodhpur,Tripura,1965-05-26,Standard,2021-10-24
C006491,Arunima,Ganguly,bobalanthony@example.net,Bhilwara,Jharkhand,2008-07-15,Standard,2022-10-06
C006492,Pratyush,Sahota,fnarayan@example.org,Jorhat,Tripura,1962-10-06,Business,2022-04-20
C006493,Bhavya,Ratti,goswamiaadhya@example.org,Jorhat,Uttar Pradesh,1951-04-08,Standard,2026-03-03
C006494,Ekiya,Naik,balaekantika@example.net,Guntakal,Assam,1967-11-06,Business,2021-08-11
C006495,Ranveer,Nori,avni67@example.net,Loni,Sikkim,1992-01-08,Standard,2025-01-03
C006496,Keya,Master,victorpalla@example.net,Rajpur Sonarpur,Gujarat,1983-10-10,Premium,2021-09-02
C006497,Abhiram,D’Alia,karireyansh@example.net,Nellore,Andhra Pradesh,2000-06-18,Premium,2025-07-17
C006498,Panini,Ray,max42@example.net,Phusro,Maharashtra,1975-06-05,Premium,2023-01-25
C006499,Vasudha,Ramachandran,priyathakkar@example.org,Pondicherry,Sikkim,1980-09-29,Premium,2023-03-19
C006500,Jack,Sane,mohammed03@example.com,Bellary,Uttar Pradesh,1948-01-17,Premium,2025-01-08
C006501,Faris,Menon,mohammed05@example.net,Gandhinagar,Chhattisgarh,1996-08-24,Premium,2026-06-03
C006502,Suhani,Bajaj,nandaturvi@example.net,Saharsa,Goa,1968-02-24,Business,2022-11-20
C006503,Warjas,Roy,utkarshsom@example.com,Rewa,Punjab,2006-09-16,Premium,2025-04-15
C006504,Rushil,Virk,ipatil@example.org,Bathinda,Mizoram,1996-07-19,Premium,2024-04-09
C006505,Darsh,Patel,upma13@example.org,Noida,Madhya Pradesh,1983-12-27,Premium,2025-09-02
C006506,Hema,Palla,rajmaanas@example.org,Morena,Manipur,1973-05-24,Standard,2021-08-12
C006507,Tanmayi,Yogi,senguptabahadurjit@example.com,Imphal,Jharkhand,2006-02-20,Standard,2025-11-24
C006508,Darsh,Handa,qtailor@example.net,Begusarai,Punjab,1965-12-22,Premium,2025-06-23
C006509,Jatin,Kunda,xhayer@example.org,Burhanpur,Telangana,2000-08-30,Premium,2026-05-23
C006510,Lucky,Hayer,nihalaggarwal@example.net,Gurgaon,Andhra Pradesh,1946-05-20,Premium,2022-12-19
C006511,Krishna,Lad,lekhabobal@example.org,Haridwar,Assam,1954-06-12,Premium,2024-11-12
C006512,Osha,Narain,pathakzinal@example.org,Siliguri,Himachal Pradesh,1951-07-28,Premium,2022-01-17
C006513,Mekhala,Ahuja,bmangal@example.net,Bathinda,Mizoram,2008-06-22,Business,2022-10-17
C006514,Daksh,Saraf,devanshsrinivas@example.org,Shahjahanpur,Bihar,1974-03-13,Premium,2026-06-21
C006515,Fitan,Sharma,manikritika@example.com,Eluru,Andhra Pradesh,1964-12-07,Business,2026-02-06
C006516,Sachi,Chander,ktaneja@example.com,Mysore,Rajasthan,1977-12-28,Premium,2023-06-22
C006517,Mason,Das,yashodhara32@example.org,Parbhani,Mizoram,1963-08-25,Premium,2022-09-16
C006518,Shivansh,Mohanty,agateayush@example.com,Bathinda,Haryana,1970-12-13,Standard,2025-07-11
C006519,Ati,Sunder,azachariah@example.net,Navi Mumbai,Madhya Pradesh,1993-06-24,Business,2024-06-15
C006520,Adweta,Chaudhary,zbatra@example.net,Uluberia,Tamil Nadu,1997-06-11,Standard,2022-05-05
C006521,Prisha,Rattan,gwalla@example.com,Nadiad,West Bengal,1980-11-23,Premium,2025-12-25
C006522,Hamsini,Ganguly,amol73@example.org,Nellore,Tamil Nadu,1950-07-05,Standard,2026-03-05
C006523,Janya,Bhatia,sankardavid@example.org,Bijapur,Haryana,2007-11-19,Premium,2024-06-22
C006524,Janya,Borde,krishpranit@example.com,Surat,Telangana,1950-01-06,Premium,2024-03-07
C006525,Lila,Bava,zaid63@example.net,Kottayam,Assam,1973-01-10,Premium,2022-02-16
C006526,Chaitanya,Narayan,omisha16@example.net,Mahbubnagar,Assam,1993-05-25,Standard,2021-11-13
C006527,Umang,Borra,jagvi07@example.net,Anand,Uttarakhand,1956-02-11,Premium,2022-12-06
C006528,Charan,Muni,sanghviekavir@example.com,Salem,Kerala,1990-05-14,Standard,2024-03-22
C006529,Benjamin,Chokshi,takjatin@example.org,Satna,Odisha,1990-07-22,Premium,2021-08-31
C006530,Harrison,Raj,bachittar76@example.net,Ichalkaranji,Assam,1976-10-10,Business,2023-04-15
C006531,Akshay,Bava,viraj53@example.org,Ratlam,Tripura,1981-05-08,Standard,2024-12-16
C006532,Aradhana,Chatterjee,patrick63@example.org,Tiruppur,Andhra Pradesh,1964-03-09,Premium,2022-06-02
C006533,Finn,Ganguly,christopherpillai@example.com,Gurgaon,Uttarakhand,1990-04-17,Premium,2024-07-13
C006534,Priya,Kashyap,tripathicharles@example.net,Ambattur,Telangana,1985-08-20,Standard,2026-08-01
C006535,Vinaya,Vala,apteekalinga@example.org,Tenali,Tamil Nadu,2005-05-09,Premium,2024-06-08
C006536,Ekbal,Ray,bachittarbuch@example.net,North Dumdum,Uttarakhand,1984-02-17,Business,2026-06-11
C006537,Pallavi,Raghavan,radhakrishnankrish@example.org,Dehradun,Manipur,1971-04-05,Business,2025-01-18
C006538,Yashoda,Deol,ekbalroy@example.net,Begusarai,Gujarat,1981-12-05,Standard,2022-10-20
C006539,Max,Subramanian,vedhika32@example.com,Bidar,Tripura,1998-04-06,Premium,2024-03-04
C006540,Atharv,Khare,nirjawason@example.net,Panchkula,Kerala,1994-10-22,Standard,2022-09-09
C006541,Orinder,Bora,qnigam@example.com,Nagpur,Haryana,1988-01-09,Standard,2023-12-12
C006542,Shivani,Ramesh,dkota@example.org,Bahraich,Mizoram,1976-09-29,Standard,2023-08-15
C006543,Nitara,Gandhi,megha87@example.org,Mirzapur,Gujarat,1970-11-18,Business,2024-01-27
C006544,Vanya,Patla,useth@example.net,Ajmer,Tamil Nadu,1991-11-16,Standard,2026-03-26
C006545,Yagnesh,Contractor,tzachariah@example.net,Ballia,Assam,1950-01-24,Business,2024-11-12
C006546,Jagrati,Mital,tbaria@example.com,Gwalior,Kerala,1956-09-04,Premium,2026-03-26
C006547,Yash,Seshadri,eeshaahuja@example.org,Bulandshahr,Rajasthan,1981-12-29,Business,2022-12-28
C006548,Isaac,Rao,oliverpandey@example.com,Agartala,Karnataka,2004-02-04,Premium,2022-07-24
C006549,Aahana,Kannan,ayush25@example.com,Asansol,Jharkhand,1950-05-28,Business,2023-01-25
C006550,Omya,Bhavsar,raghav06@example.net,Loni,Madhya Pradesh,1994-05-05,Standard,2024-10-28
C006551,Aarav,Morar,sethpahal@example.org,Ambarnath,Odisha,1952-09-17,Business,2024-11-07
C006552,Meghana,Magar,hayerkamala@example.com,Maheshtala,Gujarat,1994-09-07,Business,2021-09-10
C006553,Zashil,Vig,pratyush37@example.net,Dharmavaram,Telangana,1983-04-30,Premium,2025-02-15
C006554,Krishna,Gera,lsengupta@example.com,Allahabad,Madhya Pradesh,1999-09-29,Standard,2023-11-14
C006555,Xiti,Sibal,hritikdar@example.org,Madanapalle,Manipur,1983-02-03,Business,2023-05-07
C006556,Krisha,Patla,zlala@example.net,Tiruvottiyur,Chhattisgarh,1980-08-09,Standard,2022-08-22
C006557,Patrick,Hayer,guneetbansal@example.org,Chandrapur,Gujarat,1992-12-03,Standard,2025-06-17
C006558,Urvashi,Sathe,pbalay@example.com,Jorhat,Meghalaya,1955-05-08,Standard,2023-07-13
C006559,Faris,Kamdar,elijahgandhi@example.net,Phusro,Maharashtra,1965-10-24,Premium,2021-11-03
C006560,Anvi,Rege,pavani27@example.com,Jamshedpur,Uttar Pradesh,1977-02-16,Premium,2024-02-03
C006561,Krisha,Majumdar,ppalla@example.org,Kulti,West Bengal,1954-04-29,Business,2023-06-09
C006562,Daksh,Setty,olall@example.net,Khora ,Tamil Nadu,1969-07-04,Business,2023-05-27
C006563,Samarth,Gole,balnimrat@example.com,Ozhukarai,Arunachal Pradesh,1988-04-24,Premium,2024-10-22
C006564,Kavya,Shetty,sharafnaveen@example.net,Kolkata,Madhya Pradesh,1966-02-13,Standard,2022-10-04
C006565,Gautam,De,sekhongirish@example.com,Rajahmundry,Punjab,1993-11-11,Premium,2025-10-01
C006566,Balvan,Deol,vasatikadave@example.net,Malda,Gujarat,1972-01-14,Standard,2022-07-08
C006567,Janya,Pingle,msheth@example.net,Mehsana,Nagaland,2005-07-10,Business,2024-03-02
C006568,Irya,Bhavsar,wmahal@example.net,Panchkula,Punjab,1967-12-17,Premium,2023-12-10
C006569,Arin,Menon,crama@example.org,Hajipur,Maharashtra,1960-12-22,Standard,2024-03-15
C006570,Gabriel,Chahal,nirjaacharya@example.com,North Dumdum,Tripura,2001-09-04,Business,2022-03-12
C006571,Joshua,Srinivas,subramanianlogan@example.net,Maheshtala,Maharashtra,1970-10-21,Standard,2024-02-21
C006572,Chakradhar,Goda,lokechaman@example.com,Jamnagar,Haryana,1963-02-27,Premium,2025-09-27
C006573,Jasmit,Keer,tkibe@example.org,Kurnool,Andhra Pradesh,2008-05-26,Standard,2024-02-22
C006574,David,Aurora,manbirlala@example.org,Guntakal,Sikkim,2004-05-18,Premium,2023-09-09
C006575,Aachal,Sachdev,minhaslohit@example.com,Saharanpur,Andhra Pradesh,1982-12-08,Standard,2024-02-29
C006576,Chakrika,Agate,muniarunima@example.com,Chinsurah,Madhya Pradesh,1955-11-21,Standard,2022-08-31
C006577,Aarnav,Gill,jacksonsengupta@example.net,Udupi,Bihar,1951-08-24,Standard,2024-03-29
C006578,Ikbal,Gopal,rudrashenoy@example.com,Bhopal,Uttarakhand,1957-01-06,Business,2023-04-10
C006579,Meghana,D’Alia,andrewdara@example.org,Srikakulam,Uttar Pradesh,1960-06-24,Premium,2025-03-13
C006580,Vrishti,Narasimhan,bhavika28@example.net,Amaravati,Gujarat,1968-06-02,Premium,2023-03-29
C006581,Simon,Morar,fbahri@example.org,Kalyan-Dombivli,Karnataka,1986-08-22,Standard,2023-09-19
C006582,Adweta,Mody,anikanagy@example.com,Kadapa,Chhattisgarh,1953-09-23,Premium,2026-05-30
C006583,Praneel,Sarma,aloyal@example.org,Srikakulam,Tamil Nadu,1970-07-20,Business,2021-12-04
C006584,Panini,Saraf,rattanachiket@example.com,Shivpuri,Goa,1980-05-26,Premium,2022-07-06
C006585,Zehaan,Balan,kalpit32@example.net,Amaravati,Himachal Pradesh,1973-04-11,Premium,2026-05-04
C006586,Chaman,Korpal,gabrielsunder@example.com,Nellore,Telangana,1989-06-30,Standard,2023-12-29
C006587,Alka,Bala,odalia@example.com,Panchkula,Meghalaya,2005-07-17,Premium,2024-03-21
C006588,Vasatika,Venkatesh,jagatdora@example.net,Thanjavur,Mizoram,1959-03-17,Business,2023-06-20
C006589,Fiyaz,Prabhu,nandinikapur@example.com,Korba,Chhattisgarh,1966-06-21,Business,2022-04-03
C006590,Vasana,Saini,triya14@example.org,Kurnool,Chhattisgarh,1960-02-20,Business,2023-09-15
C006591,Manthan,Goda,dbora@example.com,Thanjavur,Assam,2006-06-01,standard,2024-01-18
C006592,Yug,Kuruvilla,xrout@example.net,Bhavnagar,Assam,1975-09-27,Standard,2024-04-21
C006593,Yashodhara,Joshi,gahuja@example.org,Jamshedpur,Jharkhand,1979-03-31,Business,2023-07-21
C006594,Rachit,Shanker,harsh67@example.com,Ratlam,Sikkim,1983-12-25,Business,2026-07-24
C006595,Rajata,Bhalla,matthew38@example.net,Muzaffarnagar,Rajasthan,1984-01-16,Standard,2022-02-13
C006596,Yatin,Gill,schada@example.com,Nizamabad,Jharkhand,1979-12-21,Premium,2022-01-16
C006597,Kamala,Dey,dayalaradhana@example.com,Thrissur,Assam,1961-12-08,Premium,2022-01-03
C006598,Ayush,Kari,hamsini82@example.org,Dibrugarh,Goa,1947-05-20,Business,2026-06-29
C006599,Nitara,Kar,chadhaakshay@example.com,Tadepalligudem,Mizoram,1972-12-21,Business,2023-03-02
C006600,Veda,Arya,mangatreva@example.net,Surat,Telangana,1952-09-14,Standard,2023-11-12
C006601,Krishna,Kara,bachittarraman@example.net,Korba,Rajasthan,1990-10-27,Standard,2024-03-30
C006602,Jagat,Natarajan,mshanker@example.org,Naihati,Mizoram,1977-06-12,Premium,2022-10-18
C006603,Faraj,Sandal,jacob75@example.com,Shimla,Jharkhand,1956-06-27,Business,2023-07-18
C006604,Yashvi,Shan,teerth45@example.net,Amaravati,Himachal Pradesh,1971-08-23,Standard,2024-02-07
C006605,Akshay,Deep,janisneha@example.org,Gangtok,Himachal Pradesh,2004-03-02,Premium,2026-06-25
C006606,Ikbal,Gandhi,aadhyavasa@example.net,Bharatpur,Manipur,1960-12-04,Premium,2021-08-16
C006607,Tanay,Sridhar,harshil13@example.com,Thanjavur,Himachal Pradesh,1979-05-27,Business,2024-10-04
C006608,Abeer,Dara,zghose@example.org,Satna,Mizoram,1974-06-07,Premium,2024-07-16
C006609,Ekaja,De,ladliwalla@example.net,Begusarai,Mizoram,1992-05-15,Premium,2022-06-25
C006610,Banjeet,Ratta,idas@example.net,Ahmedabad,Nagaland,2004-02-29,Premium,2024-01-27
C006611,Udyati,Sane,ybalay@example.com,Chandrapur,Manipur,1985-12-25,Business,2024-11-05
C006612,Gaurika,Gola,jhaverianya@example.net,Firozabad,Maharashtra,1965-06-04,Business,2024-07-06
C006613,Lohit,D’Alia,unnicherian@example.com,Mangalore,Assam,1971-02-22,Business,2023-01-18
C006614,Saanvi,Kohli,joshiansh@example.net,Ramgarh,Tripura,1969-11-07,Premium,2022-03-23
C006615,Krishna,Tata,tandononkar@example.com,Sasaram,Tamil Nadu,1947-12-29,Premium,2023-08-23
C006616,Xiti,Saha,advik87@example.net,Mirzapur,Rajasthan,1981-12-23,Standard,2021-09-20
C006617,Brijesh,Oza,bhavani17@example.org,Bahraich,Madhya Pradesh,2003-12-07,Business,2023-07-12
C006618,Abdul,Narula,nnayar@example.org,Pallavaram,Assam,1992-10-21,Premium,2026-02-02
C006619,Dayamai,Bhatnagar,manthanprasad@example.net,New Delhi,Arunachal Pradesh,1976-02-12,Business,2024-04-14
C006620,Jagdish,Rau,bajwaaadi@example.net,Ahmedabad,Mizoram,1993-05-25,Business,2026-03-22
C006621,Indali,Dara,isaiah82@example.com,Bhiwani,Telangana,2005-06-17,Premium,2024-09-08
C006622,Bahadurjit,Balakrishnan,bainsdavid@example.com,Tenali,Arunachal Pradesh,2007-09-30,Premium,2023-04-13
C006623,Anjali,Borde,rpandey@example.com,Sambhal,Telangana,1945-08-15,Premium,2022-08-19
C006624,Xiti,Padmanabhan,fkaran@example.org,Imphal,Meghalaya,1983-07-01,Premium,2023-12-20
C006625,Harish,Mall,gsaraf@example.net,Sambhal,Haryana,1952-08-08,Business,2026-06-14
C006626,Tanvi,Johal,qushiwagle@example.com,Guna,Nagaland,2000-12-29,Standard,2022-12-29
C006627,Bhanumati,Mann,kantpushti@example.com,Delhi,Odisha,1994-09-08,Premium,2022-07-05
C006628,Dev,Oak,mprasad@example.net,Panihati,Bihar,1970-04-16,Standard,2025-11-04
C006629,Imaran,Bhatt,bhavika82@example.net,Ahmednagar,Meghalaya,2003-12-25,Standard,2024-12-05
C006630,Isha,Jha,amruta59@example.org,Ujjain,Himachal Pradesh,1987-08-22,Standard,2025-12-19
C006631,Manya,Shanker,wardasoni@example.org,Shahjahanpur,Punjab,1964-10-29,premium,2021-10-15
C006632,Samarth,Golla,bavachaitaly@example.net,Chittoor,Meghalaya,1957-02-22,Premium,2026-05-17
C006633,Darsh,Chander,ekbal33@example.com,Faridabad,Maharashtra,1989-09-21,Standard,2024-05-21
C006634,Lajita,Chadha,jasmitjaggi@example.org,Gwalior,Haryana,1981-10-21,Premium,2023-12-01
C006635,Ojas,Gala,yastighose@example.net,Nashik,Punjab,1956-12-01,Standard,2022-12-23
C006636,Aarush,Pillay,chasmum30@example.net,Bhubaneswar,Tamil Nadu,1986-09-19,Standard,2021-12-09
C006637,Anthony,Lanka,balvankale@example.net,Begusarai,Tripura,1946-02-25,Standard,2024-05-08
C006638,Jagat,Bora,kakarharrison@example.net,Bikaner,Tamil Nadu,1961-07-15,Business,2025-04-10
C006639,Tripti,Goel,atharv20@example.org,Ludhiana,Himachal Pradesh,2006-05-03,Business,2026-06-12
C006640,Xalak,Nori,grewalagastya@example.com,Bhusawal,Uttarakhand,1990-01-17,Business,2025-09-08
C006641,Idika,Karnik,annelakshit@example.org,Aurangabad,Chhattisgarh,1979-09-14,Business,2025-05-31
C006642,Om,Chawla,chandraanjali@example.net,Pali,Himachal Pradesh,1963-04-08,Business,2025-12-21
C006643,Mohammed,Saini,fbarad@example.net,Ozhukarai,Odisha,1967-12-04,Standard,2022-04-08
C006644,Pranav,Oommen,nsaha@example.org,Munger,Odisha,1988-12-02,Business,2026-06-16
C006645,Shivansh,Dewan,varkeydhruv@example.net,Avadi,West Bengal,1952-12-27,Premium,2024-06-24
C006646,Tejas,Verma,mitterjatin@example.com,Jaipur,Jharkhand,1986-04-11,Business,2026-06-27
C006647,Gayathri,Taneja,ishitaoak@example.com,Cuttack,Meghalaya,1965-03-01,Standard,2023-04-18
C006648,Omya,Andra,qkhosla@example.net,Davanagere,Himachal Pradesh,1975-12-12,Premium,2023-02-05
C006649,Raagini,Basak,chaman52@example.net,Pudukkottai,Chhattisgarh,1979-09-05,Business,2024-11-19
C006650,Reva,Suri,kondawishi@example.net,Moradabad,Odisha,1955-12-05,Premium,2022-05-04
C006651,Netra,Krishnamurthy,girik74@example.net,Ajmer,Bihar,1953-10-30,Premium,2025-10-12
C006652,Niharika,Sarin,bakhshiravi@example.net,Nadiad,Madhya Pradesh,1949-04-15,Standard,2022-01-02
C006653,Urvashi,Kata,srinivasanvedant@example.org,Nashik,Odisha,1975-12-13,Premium,2022-10-27
C006654,Ekapad,Pal,kai10@example.net,Baranagar,Uttarakhand,1951-11-12,Business,2024-01-07
C006655,Farhan,Naik,xbadami@example.org,Amroha,Tripura,1958-05-21,Premium,2022-01-27
C006656,Aishani,Shankar,theodorechandran@example.org,Madhyamgram,Nagaland,1983-04-23,Business,2023-11-24
C006657,Lavanya,Nagarajan,jagatdash@example.net,Jodhpur,Sikkim,1964-05-19,Premium,2026-03-04
C006658,Chanakya,Taneja,darshnair@example.net,Dindigul,Chhattisgarh,1959-01-02,Standard,2025-05-30
C006659,Finn,Saraf,dhaliwaludyati@example.net,Sirsa,Goa,1957-03-31,Business,2023-02-06
C006660,Maanas,Krish,adweta09@example.org,Morbi,Maharashtra,2005-10-09,Standard,2026-06-21
C006661,Eshana,Grover,mammenwidisha@example.org,Pondicherry,Punjab,1973-06-24,Premium,2025-05-08
C006662,Ijaya,Sura,lsachdev@example.com,Jalandhar,Madhya Pradesh,1969-07-02,Standard,2026-01-21
C006663,Om,Garde,nbhavsar@example.net,Thane,Telangana,1985-04-27,Standard,2023-10-30
C006664,Udarsh,Keer,warriordaksha@example.org,Panipat,Goa,1953-03-31,Standard,2022-08-24
C006665,Krishna,Kala,jagdish59@example.org,Secunderabad,Madhya Pradesh,2001-12-11,Business,2024-04-06
C006666,Priya,Chana,baghyawati31@example.org,Hospet,Rajasthan,1971-11-22,Premium,2026-06-30
C006667,Yutika,Bir,isabharwal@example.org,Nizamabad,Andhra Pradesh,1994-12-28,Premium,2026-04-13
C006668,Aarnav,Acharya,upmasule@example.net,Khandwa,Maharashtra,1973-09-15,Premium,2022-09-18
C006669,Yuvraj,Karnik,radhakrishnangirik@example.com,Raebareli,Madhya Pradesh,1948-03-30,Premium,2023-01-01
C006670,Gaurika,Sridhar,wriddhishdubey@example.com,Sikar,Kerala,1996-10-16,Business,2025-05-06
C006671,Zayan,Mistry,nidrapanchal@example.net,Kolhapur,Haryana,1975-02-22,Premium,2025-08-01
C006672,Pahal,Munshi,ambleadvay@example.com,Mango,Tamil Nadu,1946-11-04,Standard,2022-06-13
C006673,Indira,Kalita,lopa41@example.net,Khora ,Mizoram,2000-04-17,Premium,2023-04-01
C006674,Madhavi,Balan,rishi21@example.org,Baranagar,Maharashtra,2004-08-30,Standard,2022-11-16
C006675,Jalsa,Wagle,kairam@example.com,Shimla,Karnataka,1983-12-21,Business,2022-09-17
C006676,Inaya,Shenoy,xjain@example.net,Raurkela Industrial Township,Jharkhand,1986-07-25,Premium,2026-04-08
C006677,Advik,Majumdar,ekiya13@example.org,Kolhapur,Telangana,1987-10-27,Premium,2026-06-15
C006678,Balendra,Bir,nagiojas@example.org,Haridwar,Uttarakhand,1965-02-08,Premium,2024-08-24
C006679,Tarak,Jain,xavier31@example.net,Berhampur,Punjab,1951-09-09,Business,2025-08-16
C006680,Nathan,Badami,ladqasim@example.net,Haldia,Bihar,2006-01-12,Premium,2024-10-24
C006681,Xiti,Choudhury,lipikanaik@example.org,Thrissur,Arunachal Pradesh,1988-06-22,Business,2022-08-21
C006682,Varenya,Dara,warindersingh@example.net,Ludhiana,Madhya Pradesh,1973-01-20,Premium,2023-04-20
C006683,Lajita,Krishnan,okohli@example.com,Agartala,Himachal Pradesh,1982-08-25,Standard,2026-05-27
C006684,Yuvraj,Basak,omkaarbatra@example.org,Sikar,Punjab,1989-07-24,Premium,2023-03-18
C006685,Vrishti,Bansal,kaisawhney@example.net,Darbhanga,Sikkim,1946-11-05,Standard,2026-02-24
C006686,Hemang,Gole,ijayasen@example.net,Sri Ganganagar,Mizoram,1998-03-02,Standard,2024-12-11
C006687,Idika,Ramachandran,gangaparmer@example.net,Karawal Nagar,Telangana,1952-03-31,Standard,2022-01-18
C006688,Kashvi,Rastogi,yadavibal@example.com,Rajahmundry,Nagaland,1975-01-17,standard,2024-11-16
C006689,Aadi,Sandal,ekanibhalla@example.org,Sikar,Rajasthan,1991-02-20,Business,2022-06-15
C006690,Adya,Vohra,chandresh96@example.net,Bhusawal,Nagaland,1964-10-23,Standard,2024-07-23
C006691,Urvashi,Kothari,oakidika@example.net,Karawal Nagar,Rajasthan,1951-04-29,Standard,2025-12-23
C006692,Ranbir,Khosla,mitesh04@example.org,Pimpri-Chinchwad,Jharkhand,1968-11-16,Standard,2024-06-13
C006693,Sudiksha,Kata,rpandya@example.net,Erode,Haryana,1997-12-11,Premium,2021-09-23
C006694,Suhani,Sodhi,aarini06@example.org,Morbi,Assam,1975-03-10,Standard,2024-10-06
C006695,Amaira,Contractor,vkohli@example.net,Phusro,Tamil Nadu,1967-07-04,Business,2026-02-09
C006696,Triya,Shah,bensuhani@example.com,Ludhiana,Andhra Pradesh,1949-09-07,Business,2021-09-18
C006697,Samarth,Dora,yashodhara71@example.net,Rajahmundry,Assam,1955-05-05,Premium,2024-12-12
C006698,Charita,Minhas,bakhshimody@example.net,Bilaspur,Haryana,1981-06-08,Standard,2023-06-21
C006699,Rajeshri,Prasad,zarna45@example.com,Anantapur,Meghalaya,1987-05-16,Standard,2024-06-13
C006700,Adya,Bedi,viswanathanmadhavi@example.com,Akola,Odisha,1956-07-28,Business,2021-09-10
C006701,Bhanumati,Gupta,dadainaya@example.org,Loni,Telangana,1966-04-21,Premium,2023-08-07
C006702,Nilima,Arora,zarna50@example.org,Howrah,Jharkhand,1985-03-28,Business,2023-08-08
C006703,Dominic,Balan,oeshi01@example.com,Darbhanga,Jharkhand,1948-05-18,Standard,2022-04-06
C006704,Kavya,Upadhyay,tristan64@example.org,Bangalore,Goa,1998-06-29,Business,2022-06-24
C006705,Ishanvi,Kata,walichandresh@example.com,Nandyal,Uttarakhand,1957-12-17,Business,2024-09-12
C006706,Krishna,Grover,ramanathandayita@example.net,Etawah,Haryana,1946-07-05,Business,2023-01-04
C006707,Balhaar,Walla,odika66@example.net,Aurangabad,Tripura,1965-11-16,Standard,2023-12-21
C006708,Andrew,Chanda,oshaverma@example.com,Vadodara,Sikkim,1998-11-23,Business,2023-12-10
C006709,Charles,Ravi,samar22@example.net,Bharatpur,Meghalaya,2004-01-27,Premium,2023-06-07
C006710,Pahal,Ravel,warriorwarjas@example.com,Kavali,Uttar Pradesh,2002-01-09,Standard,2023-04-16
C006711,Agastya,Thakur,pooja23@example.com,Sirsa,Chhattisgarh,1961-02-19,Business,2023-01-05
C006712,Arya,Bhalla,agastya79@example.org,Aurangabad,Manipur,1959-05-23,Standard,2024-05-24
C006713,Yauvani,Randhawa,rattikevin@example.org,Bhusawal,Bihar,1960-06-21,Premium,2024-03-16
C006714,Luke,Gola,hema97@example.net,Chandigarh,Tamil Nadu,2005-02-16,Premium,2025-04-10
C006715,Omkaar,Reddy,ektagrover@example.org,Bally,Mizoram,1948-12-08,Standard,2022-02-18
C006716,Triya,Bir,yugmalhotra@example.com,Secunderabad,West Bengal,1976-01-25,Business,2023-10-16
C006717,Udarsh,Vasa,ckrish@example.net,Satna,Meghalaya,1987-05-03,Premium,2026-05-12
C006718,Pahal,Handa,hsunder@example.org,Haldia,Mizoram,1946-11-14,Standard,2026-03-13
C006719,Maanas,Keer,dipta95@example.com,Gurgaon,Rajasthan,1973-09-10,Business,2023-01-14
C006720,Zehaan,Bal,michael21@example.com,Korba,Kerala,2001-08-24,Business,2022-04-04
C006721,Yug,Kunda,sgoswami@example.net,Gulbarga,Arunachal Pradesh,1996-11-01,Standard,2021-08-30
C006722,Vasatika,Tata,ekiyasur@example.net,Agra,Maharashtra,1957-01-09,Standard,2022-09-22
C006723,Tanay,Dugal,pram@example.org,Shahjahanpur,Odisha,1995-03-20,Business,2025-12-16
C006724,Max,Deep,lmemon@example.net,Amritsar,Sikkim,1973-02-13,Premium,2021-11-18
C006725,Daniel,Chaudhuri,dharyamini@example.net,Korba,Assam,1998-12-05,Standard,2026-02-28
C006726,Harrison,Bora,shivanidin@example.com,Mathura,Andhra Pradesh,1990-08-16,Business,2025-09-26
C006727,Isaiah,Lad,darfrado@example.org,Parbhani,Himachal Pradesh,1965-11-05,Standard,2023-01-30
C006728,Bhavini,Banik,samakshjohal@example.net,Sambalpur,Bihar,2003-10-09,Standard,2025-09-14
C006729,Dominic,Bala,darabrijesh@example.org,Surat,West Bengal,1980-06-26,Standard,2023-08-26
C006730,Ekani,Dyal,krishnarana@example.com,Phusro,West Bengal,1998-08-23,Standard,2021-09-23
C006731,Ikbal,Roy,ehayer@example.net,Agartala,Maharashtra,2002-12-14,Premium,2024-08-11
C006732,Zilmil,Merchant,mraj@example.com,Patiala,Kerala,1989-02-16,Standard,2023-02-12
C006733,Krish,Pandit,zlata@example.net,Raebareli,Karnataka,1998-03-23,Business,2025-08-16
C006734,Christopher,Saraf,vdewan@example.com,Uluberia,Karnataka,2004-03-20,Standard,2024-04-22
C006735,Panini,D’Alia,tarakpathak@example.net,Noida,Uttarakhand,1961-06-03,Business,2024-08-26
C006736,Warjas,Agate,pallayashica@example.net,Amravati,Assam,1998-05-08,Business,2022-06-17
C006737,Abeer,Uppal,zsachar@example.org,Rewa,Maharashtra,1988-04-25,Premium,2023-01-25
C006738,Karan,Apte,rachitamani@example.net,Loni,Andhra Pradesh,1993-01-03,Business,2024-09-21
C006739,Meera,Pandey,odhaliwal@example.org,Dhanbad,Nagaland,1970-05-29,Business,2023-03-14
C006740,Amaira,Ram,amutti@example.org,Bhalswa Jahangir Pur,Madhya Pradesh,1989-07-09,Premium,2023-10-22
C006741,Jagat,Loyal,chakrabartivedant@example.net,Karimnagar,Goa,2004-06-06,Business,2024-05-17
C006742,Chaitanya,Bansal,banikjagat@example.net,Kottayam,Goa,1992-08-31,Premium,2026-07-17
C006743,Hardik,Rout,ayush66@example.com,Sikar,Andhra Pradesh,1971-05-04,Premium,2025-03-30
C006744,Udyati,Taneja,cjaggi@example.net,Delhi,Chhattisgarh,2007-07-31,Business,2021-10-19
C006745,Sarthak,More,kevin30@example.org,Narasaraopet,Chhattisgarh,1983-07-27,Standard,2025-10-11
C006746,Gaurang,Loyal,zehaandar@example.net,Amritsar,Tamil Nadu,1970-01-13,Business,2025-04-05
C006747,Gautami,Padmanabhan,joshua16@example.net,Siwan,Kerala,1987-01-31,Standard,2022-07-04
C006748,Nidra,Sabharwal,venkataramandavid@example.com,Alappuzha,Haryana,1963-06-29,Business,2024-12-02
C006749,Reva,Choudhry,tarakkrishnan@example.org,Thanjavur,Mizoram,1947-08-26,Standard,2024-08-17
C006750,Devansh,Dhingra,chaaya37@example.org,Davanagere,Himachal Pradesh,1972-10-15,Business,2023-03-21
C006751,Netra,Gill,quincykala@example.org,Udupi,Manipur,1963-04-25,Premium,2022-11-06
C006752,Meera,Mitra,plal@example.org,Bellary,Assam,1980-10-30,Business,2025-08-30
C006753,Vincent,Menon,wadhwadalbir@example.com,Nellore,Odisha,1974-07-12,Standard,2023-11-23
C006754,Onveer,Deol,zlanka@example.org,Thane,Goa,2002-11-04,Standard,2025-10-07
C006755,Anirudh,Jhaveri,,Jamshedpur,Goa,1946-02-08,Premium,2022-03-15
C006756,Max,Upadhyay,dharrachita@example.com,New Delhi,Goa,1988-09-06,Premium,2023-08-24
C006757,Gautam,Chanda,saanviacharya@example.org,Etawah,Bihar,1965-10-07,Standard,2026-05-28
C006758,Lajita,Kata,sanghvirishi@example.org,Amroha,Goa,1947-10-21,Standard,2025-06-27
C006759,Abha,Ravel,bordegautam@example.com,Bhimavaram,Assam,1979-04-08,Premium,2025-07-22
C006760,Ucchal,Kannan,nehaom@example.com,Jodhpur,Gujarat,1962-01-30,Premium,2025-07-05
C006761,Fiyaz,Gopal,desaiaarush@example.org,Satna,Nagaland,1995-12-31,Premium,2024-07-13
C006762,Benjamin,Dara,ayush92@example.org,Nellore,Haryana,1985-02-12,Business,2022-12-24
C006763,Dev,Rout,sarthak29@example.net,Kalyan-Dombivli,Punjab,1960-09-27,Standard,2023-08-05
C006764,Xavier,Mody,prashadindali@example.net,Hosur,Jharkhand,1968-07-13,Premium,2025-09-24
C006765,Tanvi,Hari,luthralavanya@example.net,Sirsa,Bihar,1961-08-15,Premium,2021-10-23
C006766,Gayathri,Wason,mbasak@example.net,Kamarhati,Maharashtra,1968-10-01,Standard,2025-04-05
C006767,Daksha,Sabharwal,liamsami@example.com,Dehradun,West Bengal,2008-03-29,Business,2022-01-05
C006768,Nathan,Pingle,urmi59@example.net,Mehsana,Meghalaya,1966-02-03,Premium,2024-12-27
C006769,Amruta,Aurora,xtara@example.org,Pali,Manipur,1996-04-26,Premium,2022-03-24
C006770,Qabil,Toor,ygrewal@example.com,Tinsukia,Kerala,1956-10-27,Standard,2021-11-11
C006771,Anita,Bhatt,jsuresh@example.com,Agra,Uttarakhand,1979-02-06,Business,2025-12-10
C006772,Jeet,Edwin,wazir30@example.org,Gaya,Gujarat,2008-03-31,Standard,2025-05-15
C006773,Nitesh,Nair,,Proddatur,Tripura,1950-08-07,Premium,2025-01-09
C006774,Darpan,Rastogi,vincent14@example.com,Ratlam,Punjab,1957-07-02,Standard,2023-06-04
C006775,Henry,Devan,kulkarniomisha@example.net,Adoni,Goa,1964-10-09,Standard,2021-09-24
C006776,Siddharth,Bassi,samaksh63@example.net,Shimoga,Tamil Nadu,1951-04-12,Standard,2025-07-27
C006777,Prisha,Date,tanaynair@example.com,Raebareli,West Bengal,1963-08-23,Standard,2024-05-14
C006778,Ekantika,Iyengar,malhotraubika@example.org,Saharsa,Manipur,1998-04-05,Standard,2022-12-01
C006779,Odika,Kota,doraniharika@example.com,Kulti,Meghalaya,1949-01-19,Standard,2022-08-09
C006780,Inaya,Dubey,veda62@example.org,Thrissur,West Bengal,1963-07-06,Premium,2025-12-21
C006781,Wahab,Sundaram,jswamy@example.org,Amravati,Uttarakhand,1954-12-31,Premium,2022-06-21
C006782,Fariq,Merchant,bhagatimaran@example.com,Kadapa,Mizoram,1962-07-07,Premium,2024-10-19
C006783,Damini,Gole,yashica51@example.org,Srikakulam,Madhya Pradesh,1976-09-08,Premium,2024-12-20
C006784,Farhan,Kota,vedavenkatesh@example.net,Jammu,Odisha,1982-02-03,Premium,2022-03-26
C006785,Matthew,Gera,sarafbimala@example.net,Mira-Bhayandar,Jharkhand,1952-12-15,Standard,2021-09-01
C006786,Sanaya,Gulati,swamyfariq@example.com,Darbhanga,Rajasthan,1967-09-11,Premium,2025-05-05
C006787,Girindra,Soman,sarthak44@example.com,Allahabad,Tamil Nadu,1970-09-16,Premium,2024-01-06
C006788,Oscar,Toor,kkrishna@example.com,Nizamabad,West Bengal,1958-10-23,Premium,2025-07-10
C006789,Qushi,Hans,giriksama@example.org,Satara,Tripura,1978-03-14,Premium,2026-05-24
C006790,Ira,Zachariah,ngoswami@example.com,Vadodara,Bihar,1949-07-16,Business,2022-09-19
C006791,Indali,Kunda,shahniharika@example.com,Amaravati,West Bengal,1991-06-20,Premium,2021-11-14
C006792,Hemani,Issac,palbrinda@example.com,Thanjavur,Himachal Pradesh,1969-10-11,Standard,2024-07-19
C006793,Warjas,Doshi,omsamra@example.com,Buxar,Haryana,1982-07-08,Standard,2021-10-21
C006794,Harshil,Dhillon,bahadurjitmallick@example.org,Navi Mumbai,Arunachal Pradesh,2004-06-05,Standard,2022-02-13
C006795,Advik,Chopra,chawlahema@example.net,Bangalore,Karnataka,1970-01-07,Standard,2022-06-06
C006796,Indira,Brar,sakshamedwin@example.org,Sambalpur,Rajasthan,1970-12-17,Business,2026-03-27
C006797,Netra,Bhavsar,manyagupta@example.com,Aizawl,Sikkim,1950-08-11,Premium,2024-11-03
C006798,Chakradhar,Master,nsangha@example.com,Orai,Arunachal Pradesh,1974-09-08,Business,2024-10-25
C006799,Aryan,Nagy,solankiyadavi@example.net,Bilaspur,Haryana,1983-09-22,Business,2022-06-13
C006800,Vaishnavi,Bhatnagar,dalalayaan@example.org,Malegaon,West Bengal,1949-06-01,Standard,2022-04-10
C006801,Gaurika,Sanghvi,sdhar@example.com,Ghaziabad,Mizoram,1963-05-25,Business,2022-06-21
C006802,Yahvi,Pau,bravel@example.org,Arrah,Manipur,1950-06-28,Business,2023-11-14
C006803,Saumya,Deo,azad67@example.org,Malegaon,Arunachal Pradesh,1987-05-23,Business,2023-08-29
C006804,Ishani,Om,mbhasin@example.com,Gwalior,Punjab,1971-11-19,Business,2026-04-11
C006805,Saumya,Ganguly,dvirk@example.com,Bardhaman,Tripura,1970-12-30,Premium,2022-04-28
C006806,Isaiah,Rana,diya96@example.net,Ambattur,Rajasthan,1955-12-28,Premium,2023-05-04
C006807,Dev,Chawla,ganesanatharv@example.net,Jaipur,Uttarakhand,1978-08-19,Standard,2026-07-07
C006808,Anvi,Nayar,chanakya69@example.net,Saharsa,Assam,1986-03-04,Premium,2024-10-19
C006809,Anirudh,Sawhney,mandamahika@example.net,Bidar,Maharashtra,1957-10-13,Premium,2025-04-01
C006810,Harinakshi,Chand,waglerachita@example.net,Kishanganj,Bihar,2007-10-09,Standard,2026-01-04
C006811,Logan,Sinha,deepagour@example.net,Baranagar,Rajasthan,2004-08-30,Premium,2022-10-23
C006812,Teerth,Joshi,shivanichaudry@example.org,Aurangabad,Jharkhand,1948-06-11,Premium,2022-05-10
C006813,Omisha,Sani,bhanumaticheema@example.org,Suryapet,Madhya Pradesh,1991-09-26,Standard,2023-12-15
C006814,Aahana,Murthy,zkoshy@example.com,Gandhinagar,Odisha,1998-04-15,Premium,2025-06-15
C006815,Rushil,Chadha,tamannayadav@example.com,Kochi,Meghalaya,1962-06-03,Premium,2022-07-16
C006816,Aayush,Vohra,rvasa@example.com,Aizawl,Madhya Pradesh,1997-04-24,Premium,2023-07-21
C006817,Leela,Khanna,neha37@example.com,Katni,West Bengal,1989-06-15,Business,2022-06-14
C006818,Udant,Sankaran,mandlibni@example.com,Kota,Odisha,1955-08-09,Premium,2026-04-08
C006819,Sara,Kashyap,jeet54@example.net,Gwalior,Karnataka,1985-04-13,Premium,2024-03-15
C006820,Rachana,Yogi,gulatiwarjas@example.org,Loni,Manipur,1981-02-14,Standard,2022-05-27
C006821,Lekha,Vora,klad@example.net,Muzaffarnagar,Uttarakhand,1950-07-13,Premium,2023-04-06
C006822,Vasana,Dutta,harshsarna@example.com,Gurgaon,Goa,1980-07-21,Standard,2022-03-03
C006823,Arin,Mannan,kademegha@example.org,Vijayanagaram,Haryana,1959-12-15,Standard,2022-11-03
C006824,Ayaan,Sami,aahanapant@example.net,Guwahati,West Bengal,1989-12-04,Standard,2023-02-19
C006825,Radhika,Seshadri,yadavibahl@example.org,Shimla,Tamil Nadu,1968-12-28,Premium,2024-08-15
C006826,Kala,Varty,bchacko@example.com,Sri Ganganagar,Odisha,1965-02-27,Standard,2025-09-15
C006827,Vinaya,Batra,hsrinivas@example.org,Hindupur,Assam,1990-01-26,Premium,2023-02-14
C006828,Nandini,Narasimhan,ranganathannisha@example.com,Thoothukudi,Manipur,1982-04-12,Premium,2024-02-27
C006829,Upadhriti,Varughese,dakshachad@example.org,Raebareli,Tripura,2001-01-24,Premium,2024-03-01
C006830,Urvi,Dayal,geraavni@example.com,Firozabad,Goa,1994-12-02,Standard,2026-07-19
C006831,Nimrat,Jayaraman,manthan38@example.net,Tumkur,Maharashtra,1986-10-21,Premium,2024-03-01
C006832,Mason,Rao,raksha33@example.com,Surendranagar Dudhrej,Tripura,1968-09-04,Standard,2025-11-09
C006833,Lavanya,Lad,qarin32@example.org,Sultan Pur Majra,Karnataka,1992-11-19,Standard,2022-07-14
C006834,Kashvi,Jha,shenoymanbir@example.com,Madanapalle,Maharashtra,1963-11-19,Business,2023-11-24
C006835,Indira,Dugar,xsandhu@example.net,Nagaon,Uttar Pradesh,1970-01-23,Business,2023-03-23
C006836,Ikshita,Bava,kdhingra@example.com,Rajpur Sonarpur,Telangana,1959-01-02,Premium,2021-08-18
C006837,Dev,Trivedi,ucchalsoni@example.com,Rewa,Goa,1961-08-25,Business,2022-12-28
C006838,Jagrati,Walia,harihemang@example.com,Khandwa,Gujarat,1956-05-03,Standard,2025-03-16
C006839,Dakshesh,Bose,khuranaaditya@example.org,Sultan Pur Majra,Arunachal Pradesh,1971-11-29,Business,2023-03-15
C006840,Falan,Wali,wishisampath@example.org,Saharanpur,Jharkhand,1987-05-22,Business,2024-03-16
C006841,Watika,Tailor,emuni@example.net,Katihar,Manipur,1973-04-17,Premium,2022-06-20
C006842,Vrishti,Kapur,,Sri Ganganagar,Karnataka,1961-05-23,Business,2025-11-05
C006843,Rachana,Bava,yachanashah@example.net,Kolkata,Gujarat,2005-06-20,Business,2022-02-06
C006844,Fiyaz,Kale,mammenayaan@example.com,Mira-Bhayandar,Madhya Pradesh,1961-12-09,Standard,2026-07-20
C006845,Shravya,Malhotra,chandransalvi@example.com,Ulhasnagar,Tripura,2008-07-27,Standard,2024-12-17
C006846,Simon,De,krishnapandit@example.com,Thrissur,Tripura,1977-04-16,Business,2025-02-16
C006847,Bhavani,Trivedi,qchokshi@example.com,Durg,Gujarat,1954-05-29,Business,2023-09-24
C006848,Falan,Karnik,vlal@example.com,Mehsana,Rajasthan,1957-05-28,Premium,2025-04-04
C006849,Darika,Pingle,vbatra@example.net,Mau,Bihar,1960-12-07,Standard,2022-06-06
C006850,Pallavi,Hayre,ramanisaiah@example.org,Sri Ganganagar,Telangana,1997-04-08,Premium,2022-08-01
C006851,Fariq,Sha,daradavid@example.org,Dhanbad,Tripura,1992-05-06,Business,2022-04-15
C006852,Amaira,Sha,dastriveni@example.com,Rourkela,Uttar Pradesh,1962-06-29,Premium,2025-12-16
C006853,Nakul,Bansal,csarna@example.com,Kolhapur,Telangana,1949-04-07,Standard,2024-12-12
C006854,Joshua,Mistry,mohantyishanvi@example.net,Kamarhati,Madhya Pradesh,1982-09-06,Standard,2025-05-08
C006855,Anita,Raman,goswamishivansh@example.org,Hapur,Madhya Pradesh,1983-03-06,Business,2023-01-21
C006856,Abeer,Subramaniam,dborra@example.net,Gwalior,West Bengal,1968-08-27,Premium,2022-12-13
C006857,Mitesh,Varty,sachitoor@example.com,Aizawl,Bihar,1985-12-30,Standard,2022-01-26
C006858,Kamala,Kalla,gpant@example.org,Gandhidham,Odisha,1975-04-30,Standard,2025-06-10
C006859,Jonathan,Deol,nehaagarwal@example.net,Visakhapatnam,Himachal Pradesh,2003-10-18,Standard,2024-09-12
C006860,Aarnav,Palan,lajitaperi@example.net,Motihari,Manipur,1960-05-02,Standard,2021-12-27
C006861,Lakshmi,Pillai,hiral15@example.net,Shahjahanpur,Goa,1945-09-22,Business,2026-06-28
C006862,Wyatt,Venkatesh,azadchaudhari@example.net,Pune,Tripura,1996-09-26,Business,2025-06-13
C006863,Orinder,Kapur,aadhya39@example.net,Ahmedabad,Meghalaya,1975-01-08,Standard,2022-01-03
C006864,Meghana,Viswanathan,charvi60@example.com,Chapra,Gujarat,2004-12-24,Standard,2023-11-24
C006865,Nakul,Bandi,ganga30@example.com,Yamunanagar,Assam,1960-08-02,Premium,2026-04-08
C006866,Neha,Lala,darikaiyer@example.com,Guntur,Assam,1948-04-23,Premium,2022-01-16
C006867,Prisha,Batta,vincent05@example.net,Akola,Assam,1960-09-16,Business,2023-12-22
C006868,Agastya,Sunder,gswamy@example.com,Kulti,Telangana,1973-02-27,Premium,2023-05-16
C006869,Rayaan,Patla,aarushdara@example.com,Jamalpur,West Bengal,2008-02-05,Business,2021-08-19
C006870,Krishna,Bansal,vaishnavi04@example.net,Gangtok,Sikkim,1963-01-28,Standard,2022-01-30
C006871,Xiti,Borra,chanderlaksh@example.net,Patiala,Karnataka,1989-01-04,Business,2023-02-20
C006872,Utkarsh,Chad,bhatqushi@example.com,Bellary,West Bengal,1999-08-02,Business,2022-12-08
C006873,Yoshita,Jhaveri,dmistry@example.org,Gandhidham,Sikkim,1977-10-26,Business,2022-01-30
C006874,Damyanti,Ben,ukale@example.net,Amroha,Telangana,1967-12-10,Standard,2022-12-10
C006875,Faraj,Kapoor,chaitaly41@example.net,Agra,Odisha,1990-01-15,Business,2024-05-13
C006876,Hritik,Vyas,ekarajchana@example.org,Saharanpur,Sikkim,1962-04-21,Standard,2024-10-19
C006877,Vihaan,Rajan,warriorchakradev@example.net,Tirunelveli,Odisha,1978-11-20,Premium,2022-02-25
C006878,Eesha,Murty,annehenry@example.net,Tezpur,Manipur,1961-06-16,Business,2023-02-23
C006879,Pooja,Kaul,tganesan@example.org,Bhavnagar,Kerala,1973-03-17,Business,2024-07-14
C006880,Onveer,Bal,eesha39@example.com,Nagpur,Meghalaya,1967-07-06,Business,2022-04-11
C006881,Vedika,Hayre,gauri90@example.org,Bareilly,Meghalaya,2003-10-12,Standard,2026-05-05
C006882,Rajeshri,Rao,ekarnik@example.com,Bahraich,Bihar,1959-09-26,Premium,2022-08-14
C006883,Vaishnavi,Buch,fpadmanabhan@example.org,Bellary,Manipur,2000-12-28,Premium,2024-08-18
C006884,Rachita,Anne,ishanviseshadri@example.net,Udupi,Odisha,1981-09-14,Premium,2023-05-08
C006885,Niharika,Choudhry,patlavasana@example.org,Panvel,Telangana,1996-03-06,Business,2021-10-16
C006886,Omaja,Chanda,rachita75@example.com,Bhind,Sikkim,1950-02-25,Standard,2022-06-26
C006887,Garima,Bansal,rchahal@example.com,Kanpur,Chhattisgarh,1993-04-20,Premium,2022-02-03
C006888,Karan,Munshi,yashica93@example.com,Kishanganj,Sikkim,1986-02-11,Standard,2022-06-15
C006889,Lopa,Lall,aradhanasidhu@example.com,Jhansi,Karnataka,1992-10-30,Premium,2023-02-07
C006890,Vrishti,Gulati,rkoshy@example.org,Katni,Uttarakhand,1998-05-07,Business,2026-05-10
C006891,George,Mitter,megha80@example.com,Sri Ganganagar,Maharashtra,1988-04-02,Business,2023-11-30
C006892,Prisha,Chana,anika11@example.com,Rampur,Maharashtra,1989-11-23,Premium,2024-07-25
C006893,Yashasvi,Vala,hegdehenry@example.com,Kolkata,Uttarakhand,1962-08-07,Standard,2026-06-06
C006894,Ojas,Shanker,xbajwa@example.com,Miryalaguda,Manipur,1956-08-09,Premium,2025-02-02
C006895,Yatin,Goda,wyattsavant@example.net,Bareilly,Odisha,1948-09-04,Standard,2025-02-08
C006896,Pratyush,Yogi,geetika62@example.net,Shahjahanpur,Assam,1996-12-03,Business,2022-06-08
C006897,Farhan,Guha,ahluwaliaabha@example.org,Kolhapur,Andhra Pradesh,1969-03-06,Premium,2022-10-30
C006898,Jeevika,Trivedi,fgopal@example.org,Madanapalle,Nagaland,1968-12-23,Standard,2026-08-06
C006899,Kavya,Baral,dadanilima@example.com,Tezpur,Sikkim,2006-09-14,Premium,2026-05-18
C006900,Yashodhara,Thakur,karankhalsa@example.net,Aizawl,Chhattisgarh,1951-02-04,Business,2022-11-23
C006901,Divya,Savant,xbhattacharyya@example.com,Panchkula,Telangana,1979-05-30,Premium,2022-02-20
C006902,Watika,Reddy,jeremiahgara@example.net,Raebareli,Bihar,1994-01-16,Business,2022-02-17
C006903,Saanvi,Dixit,gpal@example.net,Buxar,Uttarakhand,1964-03-30,Business,2022-10-24
C006904,Agastya,Narula,mahajanneha@example.net,Hajipur,Goa,1961-01-24,Business,2022-05-12
C006905,Bhavna,Wable,amruta01@example.net,Malda,Assam,1971-06-12,Business,2026-02-14
C006906,Owen,Lad,thamanjoshua@example.net,Muzaffarpur,Andhra Pradesh,1967-10-20,Business,2021-11-17
C006907,Kabir,Manne,pratyush21@example.com,Raiganj,Haryana,1946-04-15,Business,2021-11-22
C006908,Tanay,Sridhar,vmann@example.net,Srikakulam,Assam,2004-03-10,Premium,2026-01-29
C006909,Lajita,Gola,mitalipatla@example.net,Bhubaneswar,Karnataka,1967-07-24,Standard,2021-11-15
C006910,Chaitanya,Sanghvi,suhani90@example.net,Hospet,Karnataka,1982-08-01,Standard,2024-06-20
C006911,Oni,Doctor,rajatabhavsar@example.net,Katihar,Andhra Pradesh,1954-05-10,Premium,2023-07-19
C006912,Forum,Banerjee,chawlagautam@example.org,Bharatpur,Himachal Pradesh,2008-01-09,Business,2026-01-19
C006913,Krishna,Kaul,cheemajatin@example.org,Tinsukia,West Bengal,1952-05-08,Premium,2025-04-04
C006914,Vritti,Deshpande,vedantraval@example.org,Gulbarga,Chhattisgarh,1957-04-16,Premium,2023-02-13
C006915,Kashish,Soni,hbora@example.com,Bidar,Karnataka,1974-11-13,Premium,2022-08-30
C006916,Yatan,Sarraf,libni43@example.net,Danapur,Haryana,2002-01-03,Premium,2022-07-17
C006917,Nidhi,Dua,ebhagat@example.net,Navi Mumbai,Manipur,1994-12-04,Standard,2024-11-29
C006918,Upasna,Pandey,pyohannan@example.com,Noida,Tripura,1968-12-26,Business,2024-08-20
C006919,Tarak,Sarma,kevinmandal@example.net,Satna,Gujarat,1951-07-17,Premium,2023-02-08
C006920,Dhriti,Pall,george27@example.org,Khora ,Manipur,1951-08-07,Premium,2022-07-31
C006921,Rachita,Singh,xavier02@example.com,Mathura,Karnataka,1957-02-19,Standard,2022-10-22
C006922,Neelima,Warrior,chadhamanthan@example.org,Katni,Bihar,1980-12-18,Premium,2024-09-02
C006923,Bhavani,Randhawa,chatresh09@example.com,Hosur,Tripura,1982-02-21,Premium,2024-09-08
C006924,Nicholas,Dara,diya08@example.net,Vellore,Manipur,2002-11-13,Premium,2025-03-16
C006925,Azad,Thaman,qsane@example.com,Karimnagar,Punjab,1971-02-25,Premium,2023-02-06
C006926,Balendra,Pall,varkeybenjamin@example.org,Dharmavaram,Himachal Pradesh,1982-04-18,Business,2026-08-07
C006927,Wyatt,Varty,keerharish@example.net,Guna,Rajasthan,1960-06-29,Business,2024-10-27
C006928,Kabir,Wali,routchatura@example.org,Medininagar,Assam,1963-04-08,Standard,2024-12-29
C006929,Faraj,Dar,krishna71@example.org,Bhavnagar,Assam,1978-02-10,Business,2024-11-10
C006930,Girish,Mammen,bhanumati15@example.org,Nandyal,Jharkhand,2005-06-15,Standard,2024-10-11
C006931,Gaurika,Varghese,chadhabachittar@example.com,Bareilly,Uttar Pradesh,2004-12-15,Business,2023-11-29
C006932,Vidhi,Nazareth,charvi50@example.com,Tirupati,Punjab,1985-10-22,Business,2022-04-16
C006933,Dhruv,Bhatt,dwadhwa@example.org,Bally,Kerala,1978-07-22,Standard,2023-06-13
C006934,Pavani,Nigam,mmohanty@example.net,Gudivada,Goa,2005-04-18,Standard,2022-09-11
C006935,Meghana,Rajagopalan,auroraqarin@example.org,Chennai,Tamil Nadu,1972-02-10,Premium,2024-07-05
C006936,Baghyawati,Tara,oganesan@example.com,Jabalpur,Punjab,1952-05-20,Premium,2022-09-21
C006937,Aarav,Soman,esharma@example.com,Raurkela Industrial Township,Tripura,1950-09-04,Business,2023-10-20
C006938,Thomas,Sane,esen@example.org,Bhilai,West Bengal,2002-03-30,Business,2026-04-29
C006939,Logan,Natarajan,indali45@example.com,Narasaraopet,Jharkhand,1951-09-27,Business,2026-04-21
C006940,Onveer,Rao,elijahbakshi@example.com,Durg,Andhra Pradesh,1963-09-19,Standard,2024-09-29
C006941,Balvan,Agate,dattafalguni@example.net,Bulandshahr,Punjab,2006-06-26,Standard,2021-10-07
C006942,Champak,Kala,csen@example.com,Loni,Andhra Pradesh,1960-06-24,Premium,2022-12-11
C006943,Anusha,Sandhu,balveer15@example.com,Madhyamgram,Maharashtra,1990-10-08,Business,2023-10-19
C006944,Anita,Radhakrishnan,jgill@example.net,Rohtak,Assam,1956-01-01,Standard,2025-03-18
C006945,Pushti,Bhalla,mekhala94@example.com,Mathura,Odisha,1976-11-27,Standard,2021-11-24
C006946,Madhavi,Pillai,bandigirik@example.net,Uluberia,Karnataka,1945-10-16,Premium,2024-05-15
C006947,Geetika,Balasubramanian,vbiswas@example.com,Sirsa,Meghalaya,1973-07-08,Business,2024-04-28
C006948,Ladli,Sinha,kmenon@example.net,Deoghar,Rajasthan,1995-11-29,Standard,2022-12-13
C006949,Zarna,Palla,abdulsandhu@example.net,Mango,West Bengal,1946-11-29,Premium,2024-03-03
C006950,Brijesh,Murthy,kuruvillayashica@example.com,Durg,Odisha,1989-02-05,Premium,2026-02-10
C006951,Zaid,Basak,aadhya50@example.net,Amroha,Uttarakhand,1973-12-14,Business,2022-06-14
C006952,Osha,Dani,ikshitabandi@example.net,Shahjahanpur,Bihar,1999-06-18,Business,2022-12-05
C006953,Naksh,Saran,peter04@example.com,North Dumdum,Bihar,1999-10-14,Premium,2022-10-24
C006954,Nihal,Badal,aadhya64@example.com,Bhind,Telangana,1987-04-12,Premium,2026-02-21
C006955,Darpan,Naidu,tsem@example.org,Dibrugarh,Madhya Pradesh,1973-05-07,Business,2021-09-05
C006956,Leela,Hayer,fdivan@example.org,Purnia,Tamil Nadu,1956-01-23,Premium,2024-10-20
C006957,Faras,Shetty,vincentgrewal@example.net,Karawal Nagar,Bihar,2007-04-23,Premium,2025-04-27
C006958,Bishakha,Dewan,dakshaprakash@example.net,Raurkela Industrial Township,Bihar,1985-12-30,Premium,2021-12-30
C006959,Bakhshi,Das,halderchaitanya@example.com,Chennai,Rajasthan,1947-10-25,Standard,2023-09-25
C006960,Aachal,Mander,gabriel61@example.com,Jabalpur,Gujarat,1972-10-20,Premium,2021-09-22
C006961,Megha,Sachar,frado45@example.com,Kota,Tamil Nadu,1979-09-19,Standard,2021-12-10
C006962,Girish,Gade,dixitharshil@example.com,Ongole,Odisha,1977-07-07,Business,2024-05-23
C006963,Yasti,Bhatia,sehgalutkarsh@example.com,Buxar,Manipur,1947-02-13,Business,2022-05-02
C006964,Chaaya,Kurian,bedimanthan@example.org,Hosur,Himachal Pradesh,1954-10-15,Standard,2025-04-07
C006965,Dayamai,Din,sehgalsamaksh@example.org,Asansol,Chhattisgarh,1972-10-08,Premium,2023-05-22
C006966,Xavier,Chandra,fbuch@example.org,Bongaigaon,Chhattisgarh,1961-06-13,Business,2025-08-27
C006967,Sachi,Sankaran,zdass@example.org,Asansol,Odisha,1957-02-28,Standard,2026-04-21
C006968,Zayan,Mahajan,ygara@example.com,Navi Mumbai,Bihar,2008-02-15,Premium,2024-03-10
C006969,Yash,Narasimhan,manan25@example.org,Ahmedabad,Punjab,1960-01-15,Business,2025-03-01
C006970,Triveni,Raval,warjasmistry@example.net,Rewa,Goa,1996-09-14,Standard,2022-12-01
C006971,Gautami,Hayer,vasatika06@example.org,Panipat,Tripura,1980-06-08,Premium,2022-01-10
C006972,Geetika,Palla,etajayaraman@example.net,Dibrugarh,Uttarakhand,1960-02-11,Business,2025-03-26
C006973,Henry,Malhotra,jvirk@example.org,Barasat,Uttar Pradesh,1995-07-05,Business,2023-12-24
C006974,Abha,Balan,meghanasaxena@example.org,North Dumdum,Uttar Pradesh,1967-01-20,Business,2025-08-06
C006975,Baghyawati,Dhingra,lbhardwaj@example.net,Berhampur,Gujarat,1981-04-10,Premium,2026-07-09
C006976,Ishita,Chandra,wablejanaki@example.net,Burhanpur,Madhya Pradesh,1975-09-09,Business,2022-03-31
C006977,Kiaan,Jha,janyatailor@example.com,Bhavnagar,Rajasthan,1977-07-25,Standard,2026-03-25
C006978,Nimrat,Kamdar,jasonbarad@example.org,Rewa,Tamil Nadu,1950-03-25,Business,2022-01-13
C006979,Aditya,Sami,chakrika60@example.net,Kumbakonam,Maharashtra,2003-06-08,Premium,2026-07-31
C006980,Nisha,Vora,tbhattacharyya@example.net,Dharmavaram,Tripura,1948-07-10,Business,2025-06-08
C006981,Teerth,Dhingra,isha90@example.net,Sambalpur,Maharashtra,1984-07-24,Premium,2023-01-05
C006982,Hritik,Deshpande,timothy33@example.org,Anantapur,Manipur,1985-05-03,Premium,2026-04-11
C006983,Mohini,Dhawan,vihaan81@example.com,Barasat,Manipur,1950-10-09,Premium,2023-10-16
C006984,Guneet,Mukherjee,kashviloke@example.org,Bhind,Madhya Pradesh,1977-01-04,Business,2024-10-14
C006985,Dev,Bedi,kalayachana@example.com,Vasai-Virar,Arunachal Pradesh,1991-05-05,Business,2026-01-13
C006986,Lucky,Nath,usamra@example.org,Allahabad,Kerala,2002-04-13,Business,2023-03-04
C006987,Nathaniel,Bhardwaj,shivanshdate@example.net,Raiganj,Odisha,1949-07-21,Standard,2023-09-20
C006988,Eta,Hayer,gayathrinarula@example.net,Rampur,Telangana,1962-08-31,Premium,2024-09-27
C006989,Ati,Date,yadavaarnav@example.com,Solapur,Gujarat,1997-06-27,Standard,2026-03-27
C006990,Qadim,Dhingra,fiyaztripathi@example.net,Patiala,Tamil Nadu,2004-07-02,Standard,2023-06-23
C006991,Dipta,Mand,oviyajayaraman@example.net,Asansol,Himachal Pradesh,1970-06-04,Standard,2024-05-01
C006992,Wishi,Choudhry,lavanyadhaliwal@example.net,Rewa,Nagaland,1987-03-24,Business,2025-12-05
C006993,Balveer,Keer,isaiah57@example.org,Srinagar,West Bengal,1984-02-08,Business,2021-09-03
C006994,Baghyawati,Bandi,pallaekantika@example.net,Pune,Jharkhand,1964-11-13,Standard,2022-12-11
C006995,Wahab,Dube,ybanik@example.com,Gorakhpur,Uttarakhand,2006-03-04,Standard,2025-02-19
C006996,Harish,Ben,balayvarenya@example.org,Narasaraopet,Jharkhand,1986-07-10,Premium,2022-11-25
C006997,Shivani,Sastry,ddyal@example.com,Bellary,Tamil Nadu,1993-12-05,Standard,2021-08-08
C006998,Januja,Gulati,yanne@example.org,Singrauli,Tripura,1981-11-13,Standard,2026-01-27
C006999,Chavvi,Raman,isaiah84@example.net,Patiala,Karnataka,1955-02-22,Standard,2022-09-21
C007000,Yadavi,Chaudhuri,ekarajpatel@example.org,Hyderabad,Goa,1972-05-09,Business,2021-12-15
C007001,Janya,Devan,wazir95@example.net,Aizawl,Gujarat,1980-02-20,Business,2024-01-21
C007002,Omisha,Das,blalla@example.org,Kamarhati,Andhra Pradesh,1986-01-30,Premium,2026-02-11
C007003,Chakradev,Narang,aarnahalder@example.com,Karnal,Goa,1971-09-16,Premium,2022-06-14
C007004,Bhanumati,Pathak,gaurangi96@example.net,Kumbakonam,Haryana,1967-02-09,Premium,2023-08-22
C007005,Jagdish,Karnik,tsule@example.com,Begusarai,Madhya Pradesh,1971-12-22,Business,2024-11-11
C007006,Samaksh,Balakrishnan,rnaidu@example.org,Hyderabad,Tripura,2005-05-22,Standard,2023-12-08
C007007,Tarak,Kala,narayansaanvi@example.net,Hubli–Dharwad,Andhra Pradesh,1997-06-18,Premium,2023-03-01
C007008,Fitan,Khosla,anvi87@example.com,Bhimavaram,Gujarat,1996-07-18,Premium,2026-04-07
C007009,Ekbal,Dada,raviqarin@example.com,Satna,Arunachal Pradesh,1980-04-25,Standard,2025-12-21
C007010,Gaurika,Biswas,kabir44@example.org,Barasat,Gujarat,1966-03-02,Standard,2025-07-10
C007011,Kashish,Bhattacharyya,tmunshi@example.net,Tirupati,Manipur,1993-01-24,Standard,2021-10-15
C007012,Finn,Choudhry,sureshrachit@example.com,Phagwara,Odisha,1997-03-05,Business,2022-09-26
C007013,Chanakya,Sathe,aditya57@example.net,Bidhannagar,Punjab,1966-01-29,Premium,2026-04-27
C007014,Darika,Saxena,ubika22@example.net,Alwar,West Bengal,1949-04-24,Standard,2021-10-11
C007015,Varenya,Tank,gvarma@example.net,Chandigarh,Madhya Pradesh,1964-04-05,Premium,2024-11-12
C007016,Gaurang,Boase,xcheema@example.com,Guntakal,Haryana,2003-06-18,Premium,2024-06-15
C007017,Sai,Prasad,pallavi06@example.com,Bihar Sharif,Manipur,1993-06-12,Standard,2023-04-15
C007018,Chanchal,Lala,rushilsur@example.org,Vasai-Virar,Sikkim,1992-04-17,Standard,2023-11-19
C007019,Shaurya,Loyal,baljiwan27@example.org,Narasaraopet,Haryana,1951-08-12,Standard,2026-05-15
C007020,Hema,Vasa,hayreyash@example.org,Tumkur,Bihar,1982-04-12,Premium,2024-08-29
C007021,Geetika,Sekhon,riya38@example.net,Tiruchirappalli,Telangana,1991-06-13,Premium,2026-06-21
C007022,Om,Pandey,chowdhurygautam@example.org,Kakinada,Rajasthan,1977-08-07,Business,2022-04-21
C007023,Lavanya,Brar,jsundaram@example.net,Barasat,Himachal Pradesh,1984-06-05,Premium,2025-05-13
C007024,Shaurya,Dugar,peterchandran@example.com,Shivpuri,Kerala,1953-12-25,Business,2023-11-06
C007025,Ishwar,Parikh,arunima89@example.net,Shivpuri,Punjab,1956-07-17,Standard,2024-10-27
C007026,Udyati,Oza,ghoseekbal@example.com,Siwan,Odisha,1982-06-06,Standard,2025-06-19
C007027,Charles,Jha,chaitaly91@example.net,Gandhinagar,Mizoram,2007-05-27,Premium,2024-05-06
C007028,Finn,Kala,hpurohit@example.com,South Dumdum,Uttarakhand,1963-01-06,Business,2023-01-15
C007029,Eshana,Prabhu,ayush53@example.org,Cuttack,Gujarat,1965-07-03,Premium,2022-10-05
C007030,Oni,Wali,sampathvictor@example.org,Nandyal,Odisha,1979-04-04,Premium,2025-02-17
C007031,Neel,Deo,lajita01@example.org,Ozhukarai,Karnataka,1947-11-02,Premium,2025-08-01
C007032,Vamakshi,Nayak,yashicamann@example.net,Gorakhpur,Goa,2006-12-14,Premium,2024-09-27
C007033,Tristan,Gole,suhanimann@example.com,Dewas,Bihar,1967-03-28,Standard,2024-09-08
C007034,Lajita,Mutti,parya@example.org,Surat,Haryana,1972-09-20,Business,2023-11-29
C007035,Amaira,Mittal,suraamara@example.net,Coimbatore,Punjab,1946-07-21,Business,2022-09-15
C007036,Yasti,Nadig,miteshkala@example.com,Vasai-Virar,Nagaland,1958-01-01,Business,2021-12-20
C007037,Vansha,Mann,geraamaira@example.com,Kolhapur,Manipur,1968-04-06,Standard,2025-11-05
C007038,Lakshit,Brar,samarth09@example.com,Ballia,Meghalaya,1949-09-07,Premium,2024-05-23
C007039,Nandini,Hegde,jsehgal@example.net,Ahmednagar,Uttarakhand,1983-08-25,Standard,2025-08-06
C007040,Chasmum,Zachariah,tamanna47@example.org,Alappuzha,Madhya Pradesh,1971-04-18,Standard,2026-05-27
C007041,Irya,Parmar,fitan19@example.org,Kota,Gujarat,1954-04-03,Premium,2022-08-22
C007042,Wyatt,Mani,mandadiya@example.net,Unnao,Karnataka,2008-07-13,Standard,2023-12-11
C007043,Umang,Dara,divya64@example.org,Rourkela,Chhattisgarh,1997-08-18,Standard,2022-07-23
C007044,Urishilla,Sarin,girik18@example.org,Bokaro,Odisha,1971-11-16,Standard,2023-06-19
C007045,Vansha,Ahuja,ranbir63@example.com,Raiganj,Madhya Pradesh,1990-07-01,Business,2026-07-09
C007046,Maanas,Bali,xmukherjee@example.org,Ludhiana,Andhra Pradesh,1947-03-02,Standard,2025-09-14
C007047,Mason,Goda,udey@example.com,Vijayawada,Telangana,1950-03-10,Standard,2024-10-20
C007048,Falak,Srinivasan,saumya57@example.org,Siwan,Goa,1957-02-16,Standard,2021-09-02
C007049,Anamika,Bakshi,ekarajravi@example.org,Ludhiana,Karnataka,1993-04-16,Premium,2026-06-04
C007050,Widisha,Kara,jainyash@example.com,Khora ,Rajasthan,1988-11-14,Standard,2024-06-02
C007051,Ira,Sharaf,zbaral@example.org,Bidar,Himachal Pradesh,1957-11-17,Standard,2022-01-21
C007052,Hemal,Chacko,chakradharpau@example.org,Mysore,Uttarakhand,1972-07-22,premium,2024-07-01
C007053,Shivansh,Ganesh,lbarad@example.net,Bhagalpur,Maharashtra,1976-06-28,Business,2024-10-28
C007054,Sarthak,Reddy,girishdeep@example.com,Nagaon,Bihar,1972-03-19,Standard,2024-02-28
C007055,Isha,Badal,vkanda@example.net,Loni,Mizoram,1986-06-29,Premium,2022-04-10
C007056,Naveen,Ahuja,nagiguneet@example.org,Uluberia,Rajasthan,1983-03-19,Premium,2023-08-15
C007057,Yash,Morar,thakurethan@example.net,Barasat,Tamil Nadu,2003-10-03,Standard,2024-08-30
C007058,Deepa,Shah,omutti@example.com,Vijayanagaram,Meghalaya,1972-10-02,Premium,2024-10-06
C007059,Gabriel,Hari,edoctor@example.org,Ghaziabad,Maharashtra,1969-06-24,Premium,2023-04-06
C007060,Eta,Pillay,sdara@example.com,Ulhasnagar,Assam,1968-05-12,Standard,2021-09-14
C007061,Vedant,Palla,balhaarbains@example.net,Gandhinagar,Haryana,1970-11-01,Standard,2022-04-09
C007062,Ekansh,Ratta,vasatika23@example.com,Khammam,Goa,2001-08-18,Business,2024-01-27
C007063,Prisha,Nayar,rsaran@example.org,Ichalkaranji,Bihar,1959-03-07,Business,2024-11-17
C007064,Girish,Bera,ira44@example.org,Gopalpur,Telangana,1974-01-18,Business,2025-06-13
C007065,Alexander,Keer,parekhxiti@example.com,Baranagar,Chhattisgarh,1984-12-18,Standard,2025-10-26
C007066,Yashasvi,Sant,wmitra@example.net,Noida,West Bengal,1963-01-31,Business,2024-11-16
C007067,Anika,Chaudhry,goswamigaurav@example.net,Kakinada,Tamil Nadu,1997-01-22,Premium,2024-04-03
C007068,Balhaar,Kota,advaith00@example.net,Jehanabad,Telangana,1984-03-20,Standard,2025-05-29
C007069,Divya,Mohanty,imaranbajwa@example.org,Burhanpur,Himachal Pradesh,1946-04-03,Business,2026-07-31
C007070,Tarak,Jani,senguptayashasvi@example.net,Dindigul,Mizoram,1955-12-28,Business,2025-08-09
C007071,Meghana,Bose,hnarain@example.org,Kollam,Chhattisgarh,2007-01-12,Business,2025-04-07
C007072,Daniel,Salvi,cbhatt@example.com,Kanpur,Rajasthan,1977-03-02,Premium,2025-05-29
C007073,Yagnesh,Chada,anita73@example.com,Jhansi,Rajasthan,1954-05-24,Standard,2021-10-03
C007074,Aarini,Gokhale,rsur@example.com,Gangtok,Manipur,1984-04-28,Business,2021-12-05
C007075,Imaran,Kamdar,shayre@example.org,Miryalaguda,Mizoram,1949-11-02,Standard,2022-06-19
C007076,Jonathan,Mane,vmajumdar@example.com,Bidar,Chhattisgarh,1969-08-12,Premium,2023-11-24
C007077,Atharv,Rama,sanyaraju@example.org,Bhiwani,Goa,1970-01-10,Business,2024-11-21
C007078,Kiaan,Johal,agrawaldhriti@example.com,Madurai,Tamil Nadu,1951-05-02,Premium,2025-03-09
C007079,Anmol,Chakraborty,megha21@example.net,Bhubaneswar,Telangana,1980-06-27,Standard,2023-08-30
C007080,Amara,Kar,devikaborra@example.net,Kozhikode,Uttarakhand,1996-10-28,Premium,2025-06-26
C007081,Urvashi,Krishnamurthy,rushilnanda@example.org,Vijayanagaram,Telangana,1965-08-31,Premium,2025-10-16
C007082,Rachita,Vasa,dbandi@example.net,Mumbai,Manipur,1949-01-20,Business,2023-09-07
C007083,Wridesh,Ganesh,uppalkalpit@example.org,Tumkur,Rajasthan,1995-09-15,Business,2025-02-22
C007084,Tarak,Dugar,chandreshkaran@example.net,Mira-Bhayandar,Gujarat,1985-10-09,Standard,2022-09-09
C007085,Dominic,Lanka,finnbadami@example.org,Bidar,Chhattisgarh,1982-12-31,Standard,2023-10-17
C007086,Aarav,Hayre,gangulyjhalak@example.net,Moradabad,Uttar Pradesh,1949-07-02,Standard,2026-04-17
C007087,Anvi,Majumdar,parmerzilmil@example.com,Phusro,Manipur,1978-04-06,Premium,2023-06-03
C007088,Varenya,Kunda,krishaminhas@example.net,Madurai,Manipur,1967-03-16,Standard,2024-11-10
C007089,Amrita,Parekh,ambledivya@example.com,Motihari,Rajasthan,2008-03-19,Standard,2023-08-21
C007090,Frederick,Agrawal,idoshi@example.com,Thoothukudi,Chhattisgarh,1969-06-16,Premium,2024-06-21
C007091,Jagrati,Shukla,xavier82@example.net,Saharsa,Telangana,1959-05-20,Business,2025-12-17
C007092,Nihal,Mahal,nnarain@example.com,Phagwara,Bihar,1957-06-26,Standard,2026-01-14
C007093,Harshil,Khare,zaitra45@example.org,Chapra,Tamil Nadu,1969-06-27,Standard,2026-05-16
C007094,Vincent,Tandon,abha84@example.net,Warangal,Tripura,1961-10-26,Business,2025-07-05
C007095,Advika,Khosla,ocontractor@example.com,Bhind,Odisha,1998-05-29,Business,2022-07-30
C007096,Vedant,Narang,omkaarjayaraman@example.org,Nellore,Uttar Pradesh,1991-03-17,Premium,2025-02-06
C007097,Tara,Mangal,mohammedsavant@example.org,Srikakulam,Tripura,1953-05-10,Premium,2026-07-23
C007098,Zayan,Tara,janakidevan@example.org,Shivpuri,Himachal Pradesh,1947-07-25,Standard,2024-07-14
C007099,Maanav,Thaker,janyawalia@example.com,Ghaziabad,Haryana,1954-03-15,Premium,2026-01-12
C007100,Vamakshi,Bhat,brahmbhattsamarth@example.net,Vellore,Assam,1946-11-02,Business,2022-08-20
C007101,Aayush,Mistry,waida28@example.net,Ramagundam,Uttarakhand,1982-09-21,Business,2022-12-20
C007102,Lohit,Ghose,xparekh@example.net,Ghaziabad,Haryana,1988-03-22,Standard,2022-03-23
C007103,Charan,Subramaniam,yashvibose@example.com,Munger,Punjab,1960-06-08,Standard,2024-06-09
C007104,Balhaar,Sheth,barkha56@example.net,Bhiwani,Punjab,1996-05-19,Premium,2026-05-25
C007105,Isha,Mammen,opuri@example.org,Kozhikode,Uttarakhand,1946-02-25,Standard,2025-12-07
C007106,Jagrati,Prakash,wpatla@example.com,Guntur,Mizoram,1993-12-22,Standard,2026-01-16
C007107,Falak,Golla,balasubramanianurvashi@example.com,Tiruppur,West Bengal,2002-01-02,Standard,2021-12-22
C007108,Kritika,Virk,mohammed66@example.net,Dehradun,Tamil Nadu,1972-07-15,Business,2025-04-12
C007109,Onveer,Zachariah,ekaja34@example.net,Udaipur,Madhya Pradesh,1976-01-21,Premium,2025-08-17
C007110,Maanav,Sathe,rbatra@example.org,Haldia,Tamil Nadu,1963-10-18,Standard,2022-05-26
C007111,Yashawini,Nagar,meghanarau@example.org,Salem,Chhattisgarh,2007-09-27,Standard,2024-04-16
C007112,Peter,Venkatesh,gabaadvaith@example.net,Shimla,Karnataka,1951-12-13,Premium,2022-02-19
C007113,Harinakshi,Dayal,aprashad@example.net,Bathinda,Uttar Pradesh,1995-05-11,Business,2023-04-06
C007114,Ekantika,Purohit,bhatiamohini@example.com,Udupi,West Bengal,1967-11-12,Premium,2024-09-12
C007115,Damini,Singhal,ysibal@example.org,Chittoor,Manipur,1989-07-05,Standard,2023-10-30
C007116,Jyoti,Devan,zehaan04@example.com,Guntur,Nagaland,2007-06-08,Premium,2022-04-18
C007117,Kamala,Sur,sarkarrishi@example.com,Darbhanga,Maharashtra,1982-04-02,Business,2026-04-18
C007118,Warinder,Devi,gopalvala@example.net,Coimbatore,Assam,1992-05-10,Standard,2023-08-22
C007119,Abhimanyu,Tella,aadi78@example.com,Amravati,Himachal Pradesh,1969-11-28,Premium,2025-01-21
C007120,Sarthak,Swamy,ysarkar@example.net,Rajahmundry,Tripura,1972-12-06,Business,2022-04-23
C007121,Faqid,Saini,lakshitbaral@example.net,Mira-Bhayandar,Mizoram,1965-11-11,Standard,2023-07-27
C007122,Pranav,Tak,idalal@example.org,Gulbarga,Meghalaya,1967-05-21,Standard,2022-07-29
C007123,Chanakya,Dara,madanupadhriti@example.org,Thrissur,Uttarakhand,2007-09-12,Business,2021-08-10
C007124,Jeet,Sibal,dsha@example.org,Eluru,Goa,1959-02-02,Business,2025-02-02
C007125,Kritika,Mukhopadhyay,barmanati@example.net,Adoni,Mizoram,1946-09-09,Premium,2023-10-05
C007126,Tejas,Wagle,rudra32@example.net,Nellore,Haryana,1984-01-19,Premium,2026-03-20
C007127,Harrison,Shenoy,ychacko@example.net,Panipat,Assam,1984-11-11,Business,2025-05-17
C007128,Gaurang,Dar,ssaha@example.org,Allahabad,Nagaland,1961-09-06,Business,2025-12-01
C007129,Deepa,Sura,vyanjanasangha@example.org,Ramagundam,Maharashtra,1953-06-11,Business,2022-02-21
C007130,Aarini,Sarkar,siya79@example.org,Jalandhar,West Bengal,1986-01-10,Business,2022-09-19
C007131,Ishani,Naik,vohradavid@example.org,Davanagere,Chhattisgarh,1985-08-29,Business,2022-02-04
C007132,Balhaar,Mandal,koommen@example.org,Ramgarh,Goa,1989-01-19,Standard,2024-04-12
C007133,Fitan,Andra,ikbalsawhney@example.com,South Dumdum,Madhya Pradesh,1986-09-11,Premium,2026-03-04
C007134,Harshil,Konda,lipika69@example.com,Varanasi,Assam,2002-05-15,Standard,2025-04-21
C007135,Jagvi,Luthra,oganguly@example.org,Varanasi,Andhra Pradesh,1973-03-20,Standard,2025-09-22
C007136,Arin,Vohra,mkalla@example.org,Phagwara,Gujarat,1988-08-07,Premium,2023-01-16
C007137,Bhanumati,Sani,amital@example.net,Alappuzha,Tripura,1962-12-01,Premium,2025-10-04
C007138,Mitesh,Dara,latajeet@example.net,Vasai-Virar,Punjab,1980-11-24,Business,2024-12-05
C007139,Qasim,Ramaswamy,chaudharywyatt@example.org,Davanagere,Telangana,2003-02-25,Standard,2026-06-29
C007140,Madhav,Roy,chakrabartiamara@example.com,Bhubaneswar,Chhattisgarh,1962-04-04,Premium,2022-12-05
C007141,Gautami,Kant,indrajit61@example.net,Bokaro,Karnataka,1967-03-26,Standard,2026-06-22
C007142,Chandran,Chahal,subramaniannaksh@example.net,Ulhasnagar,Goa,1946-03-05,Standard,2026-01-13
C007143,Pooja,Datta,bailladli@example.net,Thrissur,Gujarat,2005-01-04,Standard,2023-05-26
C007144,Abeer,Dalal,rohan69@example.com,Aizawl,Uttar Pradesh,1990-12-09,Standard,2023-12-05
C007145,Veda,Tak,bvarghese@example.org,Ujjain,Chhattisgarh,1974-02-01,Standard,2024-01-13
C007146,Amrita,Nigam,wraj@example.com,Belgaum,Madhya Pradesh,1998-02-05,Business,2022-08-10
C007147,Nakul,Mittal,gokhaleyatan@example.com,Surendranagar Dudhrej,Uttar Pradesh,1970-01-29,Business,2024-03-25
C007148,Hitesh,Agarwal,sdhar@example.net,Gurgaon,Himachal Pradesh,1954-09-21,Premium,2024-12-07
C007149,Lakshit,Khosla,jmitra@example.org,Kumbakonam,Nagaland,1994-10-19,Business,2022-07-30
C007150,Wishi,Rama,januja67@example.com,Karnal,Jharkhand,1984-12-20,Premium,2022-11-28
C007151,Nathan,Khalsa,krishna35@example.com,Bhusawal,Uttarakhand,1966-10-01,Standard,2024-04-11
C007152,Ekavir,Bakshi,balveer05@example.net,Malda,Chhattisgarh,1987-06-04,Premium,2022-07-22
C007153,Vritti,Balay,timothysinghal@example.org,Phusro,Madhya Pradesh,1959-09-14,Premium,2022-02-18
C007154,Ronith,Sekhon,bhasinwidisha@example.org,Alappuzha,Gujarat,1983-07-31,Premium,2023-05-24
C007155,Jhalak,Sur,qsangha@example.org,Mathura,Arunachal Pradesh,1989-09-04,Premium,2024-11-02
C007156,Kashvi,Gupta,mahikabhagat@example.org,Muzaffarnagar,Telangana,1985-12-27,Standard,2022-02-21
C007157,Qadim,Rout,stata@example.com,Aligarh,Kerala,2003-12-13,Business,2025-02-01
C007158,Nitesh,Edwin,shroffeesha@example.com,Farrukhabad,Gujarat,1983-04-04,Business,2024-03-22
C007159,Raghav,Sangha,ydasgupta@example.com,Bharatpur,West Bengal,1997-11-11,Standard,2024-10-04
C007160,Forum,Grewal,hsehgal@example.org,Mango,Nagaland,1964-08-24,Premium,2022-01-18
C007161,Pranav,Varma,handapatrick@example.net,Ghaziabad,Rajasthan,1984-08-19,Business,2021-08-27
C007162,Nathaniel,Cheema,kamdarodika@example.org,Ludhiana,Nagaland,1955-06-01,Standard,2022-11-27
C007163,Tanveer,Dugar,panchalaishani@example.net,Rohtak,Uttar Pradesh,1953-09-10,Premium,2024-01-08
C007164,Qarin,Bajwa,rajagopalhamsini@example.net,Jodhpur,Kerala,1972-02-05,Standard,2022-03-23
C007165,Lipika,Kala,jhaverilajita@example.org,Vadodara,Kerala,1973-04-21,Premium,2026-03-09
C007166,Maanav,Malhotra,lramachandran@example.org,Bongaigaon,Gujarat,1956-03-09,Premium,2023-01-04
C007167,Falan,Sant,sanya32@example.com,Alwar,Kerala,1969-09-28,Business,2024-08-15
C007168,Lohit,Rege,vrittikumer@example.net,Lucknow,West Bengal,1956-05-06,Standard,2023-02-05
C007169,Vansha,Bath,timothy45@example.com,Dhanbad,Kerala,1955-12-01,Business,2024-03-01
C007170,Wahab,Brar,nidhi99@example.com,Karawal Nagar,Himachal Pradesh,1988-10-29,Standard,2024-06-09
C007171,Yauvani,Wagle,tejasdesai@example.net,Sikar,Meghalaya,1979-09-18,Premium,2024-11-15
C007172,Ishaan,Chauhan,gunbirlal@example.com,Tadipatri,Maharashtra,1986-06-16,Premium,2021-11-23
C007173,Anirudh,Biswas,fiyaz94@example.com,Panvel,Kerala,2000-12-05,Standard,2022-12-15
C007174,Janaki,Minhas,lbaral@example.org,Aurangabad,Haryana,1990-10-14,Business,2023-04-03
C007175,Lekha,Rajan,onilal@example.org,Ambala,Maharashtra,1996-03-28,Standard,2023-01-13
C007176,Jagat,Saha,wasonpahal@example.com,Danapur,Tripura,2003-10-01,Standard,2022-01-16
C007177,Mahika,Mistry,zmunshi@example.com,Srikakulam,Sikkim,1995-06-21,Business,2024-12-15
C007178,Girik,Oak,sachi68@example.com,Satara,West Bengal,1967-02-17,Business,2021-09-22
C007179,Alexander,Dayal,toorpallavi@example.net,Srinagar,Himachal Pradesh,1965-12-02,Standard,2023-01-15
C007180,Dominic,Prabhu,vlata@example.com,Ahmedabad,Bihar,1953-11-18,Premium,2026-03-01
C007181,Vyanjana,Gandhi,cdeep@example.org,Guna,Nagaland,1957-06-16,Business,2023-02-13
C007182,Udarsh,Iyengar,kalajai@example.com,Gurgaon,Rajasthan,2002-04-25,Standard,2025-03-10
C007183,Reyansh,Chadha,ssampath@example.net,Belgaum,Tamil Nadu,2006-12-23,Standard,2026-04-26
C007184,Abha,Sankar,vartyatharv@example.net,Bhimavaram,Chhattisgarh,1989-02-14,Premium,2024-05-30
C007185,Nachiket,Vaidya,zmaharaj@example.net,Sirsa,Maharashtra,1999-04-27,Standard,2022-09-16
C007186,Hredhaan,Cherian,patladavid@example.net,Raebareli,Assam,1994-01-25,Business,2022-04-27
C007187,Chasmum,Mutti,gopal72@example.net,Bharatpur,Karnataka,2007-04-20,Business,2021-10-23
C007188,Simon,Tailor,nbarad@example.org,Ambattur,Assam,2004-07-24,Premium,2022-12-03
C007189,Indali,Mallick,garderidhi@example.com,Phagwara,Himachal Pradesh,1971-10-13,Premium,2022-01-15
C007190,Champak,Mandal,pkoshy@example.com,Silchar,Tripura,1949-06-06,Business,2024-06-03
C007191,Aachal,Tailor,yagneshkant@example.com,Patiala,Telangana,1994-01-07,Premium,2025-02-22
C007192,Upasna,Varughese,sathvikbhatia@example.com,Satara,Telangana,1979-10-07,Premium,2025-05-29
C007193,Qabil,Madan,vedapalla@example.net,Maheshtala,Goa,1965-06-10,Standard,2023-04-09
C007194,Ati,Memon,yreddy@example.net,Eluru,Nagaland,1992-05-01,Standard,2026-04-20
C007195,Reyansh,Ganesan,wriddhishbera@example.net,Khandwa,Maharashtra,1998-06-30,Standard,2023-09-30
C007196,Harita,Kunda,zachariahvivaan@example.com,Bathinda,Madhya Pradesh,1989-12-08,Business,2024-02-24
C007197,Chakradev,Oommen,ypalla@example.org,Ranchi,West Bengal,1965-04-04,Standard,2022-12-22
C007198,Laksh,Kaur,elijahvig@example.net,Imphal,Tamil Nadu,1988-10-09,Business,2022-07-28
C007199,Ekansh,Chand,varshabutala@example.org,Belgaum,Mizoram,1998-05-23,Standard,2022-11-16
C007200,Anya,Dhar,hiteshsood@example.org,Rajpur Sonarpur,Punjab,1962-06-30,Business,2023-10-18
C007201,Wishi,Goyal,anjalibatta@example.net,Ichalkaranji,Gujarat,1952-04-08,Business,2025-12-27
C007202,Charles,Zacharia,kgaba@example.org,Mangalore,Telangana,2008-01-05,Standard,2026-02-05
C007203,Gavin,Naik,ravelyashica@example.net,Bathinda,Kerala,1969-05-02,Premium,2025-07-21
C007204,Yachana,Tiwari,qabiltandon@example.com,Buxar,Chhattisgarh,2006-09-15,Premium,2025-12-29
C007205,Idika,Sarna,nadkarnipriya@example.org,Gudivada,Nagaland,2000-04-29,Business,2024-02-21
C007206,Balvan,Bir,,Erode,Tamil Nadu,1977-02-22,Standard,2023-09-04
C007207,Fariq,Sani,aamble@example.com,Chapra,Maharashtra,1956-10-29,Standard,2025-08-28
C007208,Umang,Deshmukh,krishbaria@example.org,Panvel,Odisha,1986-04-07,Standard,2023-07-21
C007209,Jatin,Chaudhari,upmasarma@example.org,Ghaziabad,West Bengal,1989-11-30,Premium,2025-07-16
C007210,Ishaan,Ghose,sulenathan@example.net,Davanagere,Karnataka,1961-06-11,Premium,2023-02-07
C007211,Ekansh,Loyal,gunbir18@example.net,Hosur,Uttarakhand,1990-06-09,Premium,2025-04-22
C007212,Lila,Balay,ndewan@example.net,Karawal Nagar,Tripura,1950-12-15,Business,2024-06-06
C007213,Lajita,Mander,ctripathi@example.com,Ramagundam,Uttarakhand,1946-10-31,Premium,2021-10-13
C007214,Turvi,Bhardwaj,tatabina@example.com,Akola,Madhya Pradesh,1986-02-25,Standard,2024-06-25
C007215,Falak,Merchant,sanghvilavanya@example.org,Mahbubnagar,Kerala,2002-01-23,Standard,2023-02-07
C007216,Umang,Lala,nitesh38@example.net,Karaikudi,Goa,1997-08-06,Premium,2024-05-04
C007217,Jalsa,Chaudhry,isamra@example.com,Varanasi,Nagaland,1969-02-02,Premium,2024-07-30
C007218,Balvan,Prabhu,jeet68@example.com,Sri Ganganagar,Sikkim,1975-03-17,Business,2022-09-17
C007219,Jacob,Comar,rsengupta@example.org,Howrah,Punjab,1985-06-10,Business,2021-12-25
C007220,Meera,Raghavan,wchanda@example.net,Jammu,Bihar,1961-10-07,Business,2024-10-05
C007221,Abhiram,Salvi,lankapooja@example.com,Hosur,Sikkim,1998-08-12,Business,2025-02-01
C007222,Saksham,Krishna,udalia@example.com,Nadiad,Tamil Nadu,1991-08-08,Standard,2025-04-20
C007223,Shivani,Venkataraman,godanitesh@example.net,Kochi,Telangana,1946-05-11,Business,2023-10-08
C007224,Hiral,Jayaraman,rachit02@example.org,Patiala,Haryana,1979-10-21,Business,2024-12-01
C007225,Brijesh,Chander,tanmayijhaveri@example.net,Erode,Karnataka,1978-10-03,Standard,2023-12-14
C007226,Imaran,Sarma,gchawla@example.com,Danapur,Himachal Pradesh,1963-12-02,Premium,2025-03-03
C007227,Radhika,Ganesan,jtiwari@example.org,Orai,Andhra Pradesh,1989-03-26,Standard,2023-08-30
C007228,Vidhi,Majumdar,chanayachana@example.org,Adoni,Maharashtra,1981-05-14,Business,2024-01-17
C007229,Kavya,Butala,pjayaraman@example.com,Etawah,Jharkhand,1968-10-08,Business,2025-03-11
C007230,Dhruv,Pradhan,andrew09@example.net,Rampur,Mizoram,2007-02-08,Business,2022-10-02
C007231,Ronith,Padmanabhan,samesh84@example.org,Jalandhar,Chhattisgarh,1951-02-21,Standard,2024-05-14
C007232,Samar,Datta,ksampath@example.org,Bhavnagar,Tripura,1952-12-21,premium,2026-03-25
C007233,Jonathan,Lanka,alexander53@example.com,Malda,Andhra Pradesh,2001-11-28,Premium,2021-11-12
C007234,Ekavir,Nagy,libni65@example.net,Pudukkottai,Telangana,1973-11-15,Business,2023-10-02
C007235,Luke,Sethi,sethoni@example.net,Madurai,Kerala,1949-11-02,Business,2021-12-22
C007236,Lekha,Lad,qarinravi@example.org,Bhagalpur,Mizoram,2003-04-06,Premium,2021-11-08
C007237,Gayathri,Bandi,lekhagokhale@example.net,Tadepalligudem,Haryana,1980-04-11,Business,2023-11-24
C007238,Sudiksha,Divan,bjain@example.com,Davanagere,Meghalaya,1980-08-18,Standard,2024-06-04
C007239,Chaitanya,Batta,hardikchad@example.net,Mathura,Arunachal Pradesh,1992-01-23,Standard,2026-06-29
C007240,Kamya,Kadakia,imaranpau@example.net,Guntakal,Meghalaya,1979-11-07,Business,2026-03-30
C007241,Fiyaz,Majumdar,dharlipika@example.org,Khammam,Karnataka,1958-01-30,Premium,2025-01-01
C007242,Girish,Dhawan,kdube@example.net,Avadi,Maharashtra,1984-07-25,Premium,2025-06-13
C007243,Gaurav,Sankaran,watikachaudhry@example.org,Shahjahanpur,Kerala,1995-02-26,Business,2022-11-07
C007244,Faraj,Sen,dharneel@example.org,Tiruchirappalli,Tripura,1953-03-11,Business,2025-12-28
C007245,Urvashi,Majumdar,hiteshdhaliwal@example.com,Hindupur,Mizoram,1993-06-17,Standard,2024-04-13
C007246,Eta,Edwin,cgopal@example.org,Thoothukudi,Tripura,2002-08-08,Premium,2023-03-30
C007247,Neel,Aggarwal,chatterjeevasatika@example.net,Gandhidham,Punjab,2005-08-20,Premium,2023-04-25
C007248,Onveer,Dar,naveenanne@example.org,Nellore,Punjab,1968-05-29,Premium,2023-08-01
C007249,Yahvi,Uppal,qmishra@example.com,Parbhani,Chhattisgarh,1966-07-20,Premium,2023-01-29
C007250,Om,Nath,ramanusha@example.org,Nizamabad,Telangana,1967-11-11,Standard,2023-08-28
C007251,Eesha,Varma,gnadig@example.org,Bellary,Madhya Pradesh,1968-12-20,Business,2025-11-29
C007252,Zashil,Korpal,bhavya26@example.net,Pondicherry,Assam,2006-08-10,Standard,2021-10-08
C007253,Ekaja,Agrawal,vincentchaudry@example.org,Bharatpur,Kerala,1952-10-20,Standard,2025-11-16
C007254,Harinakshi,Modi,osoni@example.org,Kalyan-Dombivli,Chhattisgarh,1952-03-19,Premium,2023-01-14
C007255,Prisha,Nagi,masonsule@example.com,Nizamabad,Tamil Nadu,1983-03-06,Premium,2024-12-26
C007256,Chatura,Roy,naiduindali@example.org,Rourkela,Assam,1985-12-09,Business,2026-05-26
C007257,Ekaja,Randhawa,matthewsawhney@example.com,Bhilwara,Nagaland,1973-02-13,Business,2021-08-26
C007258,Ekbal,Hari,aarnavtalwar@example.com,Pondicherry,Uttarakhand,1955-10-30,Business,2022-08-31
C007259,Ethan,Ravel,chandran59@example.com,Bhimavaram,Uttarakhand,1991-10-17,Standard,2025-03-16
C007260,Leela,Narayanan,psarraf@example.com,Motihari,Meghalaya,1989-04-10,Standard,2026-01-30
C007261,Ekta,Choudhry,gautam13@example.com,Navi Mumbai,Meghalaya,2000-09-02,Business,2025-02-15
C007262,Qasim,Devan,mkuruvilla@example.net,Tadipatri,Mizoram,1991-06-03,Premium,2022-07-21
C007263,Riya,Prakash,vedika70@example.net,Nashik,Maharashtra,1965-12-05,Business,2024-06-18
C007264,Sathvik,Pandit,kparsa@example.net,Tumkur,Gujarat,1983-10-08,Standard,2023-06-18
C007265,Abha,Salvi,theodoreghose@example.net,Mirzapur,Karnataka,1972-01-12,Business,2025-04-15
C007266,Falguni,Thakur,idada@example.net,Avadi,Manipur,2006-06-26,Standard,2025-12-27
C007267,Nathaniel,Tailor,ynadkarni@example.org,Sagar,Bihar,1965-12-21,Business,2025-09-11
C007268,Nitesh,Buch,xnigam@example.org,Khammam,Maharashtra,1985-11-17,Premium,2023-03-09
C007269,Wahab,Jani,raviamol@example.net,Tirupati,Nagaland,1946-10-08,Premium,2023-08-11
C007270,Vaishnavi,Palla,vasudha14@example.net,Bongaigaon,Haryana,1959-12-29,Business,2023-12-27
C007271,Shaurya,Kala,baljyoti@example.org,Purnia,Gujarat,1986-12-20,Business,2026-07-10
C007272,Abha,Nagar,krishna11@example.com,Giridih,Sikkim,1978-11-09,Business,2025-06-26
C007273,Lipika,Dua,udarsh77@example.com,Gulbarga,Mizoram,1974-06-27,Standard,2022-02-11
C007274,Zinal,Prashad,lekhabhatnagar@example.net,Bilaspur,Mizoram,1986-04-09,Standard,2025-01-12
C007275,Inaya,Chaudhary,chaaya75@example.org,Khora ,Goa,1973-03-25,Standard,2025-06-06
C007276,Oeshi,Wali,echaudhuri@example.net,Thiruvananthapuram,Rajasthan,1972-09-20,Premium,2026-06-08
C007277,Quincy,Trivedi,shettychanakya@example.org,Bahraich,Punjab,1947-03-02,Standard,2024-05-13
C007278,Gaurang,Nagar,xanne@example.org,Nadiad,Gujarat,1952-09-07,Standard,2026-02-16
C007279,Adweta,Dewan,amarachanda@example.com,Gulbarga,Andhra Pradesh,2002-05-19,Standard,2024-08-31
C007280,Qarin,Kashyap,kotamaanas@example.com,Parbhani,Sikkim,1993-02-28,Business,2021-09-15
C007281,Ganga,Sani,oommenwriddhish@example.com,Panipat,Kerala,1991-01-21,Business,2023-01-29
C007282,Panini,Jha,harsh52@example.net,Khandwa,Uttar Pradesh,1993-01-17,Premium,2021-08-30
C007283,Leela,Pillay,avnidalia@example.com,Vijayawada,Nagaland,1970-01-30,Standard,2026-05-20
C007284,Baghyawati,Wason,faris44@example.org,Sikar,Mizoram,1983-07-02,Business,2023-12-21
C007285,Harsh,Bera,wravel@example.net,Latur,West Bengal,1975-06-25,Standard,2025-12-24
C007286,Harrison,Shroff,meerawable@example.org,Karaikudi,Madhya Pradesh,1994-04-24,Standard,2025-03-10
C007287,Advik,Reddy,krishnaramachandran@example.com,Durgapur,Gujarat,2001-07-10,Premium,2025-07-24
C007288,Om,Saxena,unnatisahni@example.net,Shivpuri,Punjab,1975-11-27,Business,2024-11-05
C007289,Victor,Nagi,charvikant@example.com,Kavali,Tamil Nadu,1948-09-22,Premium,2022-01-04
C007290,Yashawini,Thakkar,anyaborah@example.net,Ballia,Gujarat,1986-07-05,Premium,2026-03-02
C007291,Vaishnavi,Bahri,masteraayush@example.org,Kulti,Sikkim,2007-12-14,Premium,2024-06-22
C007292,Vedhika,Nazareth,vanyaseshadri@example.net,Gwalior,Uttarakhand,1960-12-27,Business,2023-10-24
C007293,Urvi,Mutti,barmangirindra@example.net,Ramagundam,Uttarakhand,1993-08-18,Premium,2026-04-26
C007294,Mugdha,Kakar,lopasaha@example.org,Aurangabad,Goa,1960-11-19,Premium,2022-09-15
C007295,Pooja,Chahal,cherianbrinda@example.com,Gangtok,Assam,1947-10-23,Standard,2022-07-18
C007296,Omisha,Lal,jagvi12@example.org,Phusro,Mizoram,2007-01-31,Premium,2022-12-19
C007297,Jagvi,Atwal,sehgalirya@example.org,Uluberia,Jharkhand,1972-10-07,Business,2026-07-07
C007298,Yatin,Pall,siddharth87@example.net,Bhilwara,Odisha,1961-03-19,Business,2024-07-29
C007299,Tanvi,Mahal,jverma@example.org,Imphal,Telangana,1980-10-15,Premium,2026-06-05
C007300,Laksh,Sridhar,ishita13@example.com,Davanagere,Goa,1945-09-08,Premium,2022-09-28
C007301,Ayush,Soni,raghav63@example.com,Kolkata,Tripura,1972-11-20,Premium,2023-12-12
C007302,Sai,Sampath,indalinarula@example.org,Bidar,Goa,1981-08-21,Premium,2022-08-12
C007303,Wyatt,Lata,gopal11@example.net,Mau,Gujarat,1985-04-08,Premium,2025-04-30
C007304,Om,Kata,lekhakothari@example.org,Rohtak,Gujarat,1983-04-21,Premium,2021-08-18
C007305,Bina,Dass,wriddhish89@example.net,Tumkur,West Bengal,1984-09-19,Premium,2021-09-10
C007306,Faraj,Chadha,vedantben@example.com,Narasaraopet,West Bengal,1994-01-25,Premium,2024-11-09
C007307,Ekaja,Dhaliwal,qramanathan@example.com,Bhimavaram,Maharashtra,2006-09-01,Standard,2026-04-14
C007308,Suhani,Behl,bahadurjit46@example.org,Surendranagar Dudhrej,Chhattisgarh,1962-09-15,Business,2026-02-12
C007309,Wridesh,Menon,qabilgupta@example.org,Kamarhati,Arunachal Pradesh,1961-03-03,Standard,2024-11-06
C007310,Charles,Dash,borayochana@example.net,Raebareli,Uttarakhand,1971-10-23,Premium,2022-09-02
C007311,Jhalak,Agate,ubhardwaj@example.com,Chittoor,Goa,1979-01-16,Standard,2026-06-15
C007312,Damyanti,Bhavsar,hwalla@example.net,Kalyan-Dombivli,Meghalaya,1959-09-19,Business,2026-08-06
C007313,Chakrika,Gill,shravya30@example.com,Sambalpur,Haryana,1987-10-30,Business,2022-03-16
C007314,Dayamai,Rana,egara@example.net,Bikaner,Karnataka,1966-06-05,Standard,2022-01-18
C007315,Joshua,Ganguly,singhaljason@example.com,Dehradun,Sikkim,1991-01-06,Business,2022-11-02
C007316,Ekalinga,Chhabra,ekanshsagar@example.org,Shimoga,Nagaland,1986-09-08,Premium,2026-04-02
C007317,Hritik,Karpe,psubramaniam@example.net,Kochi,Jharkhand,1986-10-19,Premium,2022-12-03
C007318,Zaitra,Setty,wishihayre@example.com,Amravati,Goa,1985-02-15,Premium,2023-12-18
C007319,Bhavna,Nigam,chakrika31@example.org,Suryapet,Bihar,1951-06-12,Standard,2022-05-24
C007320,Chakrika,Narain,gaurangi73@example.net,Malda,Uttarakhand,1967-06-27,Premium,2026-06-24
C007321,Yoshita,Sheth,ydeshmukh@example.org,Mysore,Goa,1996-07-31,Standard,2023-03-24
C007322,Faras,Pathak,kotagaurika@example.org,Bhimavaram,Bihar,1982-03-04,Business,2021-10-09
C007323,Ekalinga,Gole,ibrar@example.net,Guntakal,West Bengal,1951-06-10,Premium,2026-07-13
C007324,Anay,Saha,panini08@example.org,Akola,Meghalaya,1960-01-20,Standard,2021-11-04
C007325,Anvi,Bora,vyanjanahalder@example.org,Sambhal,Nagaland,1960-04-23,Standard,2025-04-26
C007326,Reyansh,Naidu,sachdevaraghav@example.net,Maheshtala,Nagaland,2006-11-05,Business,2025-08-12
C007327,Farhan,Narang,upadhritipatla@example.org,Ambattur,Jharkhand,1999-08-18,Premium,2023-11-23
C007328,Vivaan,Raval,prabhakargayathri@example.com,Medininagar,Goa,1950-07-17,Standard,2026-07-06
C007329,Rajata,Nair,samuelsehgal@example.net,Jalna,Punjab,1992-06-26,Business,2023-11-05
C007330,Saanvi,Kakar,kulkarniarunima@example.net,Kharagpur,Rajasthan,1986-07-29,Business,2026-04-09
C007331,Veda,Bumb,dateunni@example.org,Gwalior,Assam,1946-12-10,Business,2021-10-25
C007332,Widisha,Khurana,xitinagarajan@example.org,Thanjavur,Maharashtra,1984-12-21,Standard,2023-09-21
C007333,Triveni,Lanka,ronith91@example.com,Medininagar,Kerala,1985-01-05,Standard,2022-11-16
C007334,Zinal,Oak,bhavikawadhwa@example.net,Pondicherry,Rajasthan,1953-03-17,Standard,2024-12-12
C007335,Yachana,Tiwari,lekha77@example.net,Surendranagar Dudhrej,Meghalaya,1966-05-21,Standard,2026-02-14
C007336,Baghyawati,Chaudry,victor26@example.net,Tirupati,Haryana,1956-02-09,Business,2024-10-09
C007337,Jeet,Deshpande,advaith32@example.com,Sambhal,Meghalaya,2007-01-08,Standard,2026-02-12
C007338,Isaiah,Koshy,arjun46@example.com,Pudukkottai,Nagaland,1963-12-23,Premium,2024-01-20
C007339,Eta,Shukla,itara@example.org,Narasaraopet,Maharashtra,1983-01-19,Business,2021-12-21
C007340,Jacob,Dara,psubramanian@example.net,Bangalore,Nagaland,1965-07-17,Premium,2023-10-09
C007341,Champak,Memon,adyapradhan@example.org,Giridih,Uttar Pradesh,1955-05-23,Business,2022-02-16
C007342,Zinal,Karpe,kamdarqabil@example.net,Vijayawada,Maharashtra,1970-12-02,Standard,2025-12-22
C007343,Xiti,Hans,banjeetgoyal@example.com,Kulti,Assam,1988-08-21,Standard,2022-07-03
C007344,Mohini,Suri,lila77@example.net,Farrukhabad,Gujarat,1973-06-11,Business,2023-12-18
C007345,Gavin,Mohan,aishani33@example.com,Sasaram,Tamil Nadu,1959-12-18,Standard,2024-07-24
C007346,Daksha,Golla,tchada@example.net,Bhusawal,Telangana,1980-10-06,Standard,2025-03-18
C007347,Balvan,Bhasin,aashi97@example.com,Morbi,Meghalaya,1950-03-18,Business,2026-06-12
C007348,Tristan,Narula,vedikagour@example.com,Korba,Chhattisgarh,1952-05-13,Premium,2024-11-04
C007349,Urmi,Lad,ramanoeshi@example.net,New Delhi,Jharkhand,1988-12-20,Business,2024-11-08
C007350,Aayush,Kapur,lmuni@example.net,Jamnagar,Gujarat,1988-12-12,Premium,2023-07-05
C007351,Gaurangi,Sodhi,deyria@example.org,Dindigul,Manipur,1986-06-19,Business,2023-10-17
C007352,Christopher,Devi,daksheshyogi@example.net,Saharsa,Meghalaya,1999-01-12,Business,2022-04-04
C007353,Yasti,Mittal,unarayanan@example.org,Kurnool,Haryana,1996-04-13,Business,2026-03-12
C007354,Farhan,Roy,sanghviliam@example.net,Nagpur,Uttarakhand,1979-12-11,Business,2021-09-26
C007355,Nisha,Aurora,tdara@example.org,Bulandshahr,Andhra Pradesh,1978-01-20,Business,2022-08-19
C007356,Baghyawati,Taneja,teerthradhakrishnan@example.com,Malda,Gujarat,1989-07-16,Business,2025-11-12
C007357,Sanaya,Roy,csawhney@example.net,Pali,Gujarat,1960-02-16,Premium,2026-06-08
C007358,Yug,Lad,aptejanaki@example.net,Chennai,Bihar,1965-05-22,Business,2025-09-10
C007359,Ekbal,Bhagat,akshayvig@example.com,Bhusawal,Madhya Pradesh,1951-11-05,Standard,2023-06-07
C007360,Falguni,Som,yochana11@example.com,Amaravati,Chhattisgarh,1982-05-19,Premium,2023-11-12
C007361,Neelima,Modi,fitanpalla@example.com,Patna,Nagaland,1982-10-20,Premium,2025-10-03
C007362,Mugdha,Bhasin,qabilmitter@example.org,Coimbatore,Mizoram,1956-09-16,Standard,2026-07-28
C007363,Upadhriti,Sama,zilmilcherian@example.com,Eluru,Telangana,1949-09-28,Premium,2023-09-30
C007364,Hemangini,Choudhary,onkarsrinivasan@example.org,Hajipur,West Bengal,1985-12-28,Premium,2026-01-28
C007365,Amol,Pandya,,Phagwara,Assam,2002-07-30,Business,2024-05-12
C007366,Anamika,Padmanabhan,yashvi45@example.com,Jorhat,Rajasthan,1977-02-08,Premium,2024-04-15
C007367,Balveer,Wagle,lakshitbhat@example.com,Guntur,Haryana,1985-10-09,Standard,2022-08-02
C007368,Harita,Munshi,bathekansh@example.com,Ghaziabad,Telangana,2004-04-22,Premium,2025-09-01
C007369,Isaac,Bawa,edhitha79@example.net,Gandhidham,Maharashtra,1990-04-04,Premium,2022-12-15
C007370,Dev,Chowdhury,mram@example.net,Panchkula,Gujarat,2002-11-27,Premium,2022-08-09
C007371,Ekiya,Sahota,diyasavant@example.net,Munger,Goa,1996-10-31,Standard,2024-02-04
C007372,Omya,Parikh,bedimohini@example.org,Panihati,Gujarat,1980-04-18,Standard,2023-11-20
C007373,Kai,Ram,ramati@example.org,Mirzapur,West Bengal,2007-08-25,Business,2022-11-07
C007374,Shaurya,Kar,ranbir46@example.net,Aurangabad,West Bengal,1987-12-27,Premium,2022-09-29
C007375,Tanay,Banerjee,yauvanirama@example.com,Maheshtala,Telangana,1984-10-20,Standard,2024-08-20
C007376,Sanya,Sethi,aryan25@example.net,Suryapet,Mizoram,1949-10-09,Business,2025-05-27
C007377,Quincy,Bala,dasssamesh@example.com,Akola,Chhattisgarh,1984-02-16,Business,2025-05-06
C007378,Aishani,Menon,subramaniandivya@example.net,Ajmer,Arunachal Pradesh,1982-11-21,Standard,2025-03-07
C007379,Ekiya,Char,rachittata@example.com,Thiruvananthapuram,Mizoram,1986-03-25,Business,2022-08-06
C007380,Bahadurjit,Jani,dewangopal@example.com,Chennai,Goa,1955-06-12,Standard,2025-05-14
C007381,Rajata,Wagle,ekani86@example.net,Raurkela Industrial Township,Odisha,1998-12-10,Business,2026-05-26
C007382,Ayaan,Sandal,ymadan@example.org,Ahmedabad,Goa,1955-10-07,Premium,2023-11-19
C007383,Urvi,Verma,bandicaleb@example.org,Nagercoil,Jharkhand,1956-03-17,Business,2026-07-03
C007384,Yoshita,Saran,fgour@example.org,Panihati,Andhra Pradesh,1976-05-19,Premium,2025-02-21
C007385,Nicholas,Karnik,iryakhalsa@example.org,Bardhaman,Haryana,1997-07-26,Business,2023-05-18
C007386,Zinal,Chakraborty,kgara@example.com,Madanapalle,Nagaland,1954-05-20,Premium,2022-03-07
C007387,Jacob,Mohan,tailornetra@example.net,Ghaziabad,Telangana,1963-08-17,Standard,2023-12-01
C007388,Urvashi,Vaidya,gauravgill@example.net,Bettiah,Punjab,1953-04-28,Standard,2025-10-13
C007389,Pahal,Wagle,chandersathvik@example.net,Saharsa,Himachal Pradesh,1983-07-21,Premium,2021-10-16
C007390,Chandran,Ghose,sathvik36@example.com,Kishanganj,Tripura,1987-11-27,Business,2025-10-11
C007391,Nitesh,Mitter,rbali@example.org,Nandyal,Madhya Pradesh,1983-11-26,Premium,2025-03-27
C007392,Zaitra,Kari,dbandi@example.org,Hajipur,Nagaland,1960-04-16,Premium,2026-07-26
C007393,Zayan,Balasubramanian,andrew06@example.org,Bhimavaram,Assam,2002-11-27,Premium,2024-05-29
C007394,Gagan,Savant,brahmbhattpratyush@example.com,Bathinda,Tamil Nadu,1977-11-06,Standard,2023-02-04
C007395,Advika,Warrior,hemangminhas@example.com,Satara,Goa,2005-12-04,Standard,2021-11-16
C007396,Anya,Tiwari,chowdhuryanamika@example.net,Malda,Andhra Pradesh,1964-03-12,Standard,2024-06-02
C007397,Bhanumati,Zachariah,fuppal@example.org,Malda,Bihar,1975-11-18,Premium,2026-03-19
C007398,Ekiya,Lala,siddharthoommen@example.net,Vijayawada,Jharkhand,1990-07-10,Standard,2022-05-01
C007399,Balhaar,Narula,pratyush26@example.com,Sambalpur,Nagaland,1945-12-16,Premium,2026-05-28
C007400,Samar,Narasimhan,xsathe@example.net,Ulhasnagar,Chhattisgarh,1955-03-04,Business,2024-11-12
C007401,Suhani,Parmer,zehaanbala@example.com,Tadepalligudem,Kerala,1951-04-13,Business,2025-02-18
C007402,Chakrika,Vasa,rameshvincent@example.net,Parbhani,Assam,1970-11-14,Premium,2022-06-12
C007403,Ishwar,Nigam,darabalendra@example.org,Giridih,Telangana,1988-05-02,Standard,2023-07-21
C007404,Mitesh,Mahal,mandergaurav@example.net,Burhanpur,Punjab,1994-02-15,Premium,2022-05-18
C007405,Damyanti,Bal,berarudra@example.net,Jammu,Kerala,1993-12-08,Standard,2023-04-09
C007406,Hemani,Prabhu,onveer03@example.com,Sultan Pur Majra,Tripura,1986-07-27,Standard,2023-07-25
C007407,Darika,Rama,champak92@example.org,Ludhiana,Himachal Pradesh,1997-12-06,Business,2023-03-03
C007408,Amaira,Jani,wazir39@example.com,Ramagundam,Himachal Pradesh,1969-10-07,Standard,2022-11-02
C007409,Kamya,Walia,bhanumatinaik@example.com,Gandhidham,Arunachal Pradesh,1997-08-10,Business,2025-09-15
C007410,Bakhshi,Kurian,libni79@example.com,Fatehpur,Mizoram,1965-07-26,Premium,2024-03-19
C007411,Urvashi,Wable,barora@example.net,Siwan,Nagaland,1947-09-27,Business,2025-01-02
C007412,Chaaya,Rama,kbalan@example.net,South Dumdum,Mizoram,1987-12-12,Standard,2025-06-11
C007413,Champak,Devan,anay46@example.com,Kadapa,Meghalaya,1957-05-13,Business,2023-05-06
C007414,Veda,Goel,varenya87@example.net,Lucknow,Uttarakhand,1958-03-01,Premium,2023-05-15
C007415,Daniel,Mohanty,usom@example.net,Bhiwani,Tripura,1957-12-16,Standard,2024-09-30
C007416,Samaksh,Kamdar,charlesdugar@example.org,Tumkur,Sikkim,1959-09-02,Standard,2023-06-21
C007417,Bhavika,Guha,urmichaudry@example.com,Ballia,Tamil Nadu,1949-01-03,Standard,2022-07-24
C007418,Turvi,Thaker,edeo@example.org,Bongaigaon,Kerala,1976-07-13,Premium,2023-07-18
C007419,Zansi,Walia,eiravatisama@example.com,Adoni,West Bengal,2007-10-11,Business,2021-11-19
C007420,Zayan,Doshi,buchqabil@example.com,Amaravati,Gujarat,1995-08-26,Premium,2024-01-27
C007421,Bhavya,Kapur,ckamdar@example.org,Sambhal,Punjab,1998-08-05,Standard,2024-11-01
C007422,Varsha,Vyas,faqidlad@example.net,Morena,Goa,1965-12-13,Premium,2023-05-07
C007423,Theodore,Kashyap,irya66@example.net,Mahbubnagar,Arunachal Pradesh,1961-07-18,Business,2022-05-26
C007424,Sai,Nagi,jagdishmadan@example.net,Bidhannagar,West Bengal,1959-10-25,Standard,2025-12-05
C007425,Ranbir,Gupta,varora@example.org,Tenali,Uttarakhand,1962-11-26,Premium,2022-11-05
C007426,Hemang,Saxena,lgala@example.com,Gopalpur,West Bengal,1998-05-11,Standard,2025-11-13
C007427,Caleb,Khurana,dewanpratyush@example.com,Thiruvananthapuram,Gujarat,1961-01-24,Premium,2022-09-20
C007428,Dayamai,Manne,shravyakala@example.net,Aurangabad,Sikkim,1989-05-09,Standard,2023-08-14
C007429,Qadim,Goswami,wsandal@example.org,Karimnagar,Jharkhand,1948-05-08,Premium,2025-12-01
C007430,Owen,Rao,bakhshi04@example.com,Pallavaram,Punjab,1994-06-16,Standard,2022-03-01
C007431,Dalbir,Prashad,zmannan@example.net,Maheshtala,Telangana,1978-07-19,Premium,2025-08-19
C007432,Garima,Chowdhury,vbanerjee@example.com,Dehradun,Mizoram,1999-10-29,Standard,2022-05-27
C007433,Utkarsh,Misra,krishnalakshit@example.org,Kolhapur,Himachal Pradesh,1959-10-04,Premium,2026-08-06
C007434,Xavier,Thakkar,wrideshupadhyay@example.com,Amroha,Uttarakhand,1950-05-13,Business,2023-06-26
C007435,Vincent,Chaudhary,chakradev49@example.org,Karnal,Chhattisgarh,1989-09-26,Business,2024-09-11
C007436,Bakhshi,Sharaf,vyasamrita@example.net,Srikakulam,Manipur,1992-11-13,Business,2025-02-03
C007437,Ria,Walia,joshuaarora@example.com,Guntur,Sikkim,1968-09-18,Premium,2025-02-20
C007438,Harshil,Sibal,warinderbains@example.org,Coimbatore,West Bengal,1947-02-14,Business,2023-01-19
C007439,Zarna,Mukherjee,ganesanpratyush@example.org,Jalandhar,Chhattisgarh,2002-10-19,standard,2024-01-03
C007440,Hardik,Soni,sarmahenry@example.com,Bilaspur,Rajasthan,1962-03-04,Standard,2025-04-30
C007441,Tanay,Golla,gavin32@example.com,Thanjavur,Uttar Pradesh,1963-06-25,Standard,2026-07-10
C007442,Raagini,Dhingra,bimala74@example.org,Ichalkaranji,Rajasthan,1953-01-30,Business,2021-09-15
C007443,Vasudha,Bhatt,karxiti@example.org,Aurangabad,Rajasthan,1993-05-11,Premium,2024-04-17
C007444,Praneel,Brar,oghose@example.com,Jamnagar,Manipur,2001-10-11,Premium,2024-11-28
C007445,Siya,Murty,qmane@example.com,Sultan Pur Majra,Goa,1996-03-22,Premium,2022-10-08
C007446,Yachana,Mander,sankaranfalak@example.com,Sambhal,Kerala,1952-06-21,Business,2025-03-02
C007447,Aishani,Roy,elijahmannan@example.com,Patna,Maharashtra,1966-05-14,Standard,2022-10-04
C007448,Zashil,Khurana,lakshmirao@example.com,Aligarh,Himachal Pradesh,1984-12-07,Premium,2022-07-31
C007449,Ekavir,Barman,rganguly@example.org,Baranagar,Tamil Nadu,1949-05-24,Premium,2025-08-07
C007450,Samaksh,Devan,advay61@example.net,Erode,Uttarakhand,1973-07-14,Premium,2022-01-18
C007451,Praneel,Goyal,hemabhalla@example.org,Bokaro,Bihar,2000-09-01,Premium,2024-12-18
C007452,Nimrat,Nori,barkhabhat@example.net,Nangloi Jat,Kerala,1995-06-25,Business,2026-03-21
C007453,Yashica,Goyal,valaamaira@example.com,Ramgarh,Sikkim,1982-04-06,Premium,2023-11-07
C007454,Abha,Bala,nitesh48@example.org,Warangal,Uttarakhand,1956-05-10,Standard,2026-03-15
C007455,Faras,Vig,sharafchakradev@example.org,Bilaspur,Maharashtra,1973-10-13,Business,2021-11-08
C007456,Inaya,Naik,walikamala@example.org,Pali,Kerala,1987-01-26,Business,2026-06-20
C007457,Anita,Bhattacharyya,ijaya43@example.com,Firozabad,Himachal Pradesh,1984-07-13,Standard,2026-07-16
C007458,Chaman,Shere,farhan95@example.net,Bathinda,Sikkim,1952-10-31,Premium,2024-07-04
C007459,Leela,Bhagat,gkadakia@example.net,Tadepalligudem,Gujarat,1989-09-12,Premium,2023-12-26
C007460,Pavani,Mitra,karnikqadim@example.net,Karawal Nagar,Mizoram,1990-08-20,Standard,2025-10-15
C007461,Ayush,Bhandari,krishna68@example.net,Bhiwandi,Sikkim,2007-05-11,Premium,2024-07-04
C007462,Jasmit,Lalla,vraval@example.net,Khora ,Jharkhand,1976-10-22,Premium,2023-02-13
C007463,Ansh,Patel,kalefaris@example.org,Singrauli,Jharkhand,1989-12-29,Premium,2021-08-31
C007464,Raghav,Nadig,minhasxiti@example.org,Sambalpur,Himachal Pradesh,1969-06-27,Premium,2024-02-18
C007465,Yashoda,Singhal,vincent71@example.org,Farrukhabad,Meghalaya,2001-04-13,Premium,2026-06-20
C007466,Siddharth,Memon,pahal66@example.net,Asansol,Arunachal Pradesh,1971-09-10,Business,2023-02-09
C007467,Sanya,Merchant,darabhavika@example.org,Hubli–Dharwad,Chhattisgarh,1949-11-25,Standard,2026-07-06
C007468,Hardik,Ganesan,yash48@example.org,Bhiwani,Manipur,1999-12-14,Business,2023-01-03
C007469,Jalsa,Nair,hariniparmer@example.org,Bangalore,Odisha,2002-11-23,Standard,2023-07-16
C007470,Nihal,Sawhney,lvohra@example.net,Bidhannagar,Jharkhand,2004-11-15,Standard,2025-04-01
C007471,Victor,Bahri,yatankohli@example.com,Nagercoil,Manipur,1987-02-06,Business,2022-05-20
C007472,Priya,Patla,eparmer@example.com,Chennai,Goa,1967-07-09,Premium,2024-02-20
C007473,Krishna,Tiwari,zaid87@example.net,Solapur,Bihar,2007-11-09,Standard,2026-01-20
C007474,Utkarsh,Mital,rachitalall@example.org,Srinagar,Mizoram,1958-08-03,Standard,2023-09-03
C007475,Daksh,Purohit,rudra99@example.net,Bijapur,Bihar,1964-02-23,Standard,2025-10-08
C007476,Wazir,Chowdhury,xvaidya@example.com,Chennai,Rajasthan,1967-12-05,Business,2024-06-04
C007477,Ansh,Sastry,wazirvohra@example.net,Vijayanagaram,Haryana,1985-04-15,Business,2022-03-10
C007478,Aarush,Mann,bimala47@example.org,Shimla,Madhya Pradesh,1979-10-17,Business,2023-08-14
C007479,Udant,Lalla,wgupta@example.org,Nangloi Jat,Punjab,1950-11-02,Standard,2021-08-19
C007480,Chandresh,Setty,shaurya07@example.com,Ozhukarai,West Bengal,1980-10-21,Business,2022-01-06
C007481,Nisha,Jaggi,raianika@example.net,Shahjahanpur,Chhattisgarh,1952-09-16,Standard,2021-11-12
C007482,Chakrika,Srinivas,ranveer33@example.net,Sri Ganganagar,Karnataka,1996-02-26,Premium,2025-11-30
C007483,Anusha,Varkey,orattan@example.com,Muzaffarpur,Andhra Pradesh,1945-12-01,Premium,2023-09-24
C007484,Oscar,Mittal,thamanpanini@example.com,Thiruvananthapuram,Punjab,1966-05-19,Premium,2023-05-12
C007485,Chandran,Patla,qtak@example.org,Panipat,Andhra Pradesh,1960-02-26,Premium,2023-07-21
C007486,Wridesh,Sood,rbail@example.org,Motihari,Punjab,1951-05-29,Premium,2021-09-05
C007487,Simon,Atwal,rauumang@example.net,Bhalswa Jahangir Pur,Goa,1971-07-31,Standard,2025-10-14
C007488,Aadhya,Mangat,raghavgara@example.org,Thrissur,Nagaland,2006-07-19,premium,2025-03-12
C007489,Falan,Raman,daniel09@example.com,Saharanpur,Haryana,1980-10-10,Business,2024-09-27
C007490,Bahadurjit,Varma,jbasak@example.org,Alappuzha,Maharashtra,1956-05-06,Standard,2025-07-14
C007491,Amol,Nair,liam95@example.com,Varanasi,Rajasthan,1957-03-13,Standard,2026-06-13
C007492,Charita,Khatri,gunbir95@example.net,Uluberia,Tripura,1958-03-29,Business,2025-06-05
C007493,Yahvi,Nayak,barkha70@example.net,Jamnagar,Haryana,1950-07-08,Premium,2024-04-25
C007494,Om,Varkey,bbiswas@example.net,Visakhapatnam,Telangana,1963-04-18,Standard,2026-05-12
C007495,Nimrat,Pall,issacyatin@example.net,Amravati,Jharkhand,1974-05-12,Standard,2024-10-13
C007496,Ridhi,Kadakia,lakshmemon@example.com,Firozabad,Chhattisgarh,1992-01-14,Standard,2026-04-05
C007497,Reyansh,Sami,ubikaganesh@example.com,Karimnagar,Maharashtra,1987-01-25,Standard,2025-02-28
C007498,Xavier,Chahal,praneel53@example.org,Mahbubnagar,Manipur,2001-06-17,Premium,2021-12-03
C007499,Chanakya,Pall,bhandariekansh@example.org,Nadiad,Bihar,1957-10-10,Standard,2023-09-09
C007500,Vinaya,Sinha,garimaraj@example.org,Bidar,Tamil Nadu,1985-10-22,Standard,2022-08-24
C007501,Krisha,Rattan,gghose@example.com,Mau,Uttar Pradesh,1986-09-18,Standard,2021-08-29
C007502,Ira,Rau,maanas70@example.org,Khora ,Bihar,2004-01-07,Standard,2023-01-01
C007503,Nandini,Narayanan,masonnarain@example.org,Avadi,Sikkim,1974-11-05,Premium,2025-01-15
C007504,Balvan,Mani,kkashyap@example.net,Karawal Nagar,Uttar Pradesh,1978-01-28,Premium,2024-01-31
C007505,Anvi,Chawla,zmalhotra@example.com,Kolhapur,Madhya Pradesh,1968-07-29,Premium,2025-02-20
C007506,Damini,Khalsa,netradesai@example.org,Sangli-Miraj & Kupwad,Maharashtra,1971-07-24,Standard,2024-07-29
C007507,Nandini,Sharma,balaynaksh@example.net,Amaravati,West Bengal,1987-07-25,Premium,2024-02-26
C007508,Isaac,Ben,mparekh@example.com,Aligarh,Telangana,1996-12-23,Standard,2026-01-16
C007509,Inaya,Kuruvilla,khoslaunni@example.net,Medininagar,Madhya Pradesh,1956-06-01,Business,2023-12-18
C007510,Nachiket,Som,acharyaaditya@example.net,Warangal,Telangana,1968-12-13,Business,2025-08-08
C007511,Gaurang,Deo,rayaanbhat@example.org,Ballia,Maharashtra,1999-06-21,Standard,2022-05-22
C007512,Yug,Pradhan,parsalibni@example.com,Sambalpur,Rajasthan,1978-08-28,Business,2022-03-27
C007513,Tanish,Arya,wsant@example.net,Hosur,Goa,1990-09-06,Premium,2024-04-10
C007514,Osha,Mukhopadhyay,ckala@example.net,Sikar,Andhra Pradesh,1967-11-20,Standard,2025-10-27
C007515,Siya,Shankar,matthewsundaram@example.org,Ujjain,Kerala,1971-10-01,Standard,2023-07-16
C007516,Faraj,Batta,nathanchaudhuri@example.com,Baranagar,Maharashtra,1965-05-12,Standard,2026-04-11
C007517,Theodore,Mane,nmunshi@example.com,Bongaigaon,Goa,1970-08-28,Premium,2026-06-22
C007518,Sai,Dyal,vorabhavani@example.org,Sangli-Miraj & Kupwad,Uttar Pradesh,1996-08-06,Premium,2024-11-02
C007519,Warjas,Magar,nicholas93@example.net,Haldia,Odisha,1985-01-20,Business,2022-10-10
C007520,Tanay,Ram,chanakyachaudhry@example.com,Hubli–Dharwad,Karnataka,2002-07-21,Standard,2022-10-15
C007521,Vrinda,Seth,aahana57@example.net,Akola,Punjab,1947-01-23,Premium,2023-03-25
C007522,Bishakha,Gade,nagygirindra@example.org,Chinsurah,Uttar Pradesh,2001-08-08,Standard,2023-09-30
C007523,Thomas,Shankar,ddoctor@example.org,Nagaon,Manipur,1979-04-11,Premium,2021-12-04
C007524,Nachiket,Ganesan,chackozayyan@example.org,Uluberia,Sikkim,1994-04-22,Business,2021-11-18
C007525,Jyoti,Lanka,jagratiatwal@example.org,Madhyamgram,Arunachal Pradesh,1973-04-20,Premium,2022-08-16
C007526,Jonathan,Kari,benjaminkota@example.net,Phusro,Karnataka,1998-03-30,Business,2025-10-29
C007527,Bhavika,Bumb,janyadewan@example.net,Karnal,Andhra Pradesh,1989-12-17,Business,2026-04-25
C007528,Barkha,Pillay,arjun61@example.com,Bellary,Sikkim,1984-09-23,Premium,2021-11-30
C007529,Lipika,Gupta,harinideep@example.com,Gorakhpur,Meghalaya,1960-11-28,Business,2025-01-30
C007530,Reyansh,Bala,omkaar21@example.com,Mirzapur,Assam,1997-10-12,Premium,2023-06-11
C007531,Unni,Savant,sanayalal@example.com,Hubli–Dharwad,Uttar Pradesh,2001-06-01,Standard,2022-01-19
C007532,Utkarsh,Dey,amaira60@example.com,Salem,Rajasthan,1981-08-25,Premium,2022-02-01
C007533,Keya,Dugal,orindersarma@example.net,Vijayanagaram,Tamil Nadu,2001-12-27,Standard,2024-05-10
C007534,Hitesh,Kala,vghose@example.org,Alwar,Punjab,1966-02-01,Premium,2025-03-16
C007535,Jackson,Natt,fpillay@example.net,Bidhannagar,Maharashtra,1946-12-12,Business,2025-07-30
C007536,Zayyan,Nayak,panini69@example.net,Fatehpur,West Bengal,1959-01-04,Business,2021-12-10
C007537,Bimala,Dubey,nilima43@example.com,Saharsa,Mizoram,1981-12-26,Business,2024-07-01
C007538,Mitesh,Gala,yauvanisoni@example.org,Jehanabad,Maharashtra,2003-01-04,Standard,2022-07-20
C007539,Falan,Sem,dshan@example.com,Jorhat,Jharkhand,2006-02-23,Standard,2025-04-18
C007540,Tanmayi,Dutt,panini45@example.org,Saharanpur,Tripura,1969-11-12,standard,2022-01-22
C007541,Bahadurjit,Nayak,devika51@example.com,Bhind,Chhattisgarh,1970-10-07,Standard,2023-10-22
C007542,Pushti,Oza,wkumar@example.com,Raichur,Odisha,2000-10-26,Premium,2023-11-17
C007543,Pooja,Sagar,indira84@example.net,Bikaner,Karnataka,1964-04-25,Premium,2023-07-29
C007544,Urvashi,Seshadri,vihaanbutala@example.net,Agartala,Mizoram,2003-07-28,Standard,2025-02-23
C007545,Avni,Kale,jshankar@example.com,Alwar,Assam,1958-10-26,Standard,2025-07-31
C007546,Yatin,Saran,manneudarsh@example.org,Jabalpur,Maharashtra,2003-08-18,Premium,2023-05-31
C007547,Yamini,Gill,nbora@example.org,Raipur,Haryana,1990-07-12,Standard,2022-10-15
C007548,Omaja,Pandya,lakshithalder@example.com,Surendranagar Dudhrej,Telangana,1973-03-11,Standard,2022-09-03
C007549,Udarsh,Balay,nidhisalvi@example.com,Kakinada,Maharashtra,1993-03-25,Premium,2026-07-22
C007550,Hemangini,Chana,ddivan@example.com,Chinsurah,Odisha,1946-11-01,Business,2026-05-15
C007551,Charles,Gill,ramanathanxiti@example.org,Aligarh,Manipur,1984-05-04,Standard,2022-04-25
C007552,Sara,Palla,aupadhyay@example.org,Etawah,Manipur,1994-04-18,Business,2025-11-16
C007553,Anvi,Gokhale,deshmukhquincy@example.com,Kumbakonam,Andhra Pradesh,1984-10-08,Premium,2025-04-28
C007554,Tarak,Anand,januja87@example.org,Gandhidham,Gujarat,1968-05-20,Standard,2024-08-26
C007555,Lohit,Ramakrishnan,doshitristan@example.org,Howrah,Gujarat,1966-03-16,Premium,2026-07-15
C007556,Kai,Mandal,mgera@example.net,Sasaram,Nagaland,1988-08-24,Premium,2023-05-11
C007557,Harish,Dugar,wdeo@example.org,Thane,Mizoram,1983-04-02,Premium,2025-09-16
C007558,Teerth,Ramaswamy,yashawinibhandari@example.org,Warangal,Odisha,2003-02-06,Standard,2025-12-01
C007559,Rushil,Raju,pavaniatwal@example.com,Karawal Nagar,Maharashtra,1970-07-06,Business,2022-11-20
C007560,Manan,Reddy,ykant@example.com,Rourkela,Bihar,1982-11-09,Premium,2021-11-05
C007561,Daksha,Sheth,dsaha@example.com,Buxar,Karnataka,1949-11-20,Standard,2025-08-16
C007562,Vidhi,Roy,daksheshlall@example.com,Kanpur,Sikkim,1970-02-12,Standard,2025-12-21
C007563,Chanchal,Kurian,luckydhaliwal@example.com,Moradabad,Odisha,2005-05-02,Premium,2025-07-20
C007564,Tripti,Prabhu,valabaljiwan@example.com,Khandwa,Arunachal Pradesh,1948-11-10,Business,2022-12-17
C007565,Patrick,Shukla,roymaya@example.net,Gandhidham,Gujarat,1951-07-24,Standard,2022-07-24
C007566,Vamakshi,Mishra,girish23@example.org,Rourkela,Sikkim,1970-09-11,Business,2022-06-28
C007567,Yadavi,Kamdar,theodore45@example.com,Sagar,Jharkhand,1990-02-25,Business,2023-08-04
C007568,Christopher,Pandit,ydyal@example.net,Avadi,Sikkim,2002-12-16,Business,2026-03-05
C007569,Charvi,Anne,lakshmiwadhwa@example.org,Adoni,Tamil Nadu,1983-12-14,Business,2021-11-12
C007570,Daksh,Bava,hayerzarna@example.net,Jamnagar,Meghalaya,1989-04-06,Premium,2025-03-16
C007571,Rehaan,Bail,dhaliwalfaraj@example.org,Ajmer,Chhattisgarh,1954-06-06,Business,2025-01-22
C007572,Omkaar,Ravel,fbakshi@example.org,Alappuzha,Bihar,2006-09-05,Premium,2024-12-15
C007573,Dayamai,Saran,quincymurthy@example.com,Amritsar,Sikkim,1966-03-02,Standard,2026-07-13
C007574,Jacob,Sur,zsheth@example.org,Muzaffarnagar,Meghalaya,1999-02-17,Premium,2023-03-02
C007575,Gaurangi,Brahmbhatt,krishna08@example.com,Silchar,Maharashtra,1978-08-18,Standard,2025-06-28
C007576,Osha,Vora,zsankaran@example.org,Yamunanagar,Sikkim,1991-07-19,Premium,2023-07-10
C007577,Upkaar,Kara,dayitabakshi@example.com,Davanagere,Himachal Pradesh,1981-02-01,Standard,2023-10-30
C007578,Chanakya,Joshi,bbhagat@example.net,Bhimavaram,Arunachal Pradesh,1995-03-02,Standard,2023-05-03
C007579,Shravya,Khanna,chameli16@example.org,Noida,Punjab,1982-12-28,Business,2023-08-15
C007580,Eesha,Deshmukh,hamsinisaran@example.org,Sangli-Miraj & Kupwad,Kerala,1976-06-13,Premium,2023-06-29
C007581,Max,Din,ayaanmani@example.com,Guwahati,Jharkhand,2002-09-29,Premium,2022-06-29
C007582,Chaaya,Barad,bhavani24@example.net,Kozhikode,Haryana,1968-11-08,Premium,2026-05-25
C007583,Xalak,Sur,aachalparmer@example.org,Naihati,Haryana,1948-07-17,Standard,2023-02-14
C007584,Ladli,Randhawa,wmital@example.org,Hyderabad,Gujarat,2007-06-17,Business,2025-08-17
C007585,Aachal,Sehgal,fmemon@example.net,Dehri,Goa,1951-01-07,Standard,2022-05-09
C007586,Kashvi,Zacharia,fshanker@example.org,Jalandhar,Tamil Nadu,1977-08-07,Business,2024-03-11
C007587,Nakul,Sankar,gunbirsule@example.org,Agra,Himachal Pradesh,1951-07-23,Standard,2026-01-17
C007588,Wridesh,Choudhry,indali78@example.net,Vijayawada,Haryana,1971-06-18,Business,2025-10-26
C007589,Aishani,Krishnamurthy,devikakuruvilla@example.net,Panihati,Manipur,1959-05-30,Standard,2023-07-25
C007590,Rudra,Sheth,vedika29@example.com,Hosur,Manipur,1988-10-10,Standard,2025-04-15
C007591,Ekani,Divan,gangachakrabarti@example.net,Tumkur,Sikkim,1947-03-11,Standard,2025-03-29
C007592,Ira,Mannan,ibose@example.org,Haldia,Uttarakhand,1979-05-24,Premium,2022-09-24
C007593,Ishaan,Randhawa,emammen@example.com,Sasaram,Assam,2002-10-28,Premium,2025-04-02
C007594,Tamanna,Madan,balaaryan@example.com,Alappuzha,Meghalaya,1946-08-03,Premium,2022-12-09
C007595,Jeremiah,Jha,ektanadkarni@example.org,Thoothukudi,Kerala,1992-05-05,Premium,2025-08-17
C007596,Dalbir,Kamdar,madhavlalla@example.org,Morbi,Andhra Pradesh,1950-10-09,Business,2025-11-20
C007597,Orinder,Kar,hredhaanmishra@example.com,Anand,Goa,1988-12-06,Business,2022-11-09
C007598,Anirudh,Suresh,parthbhatia@example.com,Singrauli,Assam,2005-12-01,Business,2025-06-09
C007599,Samaksh,Vasa,sanenidra@example.net,Kurnool,Manipur,1961-09-06,Premium,2025-05-24
C007600,Kiaan,Kumar,hema81@example.net,Bharatpur,Madhya Pradesh,1990-11-24,Standard,2022-06-22
C007601,Vedant,Mangat,farisaggarwal@example.org,Surendranagar Dudhrej,Mizoram,1963-11-04,Premium,2025-06-21
C007602,Gunbir,Kakar,dubeyyashoda@example.net,Sri Ganganagar,Nagaland,1980-02-02,Standard,2025-09-25
C007603,Janani,Konda,caurora@example.net,Katihar,Kerala,1948-05-26,Standard,2025-01-08
C007604,Jairaj,Keer,shivanshchander@example.net,Jamalpur,West Bengal,1990-03-19,Premium,2022-06-13
C007605,Aarna,Acharya,hayredhruv@example.com,Berhampur,Manipur,1984-02-23,Standard,2021-12-15
C007606,Irya,Sagar,ramaswamykevin@example.net,Jalna,Jharkhand,2006-10-07,Business,2025-06-19
C007607,Nathaniel,Suri,ndube@example.org,Karnal,West Bengal,1974-09-20,Standard,2023-04-05
C007608,Jacob,Oza,chandrawaida@example.com,Nagaon,Kerala,1977-07-08,Standard,2025-03-17
C007609,Vasana,Joshi,halderranbir@example.com,Ratlam,Mizoram,1985-07-07,Standard,2025-05-16
C007610,Farhan,Raman,umang14@example.net,Agra,Arunachal Pradesh,1974-10-08,Business,2023-01-28
C007611,Abeer,Khare,desaiviraj@example.org,Nellore,Gujarat,1965-01-19,Standard,2026-05-24
C007612,Sudiksha,Dyal,atwalbhavini@example.com,Bathinda,Manipur,1987-02-20,Premium,2022-12-29
C007613,Keya,Sethi,prishapatel@example.com,Gaya,Assam,1994-05-11,Standard,2025-12-29
C007614,Omaja,Sidhu,ira06@example.com,Rampur,Arunachal Pradesh,1990-07-10,Standard,2023-03-23
C007615,Kavya,Edwin,tbahri@example.net,Kadapa,Haryana,1983-06-08,Premium,2026-01-26
C007616,Nathaniel,Bath,shivanshmitra@example.net,Sonipat,Manipur,2000-01-06,Business,2026-01-26
C007617,Tanmayi,Roy,kohlicharles@example.net,Raipur,Himachal Pradesh,1966-11-03,Standard,2026-07-25
C007618,Nimrat,Sawhney,jyoti12@example.com,Avadi,Punjab,1964-06-15,Premium,2026-03-15
C007619,Leena,Kapur,shanudarsh@example.com,Satna,Tripura,2002-01-10,Standard,2023-01-19
C007620,Barkha,Iyer,semanthony@example.com,Meerut,Maharashtra,1989-04-26,Premium,2023-06-05
C007621,Ekaja,Sridhar,sgoswami@example.net,Gandhinagar,Uttar Pradesh,1965-09-15,Business,2023-01-15
C007622,Janya,Toor,uppaledhitha@example.org,Siliguri,Goa,1999-08-17,Standard,2022-07-04
C007623,Warjas,Menon,baljiwansridhar@example.org,Anantapur,Chhattisgarh,1991-12-06,Standard,2023-10-13
C007624,Sai,Mahal,diptagopal@example.com,Narasaraopet,Odisha,1948-02-10,Standard,2025-01-13
C007625,Harita,Sibal,udant20@example.org,Uluberia,Uttar Pradesh,2005-05-03,Business,2026-01-23
C007626,Hiral,Randhawa,jairaj29@example.com,Mehsana,West Bengal,1986-03-19,Standard,2022-07-17
C007627,Hitesh,Sahni,megha06@example.com,Kadapa,Uttar Pradesh,2002-02-21,Business,2022-06-11
C007628,George,Dar,bkala@example.org,Karawal Nagar,Jharkhand,1950-05-29,Business,2024-04-10
C007629,Yachana,Mody,chackochristopher@example.net,Faridabad,Karnataka,1953-10-11,Standard,2023-03-10
C007630,Lucky,Sinha,theodore39@example.net,Kurnool,Karnataka,1969-05-31,Premium,2023-08-17
C007631,Osha,Keer,abhimanyu85@example.com,Bulandshahr,Sikkim,1959-09-25,Standard,2024-10-14
C007632,Jeevika,Raval,charvi99@example.com,Karnal,Odisha,1968-12-31,Premium,2025-01-21
C007633,Omisha,Bahl,xbhagat@example.com,Dewas,Jharkhand,1958-02-09,Standard,2026-04-09
C007634,Hardik,Balasubramanian,semdiya@example.com,Tirunelveli,Andhra Pradesh,2002-05-01,Business,2023-09-21
C007635,Jairaj,Basu,pagrawal@example.org,Madurai,Sikkim,1972-12-27,Premium,2023-08-18
C007636,Panini,Kari,bumbanay@example.org,Nagaon,Rajasthan,2007-03-11,Standard,2021-08-18
C007637,Ekapad,Bhasin,hkhosla@example.net,Pali,Tamil Nadu,1979-11-17,Standard,2025-10-08
C007638,Ekapad,Sha,ranveerkadakia@example.com,Nagaon,Rajasthan,1958-05-25,Premium,2021-11-06
C007639,Priya,Thakkar,mittalnachiket@example.com,Thane,Uttarakhand,1971-02-25,Standard,2022-10-21
C007640,Widisha,Mukherjee,zarnaanne@example.com,Bathinda,Himachal Pradesh,1980-06-05,Business,2024-03-19
C007641,Joshua,Kant,bhardwajijaya@example.net,Vijayawada,Uttarakhand,1967-08-17,Premium,2024-02-07
C007642,Ranbir,Nayak,utkarshchandran@example.com,Panvel,Sikkim,1986-04-09,Business,2023-07-22
C007643,Ucchal,Date,gauravbhavsar@example.com,Tumkur,Chhattisgarh,1997-09-22,Standard,2026-01-01
C007644,Kai,Sehgal,ekapad11@example.org,Gwalior,Odisha,1974-09-18,Business,2024-01-12
C007645,Chanchal,Varghese,nayarfalan@example.com,Aurangabad,Gujarat,1953-02-18,Business,2023-02-01
C007646,Zashil,Dar,swali@example.com,Karawal Nagar,Assam,1995-11-03,Standard,2022-04-11
C007647,Om,Majumdar,ramanathanchatura@example.net,Ulhasnagar,Punjab,1999-01-07,Business,2023-12-04
C007648,Nathan,Golla,hredhaansethi@example.com,Kirari Suleman Nagar,Karnataka,2003-12-06,Premium,2024-02-23
C007649,Raagini,Desai,urvashiagrawal@example.net,Haldia,Chhattisgarh,1992-11-12,Standard,2026-03-27
C007650,Jagrati,Gandhi,rohan25@example.com,Nagpur,Karnataka,1972-12-06,Premium,2022-07-08
C007651,Atharv,Sankar,kashvi70@example.net,Pali,Odisha,1947-08-03,Premium,2026-02-19
C007652,Dhriti,Rama,ganeshvarsha@example.net,Bikaner,Karnataka,1999-12-16,Standard,2023-11-06
C007653,Riya,Varughese,jairajswaminathan@example.com,Bhiwandi,Maharashtra,2000-11-14,Business,2021-09-21
C007654,Shivansh,Mukhopadhyay,vkata@example.com,Vadodara,Odisha,1957-03-28,Premium,2026-06-27
C007655,Leena,Varkey,brindasodhi@example.org,Orai,Telangana,1984-12-24,Premium,2023-06-09
C007656,Vedant,Doctor,zbhavsar@example.org,Jammu,Nagaland,1963-06-28,Premium,2025-11-04
C007657,Finn,Mahajan,viraj15@example.com,Ahmednagar,Uttarakhand,1989-06-29,Business,2021-11-21
C007658,Ranveer,Ravel,gulatianika@example.org,Siliguri,Tripura,1976-10-31,Business,2022-04-14
C007659,Bakhshi,Bora,williamchoudhry@example.org,Sikar,Bihar,1973-05-19,Standard,2025-08-17
C007660,Pavani,Ganesan,shankerabha@example.org,Lucknow,West Bengal,1981-01-26,Business,2023-04-07
C007661,Ekiya,Uppal,riabhalla@example.net,Coimbatore,Maharashtra,1971-09-06,Business,2026-05-02
C007662,Yoshita,Sabharwal,csridhar@example.org,Imphal,Arunachal Pradesh,1964-02-13,Premium,2023-12-13
C007663,Keya,Ramaswamy,qde@example.com,Purnia,Tripura,2003-06-10,Premium,2022-02-20
C007664,Nidra,Zacharia,prabhakarchristopher@example.net,Saharsa,Karnataka,1960-08-15,Standard,2023-12-17
C007665,Brijesh,Bahl,vedika44@example.org,Ambala,Manipur,1988-09-17,Premium,2024-10-02
C007666,Chaitaly,Ghosh,tamannatella@example.org,Mirzapur,Telangana,1980-08-10,Premium,2021-11-18
C007667,Yashoda,Yogi,bhanumatiraghavan@example.net,Patiala,West Bengal,1958-12-20,Business,2025-07-16
C007668,Warda,Chaudry,bgoyal@example.org,Phusro,Telangana,1949-03-30,Business,2023-05-20
C007669,Kabir,Nagar,sandalvihaan@example.com,Patiala,Assam,1999-02-18,Business,2021-09-28
C007670,Kavya,Radhakrishnan,nirja07@example.org,Chinsurah,Odisha,1975-11-12,Business,2024-09-06
C007671,Advik,Subramaniam,mpradhan@example.org,Berhampore,Tripura,2007-10-29,Premium,2024-05-06
C007672,Atharv,Sarin,chowdhurylopa@example.net,Dewas,Mizoram,1960-05-21,Business,2025-06-15
C007673,Tarak,Pandit,,Mathura,Mizoram,1995-07-12,Premium,2024-06-30
C007674,Vincent,Mukherjee,sidhufiyaz@example.org,Vellore,Jharkhand,1984-03-12,Business,2025-11-12
C007675,Dayita,Sinha,jnagar@example.com,Purnia,Gujarat,1982-01-30,Business,2025-10-07
C007676,Zinal,Boase,anayrastogi@example.org,Meerut,Maharashtra,2008-04-22,Standard,2021-12-31
C007677,Manthan,Murty,misraosha@example.com,Malegaon,Maharashtra,2004-11-14,Standard,2022-11-12
C007678,Gaurav,Narayanan,ndhillon@example.com,Patna,Tripura,1956-06-28,Premium,2024-12-25
C007679,Kashish,Srinivasan,amohan@example.org,Anantapuram,Chhattisgarh,1976-10-15,Business,2025-09-12
C007680,Dayamai,Narula,chakrabartiquincy@example.com,Saharanpur,Uttar Pradesh,1971-10-13,Premium,2026-01-11
C007681,Ladli,Srinivasan,elijah05@example.net,Hosur,Chhattisgarh,1987-02-10,Business,2024-03-25
C007682,Vivaan,Nadkarni,zayyanmunshi@example.org,Gulbarga,Goa,1950-07-02,Business,2024-02-23
C007683,Niharika,Dhawan,dipta55@example.com,Chinsurah,Tripura,1996-10-12,Standard,2023-12-02
C007684,Azad,Suresh,rachita80@example.net,Dehri,Mizoram,1966-07-25,Business,2021-11-07
C007685,Maya,Palla,michael70@example.org,Solapur,Manipur,1974-12-16,Business,2023-01-21
C007686,Azaan,Nayar,edhithazacharia@example.net,Sangli-Miraj & Kupwad,Himachal Pradesh,1958-02-10,Business,2025-04-20
C007687,Yochana,Dhawan,naraindakshesh@example.org,Bhatpara,West Bengal,1983-10-02,Business,2021-11-03
C007688,Kashvi,Shankar,ekanta81@example.net,Dehri,Himachal Pradesh,2008-05-29,Standard,2025-11-04
C007689,Patrick,Cherian,chadafaras@example.org,Sikar,Chhattisgarh,1979-11-25,Premium,2023-01-22
C007690,Dhruv,Babu,ekajagoswami@example.net,Bhagalpur,Jharkhand,2007-07-05,Standard,2025-01-29
C007691,Nidra,Balan,misrafiyaz@example.org,Sikar,Jharkhand,2007-01-12,Standard,2026-02-26
C007692,Jalsa,Sangha,oni58@example.net,Satna,Chhattisgarh,1987-07-28,Standard,2025-07-12
C007693,Harita,Saha,pandyachameli@example.org,Amravati,Maharashtra,1998-09-22,Business,2024-03-19
C007694,Abha,Nagar,malhotraupadhriti@example.com,Jalna,Goa,1956-08-17,Business,2026-06-05
C007695,Isha,Deshmukh,buchkala@example.net,Kalyan-Dombivli,West Bengal,1999-08-30,Premium,2025-01-06
C007696,Chandresh,Desai,vedhikaprabhakar@example.com,Rampur,Goa,1971-03-28,Premium,2025-08-18
C007697,Upma,Khurana,yatansarna@example.org,Begusarai,Telangana,1976-12-28,Premium,2026-03-01
C007698,Radhika,Singhal,nandinikulkarni@example.net,Anand,Jharkhand,1953-10-30,Premium,2026-08-04
C007699,Lekha,Sahni,tdatta@example.org,Suryapet,Odisha,2004-08-18,Standard,2024-09-20
C007700,Imaran,Misra,puriandrew@example.com,Ratlam,Arunachal Pradesh,1949-09-08,Premium,2024-07-07
C007701,Wyatt,Buch,jgoda@example.net,Sultan Pur Majra,Sikkim,1964-04-12,Standard,2022-07-25
C007702,Lakshmi,Saha,daniwarinder@example.net,Amaravati,Uttar Pradesh,1959-03-09,Standard,2023-11-23
C007703,Adweta,Yogi,patilfaris@example.org,Rourkela,Uttar Pradesh,1993-03-12,Business,2023-06-11
C007704,Arya,Chana,harinipathak@example.org,Katni,Odisha,1973-09-19,Premium,2023-03-30
C007705,Wriddhish,Menon,ravifitan@example.com,Raichur,Tamil Nadu,1952-10-19,Business,2023-04-05
C007706,Madhav,Samra,cbadami@example.org,Unnao,Jharkhand,1978-09-19,Premium,2024-08-15
C007707,Zarna,Wason,yashodhara15@example.net,Chinsurah,Meghalaya,1972-12-27,Premium,2023-12-11
C007708,Chandran,Dhar,wseth@example.net,Maheshtala,Madhya Pradesh,1958-02-14,Business,2025-02-20
C007709,Matthew,Date,dayamai00@example.com,Ramagundam,Maharashtra,1981-12-30,Premium,2024-01-22
C007710,Aahana,Padmanabhan,esandal@example.net,Kishanganj,Sikkim,1985-12-04,Business,2024-12-22
C007711,Chandresh,Raja,jagratitaneja@example.net,Bilaspur,Andhra Pradesh,1990-12-13,Business,2022-08-04
C007712,Raksha,Ben,sanyagoda@example.com,Tadepalligudem,Karnataka,1985-03-15,Standard,2022-05-14
C007713,Oscar,Sridhar,kvasa@example.org,Anand,Andhra Pradesh,1963-03-05,Premium,2022-09-11
C007714,Upkaar,Contractor,comardipta@example.com,Ratlam,Mizoram,1992-10-31,Premium,2022-01-22
C007715,Meghana,Zachariah,zachariabaghyawati@example.net,Phusro,Manipur,1982-09-06,Standard,2025-09-30
C007716,Triveni,Mallick,rrandhawa@example.net,Bardhaman,Karnataka,1992-01-09,Business,2025-12-12
C007717,Nidhi,Kashyap,qarinwali@example.net,Varanasi,Madhya Pradesh,1984-02-28,Premium,2022-06-19
C007718,Parth,Prabhakar,zde@example.net,Surendranagar Dudhrej,Uttarakhand,1949-01-30,Premium,2025-01-12
C007719,Jagrati,Pal,isahni@example.net,Maheshtala,Assam,1947-07-10,Standard,2024-10-22
C007720,Bhavika,Luthra,edoctor@example.com,Nellore,Tamil Nadu,1952-05-22,Business,2022-12-09
C007721,Leena,Dasgupta,rajagopalarunima@example.org,Panchkula,Himachal Pradesh,1981-05-21,Premium,2025-02-09
C007722,Edhitha,Dass,ishwarpadmanabhan@example.com,Surat,Madhya Pradesh,2001-07-04,Premium,2026-04-27
C007723,Vincent,Deol,aggarwalcharvi@example.org,Kurnool,Bihar,1959-05-31,Standard,2024-05-28
C007724,Hema,Lad,saichand@example.net,Karawal Nagar,Odisha,1957-09-16,Premium,2025-01-13
C007725,Darsh,Dhillon,hemanisahni@example.com,Serampore,Tripura,1946-11-05,Standard,2022-02-14
C007726,Lekha,Dugal,paninidin@example.com,Kochi,Madhya Pradesh,1956-06-29,Business,2024-08-31
C007727,Yuvraj,Buch,tanne@example.net,Parbhani,Gujarat,2002-05-22,Business,2026-07-10
C007728,Falak,Jhaveri,xpalan@example.net,Ghaziabad,Haryana,1956-07-21,Standard,2025-02-20
C007729,Pallavi,Bhargava,handachameli@example.com,Bhalswa Jahangir Pur,Uttar Pradesh,1996-06-19,Standard,2022-11-02
C007730,Pranit,Gopal,krishnamurthylaban@example.com,Surendranagar Dudhrej,Gujarat,1971-03-01,Standard,2026-02-07
C007731,Anusha,Viswanathan,radhikarajagopal@example.org,Sambalpur,Madhya Pradesh,1969-08-20,Standard,2021-11-30
C007732,Ayaan,Sathe,nitesh59@example.net,Tiruvottiyur,Andhra Pradesh,1992-08-03,Standard,2022-01-21
C007733,Ekavir,Wagle,ikshita33@example.com,Tiruchirappalli,Bihar,1991-07-13,Standard,2023-08-13
C007734,Elijah,Khalsa,,Surendranagar Dudhrej,Andhra Pradesh,1966-12-19,Business,2023-06-23
C007735,Vyanjana,Sama,meera78@example.org,Ballia,Assam,1971-06-27,Standard,2026-03-10
C007736,Gaurav,Dugal,epalla@example.com,Sagar,Uttarakhand,2005-04-08,Business,2022-02-21
C007737,Azaan,Agarwal,orindermohanty@example.net,Chandigarh,Madhya Pradesh,2005-12-18,Business,2021-11-21
C007738,Anika,Thakkar,calebperi@example.net,Rajpur Sonarpur,Maharashtra,1973-04-12,Business,2023-03-09
C007739,Leena,Kaul,pagarwal@example.net,Jehanabad,Tripura,1971-08-11,Standard,2022-09-02
C007740,Divya,Prasad,mitalimangal@example.net,Madurai,Mizoram,1988-01-03,Premium,2023-03-16
C007741,Anthony,Basu,chameli46@example.org,Ambarnath,Telangana,1957-07-24,Standard,2024-07-09
C007742,Onveer,Om,radhika13@example.org,Bilaspur,Goa,1988-06-19,Business,2021-12-12
C007743,Vincent,Palla,pallavinarain@example.com,Vijayanagaram,Odisha,1946-04-15,Standard,2024-07-13
C007744,Abha,Mander,khannawyatt@example.com,Ahmedabad,West Bengal,1980-02-18,Premium,2022-01-10
C007745,Chatresh,Kumer,udant42@example.com,Jehanabad,Haryana,1974-05-20,Business,2025-10-03
C007746,Daksha,Bali,akshaysarna@example.com,Rajpur Sonarpur,Mizoram,1952-10-30,Business,2023-04-17
C007747,Yuvraj,Muni,sonimegha@example.org,Jaunpur,Nagaland,1977-10-23,Standard,2025-11-24
C007748,Damyanti,Sridhar,amrutapatel@example.org,Guntakal,Rajasthan,1974-11-03,Premium,2022-04-08
C007749,Leela,Bava,ojas32@example.net,Chapra,Tripura,1980-07-03,Standard,2023-08-25
C007750,Chandani,Barman,choudharysanaya@example.net,Machilipatnam,Meghalaya,1984-08-21,Standard,2026-08-07
C007751,Lakshmi,Bail,sanghvirajeshri@example.net,Faridabad,Manipur,1983-02-08,Premium,2022-07-07
C007752,Qadim,Gokhale,prishamerchant@example.com,Siwan,Odisha,1990-05-10,Business,2021-12-03
C007753,Noah,Bandi,charunnati@example.com,Meerut,Telangana,1993-06-28,Premium,2022-04-12
C007754,Ishita,Parmer,bdugal@example.com,Ramgarh,Goa,1956-01-10,Premium,2026-02-20
C007755,Zaid,Dora,,Rajahmundry,Gujarat,1988-03-13,Premium,2022-04-28
C007756,Praneel,Sura,lchaudhary@example.org,Panihati,Manipur,1950-03-29,Standard,2025-07-20
C007757,Ishwar,Deshpande,umang83@example.org,Surendranagar Dudhrej,Sikkim,1948-11-26,Standard,2023-09-28
C007758,Hemani,Barman,rdyal@example.org,Dewas,Gujarat,1947-04-28,Business,2025-03-29
C007759,Arunima,Hari,pinglewarinder@example.com,Bulandshahr,Karnataka,2005-10-22,Business,2025-05-21
C007760,Ojasvi,Bora,palxiti@example.com,Bikaner,Uttarakhand,1952-08-27,Premium,2024-01-17
C007761,Triveni,Loyal,khareomkaar@example.org,Ambattur,Mizoram,1969-10-07,Standard,2023-03-17
C007762,Avni,Virk,rohanverma@example.com,Burhanpur,Arunachal Pradesh,1972-10-23,Premium,2023-08-10
C007763,Krish,Kothari,ekarajsandal@example.org,Purnia,Telangana,1976-01-05,Premium,2026-02-20
C007764,Hritik,Krish,ayushmanmukherjee@example.com,Tadepalligudem,Karnataka,1972-02-26,Premium,2025-03-14
C007765,Vedant,Pai,rganesan@example.net,Farrukhabad,Odisha,1969-07-13,Standard,2025-06-01
C007766,Lavanya,Jaggi,sundaramgagan@example.org,Baranagar,Bihar,1989-06-11,Business,2022-10-06
C007767,Damyanti,Memon,ishwarrastogi@example.com,Amaravati,Himachal Pradesh,1995-04-09,Standard,2023-10-04
C007768,Vamakshi,Tata,triyacontractor@example.com,Etawah,Karnataka,1982-07-26,Standard,2022-05-02
C007769,Osha,Din,ishita60@example.com,Kolkata,Goa,1946-08-08,Standard,2025-04-17
C007770,Maanav,Brahmbhatt,ekalinga14@example.com,Nashik,Tamil Nadu,2001-10-06,Business,2025-04-05
C007771,Madhavi,Prasad,koshywishi@example.org,Chapra,Chhattisgarh,1956-06-19,business,2025-10-18
C007772,Unnati,Arya,kashvi09@example.com,Gaya,Manipur,1984-04-19,Business,2022-11-04
C007773,Reva,Banerjee,simonmalhotra@example.net,Raichur,Nagaland,1980-04-20,Premium,2021-12-04
C007774,Falan,Sarin,panchalwarhi@example.net,Aurangabad,Tripura,2007-08-14,Premium,2023-03-28
C007775,Gaurangi,Pau,haridarsh@example.org,Coimbatore,Jharkhand,1948-01-19,Premium,2024-06-12
C007776,Azaan,Menon,dev05@example.net,Jabalpur,Sikkim,1952-12-29,Premium,2021-11-26
C007777,Aditya,Chaudhry,riabhagat@example.net,Shimla,Goa,1959-04-11,Business,2024-01-05
C007778,Chaman,Arora,harrison47@example.net,Bhiwani,Meghalaya,1965-05-28,Standard,2026-06-14
C007779,Lavanya,Yohannan,gnagar@example.net,Shivpuri,Himachal Pradesh,1996-05-29,Business,2023-11-16
C007780,Samar,Gulati,jeremiahagate@example.net,Kumbakonam,Rajasthan,1988-01-29,Business,2024-07-20
C007781,Isaiah,Sarma,dayamaitella@example.net,Rampur,Mizoram,1987-10-06,Premium,2026-04-12
C007782,Advik,Contractor,sarmafarhan@example.org,Chapra,Mizoram,1950-01-25,Premium,2022-02-18
C007783,Ikbal,Dara,nihalsibal@example.com,Jamnagar,Meghalaya,1986-08-06,Business,2025-01-27
C007784,Daksha,Manda,cheriankeya@example.org,Sultan Pur Majra,Arunachal Pradesh,1997-08-26,Premium,2022-08-12
C007785,Ati,Bobal,galalipika@example.net,Bijapur,Kerala,1998-04-12,Business,2021-11-27
C007786,Gaurav,Deol,peter50@example.net,Dindigul,Kerala,1972-01-30,Standard,2025-03-26
C007787,Raghav,Badal,sherejatin@example.org,Jammu,Rajasthan,1978-03-10,Business,2024-05-06
C007788,Aadhya,Wason,kavyakakar@example.com,Berhampore,Telangana,1955-09-27,Business,2023-10-27
C007789,Ayaan,Chakrabarti,tmann@example.net,Ramagundam,Arunachal Pradesh,1994-09-05,Business,2025-05-31
C007790,Gaurika,Ramakrishnan,jbava@example.org,Hajipur,Jharkhand,1947-08-23,Premium,2023-06-27
C007791,Gabriel,Kamdar,settyhritik@example.org,Jhansi,Odisha,1992-03-16,Standard,2021-08-13
C007792,Aditya,Padmanabhan,krishnapillai@example.org,Alwar,Maharashtra,1946-12-23,Premium,2022-02-02
C007793,Bhavna,Ramaswamy,utkarsh74@example.org,Anantapur,Tamil Nadu,1993-12-26,Premium,2024-07-09
C007794,Harini,Mangal,ramjai@example.org,Ichalkaranji,Nagaland,1984-06-14,Standard,2024-12-05
C007795,Oni,Bhalla,psodhi@example.net,Medininagar,Mizoram,1959-08-07,Business,2026-04-24
C007796,Bhavini,Tara,modiquincy@example.com,Gaya,Punjab,1956-02-02,Premium,2024-06-27
C007797,Mitesh,Bansal,brao@example.net,Srikakulam,Meghalaya,1987-09-20,Standard,2021-10-02
C007798,Krishna,Thaman,maanas73@example.org,Erode,Assam,2006-01-13,Business,2023-11-03
C007799,Thomas,Rama,ramahitesh@example.org,Dehri,Gujarat,1982-04-19,Standard,2022-10-15
C007800,Bhavika,Uppal,virajdoctor@example.org,Dehradun,Assam,2005-05-12,Business,2022-08-24
C007801,William,Shan,fmenon@example.net,Pudukkottai,Madhya Pradesh,1947-09-26,Standard,2023-04-24
C007802,Raagini,Sachdeva,sastrylohit@example.org,Bidar,Uttarakhand,1997-01-13,Business,2025-06-21
C007803,Mitesh,Narayanan,jdhillon@example.com,Bangalore,Karnataka,1970-02-16,Standard,2025-03-25
C007804,Sai,Dash,vamakshimutti@example.org,Nagercoil,Uttar Pradesh,1983-05-09,Premium,2023-05-17
C007805,Panini,Chakrabarti,benlekha@example.net,Sagar,Madhya Pradesh,2004-01-12,Business,2025-06-14
C007806,Janya,Kulkarni,ekarajrandhawa@example.net,Hajipur,Uttar Pradesh,1948-07-18,Standard,2022-08-16
C007807,Advaith,Dube,ldas@example.org,Bhimavaram,Assam,1973-03-12,Business,2021-08-25
C007808,Ishanvi,Kara,lnarula@example.org,Malda,Kerala,1968-02-18,Business,2022-09-11
C007809,Nisha,Grover,sunderqadim@example.com,Kolkata,Mizoram,1982-03-12,Premium,2025-01-30
C007810,Anmol,Wadhwa,badalharshil@example.org,Sambhal,Uttar Pradesh,1954-06-24,Standard,2025-10-08
C007811,Ayushman,Uppal,kwable@example.net,Bhatpara,Haryana,1953-04-24,Standard,2022-01-07
C007812,Vritti,Mohanty,hkrish@example.org,Bathinda,Nagaland,1955-10-05,Business,2022-06-26
C007813,Meghana,Mishra,nayakcharles@example.net,Dibrugarh,Andhra Pradesh,1971-02-02,Standard,2025-02-13
C007814,Mitesh,Patla,bhatdiya@example.com,Aurangabad,Tripura,1964-01-03,Standard,2021-11-02
C007815,Dakshesh,Raja,kannansamarth@example.org,Agartala,Goa,1969-11-14,Standard,2024-12-22
C007816,Advaith,Mandal,agastyaom@example.com,Cuttack,Karnataka,1988-03-11,Standard,2022-12-13
C007817,Ekiya,Basak,hayerazad@example.net,Pudukkottai,Goa,2006-07-14,Standard,2022-12-14
C007818,Arin,Bhagat,paujhalak@example.com,Hapur,Rajasthan,1966-03-09,Premium,2022-09-07
C007819,Girindra,Mander,baghyawatiwali@example.org,Kakinada,Rajasthan,1970-06-11,Premium,2022-12-19
C007820,Pratyush,Sane,shivanshbail@example.net,Tezpur,Karnataka,1986-07-25,Standard,2023-09-12
C007821,Jagdish,Bhatia,nbanik@example.net,Durgapur,Kerala,1982-06-23,Business,2022-01-26
C007822,Jason,Chand,ryanbansal@example.org,Nizamabad,Karnataka,1964-06-10,Business,2022-11-14
C007823,Oeshi,Sidhu,damini97@example.net,Nizamabad,Sikkim,1998-05-24,Premium,2026-08-05
C007824,Darpan,Anand,valachasmum@example.net,Mangalore,Jharkhand,2004-08-04,Premium,2026-06-18
C007825,Diya,Chatterjee,alexanderwarrior@example.com,Kottayam,Chhattisgarh,1969-06-28,Premium,2026-07-13
C007826,Jason,Sathe,peter75@example.org,Anand,Odisha,1991-09-13,premium,2023-10-04
C007827,Ekantika,Bhargava,siya10@example.org,Nadiad,Goa,1986-06-02,Premium,2024-05-03
C007828,Ekapad,Khanna,shenoytimothy@example.org,Anand,Rajasthan,1959-11-20,Business,2022-11-01
C007829,Indali,Balan,jagdishchokshi@example.org,Salem,Bihar,1995-09-21,Premium,2025-12-07
C007830,Ekbal,Jayaraman,zpanchal@example.org,Bidar,Telangana,1971-01-25,Standard,2022-05-02
C007831,Champak,Mital,ekta70@example.org,Allahabad,Kerala,1989-05-17,Standard,2023-12-09
C007832,Vihaan,Chahal,smohan@example.org,Ballia,Jharkhand,1979-01-21,Premium,2025-07-10
C007833,Ayaan,Tiwari,chasmum84@example.net,Kamarhati,Andhra Pradesh,1981-03-29,Standard,2025-10-24
C007834,Zansi,D’Alia,ldutta@example.net,Rajahmundry,Tripura,1993-06-17,Business,2024-02-20
C007835,Anamika,Acharya,prabhutarak@example.com,Bihar Sharif,Arunachal Pradesh,1970-10-02,Standard,2026-04-04
C007836,Radhika,Golla,alexander84@example.org,Nadiad,Rajasthan,1987-01-27,Standard,2025-05-27
C007837,Kavya,Khatri,upadhriti36@example.org,Bhubaneswar,Jharkhand,1989-01-20,Business,2022-06-13
C007838,Ikshita,Kalita,bassimadhavi@example.net,Dibrugarh,Kerala,1982-11-13,Standard,2024-11-11
C007839,Umang,Bora,chanavedant@example.net,Bhusawal,Punjab,1971-02-22,Premium,2022-08-27
C007840,Aryan,Ranganathan,memonzansi@example.net,Asansol,Arunachal Pradesh,1997-11-09,Standard,2023-04-23
C007841,Ishita,Naidu,krishnabhatia@example.org,Chinsurah,Odisha,1961-08-03,Premium,2025-12-03
C007842,Lekha,Sur,xbali@example.com,Sri Ganganagar,Kerala,1999-04-14,Premium,2024-08-22
C007843,Zansi,Om,daksha72@example.org,Pondicherry,Uttar Pradesh,1965-07-07,Business,2025-12-23
C007844,Yasti,Kaur,veer62@example.net,Udupi,Goa,1986-02-19,Premium,2023-09-30
C007845,Lekha,Bassi,pnazareth@example.com,Mumbai,Odisha,1964-04-15,Business,2026-02-03
C007846,Tripti,Bansal,yashodhara66@example.net,Bhubaneswar,Assam,1999-07-24,Premium,2023-04-25
C007847,Triya,Subramanian,yastidin@example.com,Gorakhpur,Mizoram,1988-11-03,Standard,2026-05-13
C007848,Pranit,Ganesan,balveerkannan@example.org,Rampur,Odisha,1987-01-20,Business,2023-11-18
C007849,Manthan,Khalsa,vansha89@example.org,Alappuzha,Sikkim,1982-10-08,Business,2021-08-27
C007850,Kiaan,Kadakia,wallatristan@example.org,Howrah,Madhya Pradesh,1949-09-08,Business,2022-01-03
C007851,Chaman,Iyer,charitadoctor@example.org,Amritsar,Punjab,1973-11-07,Business,2022-08-27
C007852,Manya,Bora,pooja50@example.org,Sri Ganganagar,Chhattisgarh,1998-03-21,Standard,2025-01-16
C007853,Tripti,Hans,rwason@example.org,Berhampore,Punjab,1974-06-14,Business,2022-02-06
C007854,Nidhi,Halder,madhavi91@example.net,Adoni,West Bengal,1992-09-01,Standard,2024-01-27
C007855,Garima,Parsa,bhavinikhare@example.org,Shahjahanpur,Uttar Pradesh,1955-11-30,Business,2021-10-05
C007856,Kala,Subramanian,chanakya37@example.org,Ajmer,Punjab,1977-08-16,Premium,2026-02-25
C007857,Fitan,Apte,shettyreyansh@example.com,Jabalpur,Madhya Pradesh,1952-04-02,Business,2024-03-23
C007858,Rachita,Tak,wsharaf@example.net,Jalandhar,Arunachal Pradesh,2001-05-15,Business,2023-03-21
C007859,Yashawini,Bhargava,tamannaramakrishnan@example.org,Siwan,Goa,1969-04-02,Premium,2022-06-28
C007860,Frederick,Parmar,sdatta@example.net,Panvel,Arunachal Pradesh,1964-11-08,Premium,2023-03-15
C007861,Libni,Jaggi,yrama@example.com,North Dumdum,Chhattisgarh,1991-12-25,Premium,2022-08-18
C007862,Waida,Batta,isaiah63@example.com,Tadipatri,Jharkhand,1999-10-16,Premium,2024-01-24
C007863,Ekanta,Narang,inaya23@example.net,Bhind,West Bengal,1947-09-22,Premium,2023-08-11
C007864,Victor,Dixit,ntiwari@example.org,Kolkata,Uttar Pradesh,1967-07-22,Premium,2026-03-14
C007865,Zayan,Ghosh,nachiket84@example.org,Warangal,Chhattisgarh,1975-10-20,Business,2023-05-02
C007866,Ekiya,Dara,xdube@example.org,Bhusawal,Haryana,1982-06-19,Premium,2024-04-30
C007867,Balendra,Iyer,bhavyanaik@example.net,Coimbatore,Tripura,1954-11-30,Business,2026-05-27
C007868,Baljiwan,Srinivas,michael61@example.com,Jorhat,Nagaland,2004-10-21,Business,2023-12-15
C007869,Ikbal,Suri,mahalekanta@example.org,Medininagar,Punjab,2000-06-13,Premium,2022-06-12
C007870,Christopher,Edwin,sachdevamol@example.org,Chandrapur,Tamil Nadu,1984-06-14,Premium,2023-07-09
C007871,Netra,Jaggi,jagrati43@example.net,Moradabad,Jharkhand,1959-09-06,Standard,2023-02-12
C007872,Tanay,Deol,vmammen@example.com,Bhalswa Jahangir Pur,Kerala,1998-12-06,Standard,2022-04-24
C007873,Irya,Dani,yadavi80@example.org,Sambhal,Mizoram,2005-12-19,Standard,2025-09-20
C007874,Adya,More,ronith10@example.net,Aurangabad,Mizoram,1972-04-20,Business,2025-10-29
C007875,Tanvi,Dash,edass@example.net,Suryapet,Gujarat,1947-10-23,Business,2022-12-10
C007876,Tamanna,Nagar,charitahanda@example.com,Vijayawada,Bihar,2007-03-27,Premium,2024-07-29
C007877,Wishi,Bera,rayaan25@example.net,Imphal,Madhya Pradesh,1956-06-30,Standard,2023-08-05
C007878,Ekaraj,Devi,sarkaraditya@example.org,Saharsa,Arunachal Pradesh,1982-08-25,Standard,2022-07-12
C007879,Abdul,Kamdar,whayer@example.net,Surat,Goa,1946-08-05,Premium,2022-10-19
C007880,Damyanti,Venkataraman,fmitra@example.net,Siwan,Assam,1970-01-15,Premium,2023-12-15
C007881,Sudiksha,Bansal,aggarwallohit@example.net,Medininagar,Telangana,2000-12-15,Business,2023-04-21
C007882,Priya,Zachariah,birurvi@example.net,Allahabad,Odisha,1962-01-22,Premium,2026-04-20
C007883,Chaitaly,Deo,brijesh99@example.net,Bhilwara,Sikkim,1988-02-13,Business,2026-04-20
C007884,Tanmayi,Raju,atharvpall@example.net,Vadodara,Madhya Pradesh,1981-12-12,Business,2023-10-26
C007885,Charita,Bal,thamanjyoti@example.org,Kurnool,Sikkim,1948-04-01,Premium,2024-11-14
C007886,Wridesh,Prashad,mallickchandani@example.com,Pallavaram,West Bengal,1973-06-04,Premium,2023-12-21
C007887,Pavani,Aurora,cvarkey@example.net,Panchkula,Odisha,1967-05-26,Premium,2022-10-20
C007888,Widisha,Apte,mason67@example.com,Moradabad,Uttar Pradesh,1997-10-14,Standard,2025-02-13
C007889,Tanvi,Goyal,khatriyashodhara@example.net,Uluberia,Manipur,2003-02-02,Premium,2023-03-26
C007890,Tanveer,Radhakrishnan,hemangini55@example.com,Solapur,West Bengal,2001-08-22,Premium,2025-12-20
C007891,Tara,Behl,sehgalveer@example.com,Moradabad,Tripura,1983-06-03,Business,2023-06-06
C007892,Zayyan,Prabhu,karsudiksha@example.net,Bhopal,Punjab,1967-11-18,Premium,2021-12-10
C007893,Sudiksha,Pillay,simon48@example.com,Ambattur,Bihar,1992-11-23,Standard,2025-12-26
C007894,Azaan,Dayal,virkmax@example.net,Asansol,Arunachal Pradesh,1979-08-19,Standard,2023-05-22
C007895,Faras,Iyer,lavanya27@example.net,Ajmer,Madhya Pradesh,2007-06-21,Premium,2022-03-31
C007896,Niharika,Chakrabarti,supadhyay@example.com,Rampur,Uttar Pradesh,1958-05-21,Business,2023-10-06
C007897,Omisha,Lad,vshan@example.net,Bhind,Odisha,1998-03-10,Premium,2022-06-12
C007898,Wridesh,Venkataraman,mugdha02@example.com,Ambarnath,Madhya Pradesh,1991-01-27,Standard,2022-03-14
C007899,Onveer,Magar,chawlayagnesh@example.org,Vijayawada,Chhattisgarh,2001-01-27,Standard,2022-05-23
C007900,Jagat,Choudhry,,Eluru,Madhya Pradesh,1999-05-29,Premium,2024-12-18
C007901,Ekta,Wason,pvarghese@example.org,Katni,Uttarakhand,2005-05-12,Premium,2025-09-09
C007902,Veda,Buch,kashvi72@example.net,Bhavnagar,Assam,1952-01-20,Premium,2025-05-07
C007903,Damyanti,Tank,anusha96@example.com,Mumbai,Assam,1969-06-04,Premium,2021-12-13
C007904,Rachit,Sama,rajuisaac@example.org,Etawah,Andhra Pradesh,1982-04-09,Premium,2025-04-18
C007905,Praneel,Subramanian,omoviya@example.org,Rohtak,Haryana,1966-11-26,Standard,2022-02-17
C007906,Chavvi,Mutti,harshil20@example.org,Bhavnagar,Manipur,1957-03-07,Business,2022-06-26
C007907,Yatin,Dani,chatterjeevyanjana@example.org,Imphal,Nagaland,1989-08-03,Business,2025-04-12
C007908,Raghav,Seshadri,vasudharattan@example.net,Kollam,Rajasthan,1981-06-11,Standard,2025-01-12
C007909,Peter,Garde,fradomangat@example.com,Nizamabad,Meghalaya,1997-01-08,Business,2021-09-19
C007910,Fitan,Pal,watika83@example.com,Maheshtala,Bihar,1961-11-27,Business,2022-08-29
C007911,Fitan,Hans,tdesai@example.com,Rajahmundry,Karnataka,1992-08-28,Business,2022-09-04
C007912,Darpan,Oak,qgade@example.org,Thanjavur,Manipur,1988-02-01,Standard,2024-10-08
C007913,Naveen,Pal,ldubey@example.com,Bilaspur,Uttarakhand,1991-11-24,Business,2025-10-02
C007914,Maya,Gera,ssharaf@example.net,Ozhukarai,Sikkim,1957-05-10,Business,2026-04-19
C007915,Siya,Muni,lkothari@example.com,Guntakal,Bihar,1984-07-27,Standard,2025-02-25
C007916,Atharv,Dixit,henryrandhawa@example.org,Madurai,West Bengal,1966-03-13,Business,2025-06-19
C007917,Liam,Kala,leena40@example.net,Silchar,Telangana,2005-11-03,Business,2023-12-10
C007918,Ansh,Sahni,csuresh@example.net,Loni,Tamil Nadu,1970-03-15,Business,2022-05-07
C007919,Kalpit,Dua,qvig@example.org,Rourkela,Punjab,1987-05-27,Premium,2025-04-19
C007920,Sara,Sha,mekhala64@example.org,Fatehpur,West Bengal,1958-03-19,Standard,2025-07-29
C007921,Idika,Mital,diya13@example.org,Bilaspur,Rajasthan,1972-02-22,Business,2023-01-10
C007922,Xavier,Manne,ahujaarunima@example.com,Guntur,Goa,1985-06-22,Business,2022-04-04
C007923,Aarav,Mand,jagratideep@example.net,Nashik,West Bengal,1967-06-30,Premium,2024-10-03
C007924,Bakhshi,Nadig,madannoah@example.org,Bhusawal,Himachal Pradesh,1980-04-08,Premium,2025-06-11
C007925,Hemangini,Chandra,hredhaan73@example.com,Siwan,Maharashtra,1984-06-28,Business,2025-10-11
C007926,Chandran,Swamy,enazareth@example.net,Pali,West Bengal,1994-01-26,Standard,2026-04-07
C007927,Aashi,Sekhon,zayyan12@example.com,Jamnagar,Tamil Nadu,1985-05-19,Standard,2026-02-20
C007928,Vidhi,Lala,advayhans@example.com,Siliguri,Nagaland,1961-10-06,Premium,2025-09-07
C007929,Frado,Butala,chatreshhegde@example.com,Berhampore,Tamil Nadu,1993-02-09,Business,2025-04-11
C007930,Zashil,Vaidya,kharebina@example.net,Nanded,Arunachal Pradesh,1996-07-12,Standard,2025-07-08
C007931,Tripti,Hayre,ikshitaanand@example.org,Raebareli,Uttar Pradesh,1969-06-22,Standard,2024-11-30
C007932,Vihaan,Bala,madhavi32@example.org,Jodhpur,Uttarakhand,1963-05-03,Business,2024-12-04
C007933,Jeevika,Sekhon,malhotraoeshi@example.net,Dhanbad,Uttar Pradesh,1981-10-21,Business,2022-06-21
C007934,Turvi,Bhavsar,tdevan@example.net,Visakhapatnam,Karnataka,1995-11-11,Premium,2025-07-26
C007935,Ubika,Choudhry,patilimaran@example.org,Munger,Goa,1971-05-25,Premium,2025-11-24
C007936,Ronith,Uppal,venkataramandaksh@example.com,Delhi,Mizoram,2002-03-14,Standard,2026-07-14
C007937,Maanav,Kamdar,aoommen@example.com,Sasaram,Jharkhand,1987-06-17,Standard,2022-06-21
C007938,Nidhi,Vasa,madhavnair@example.org,Dhanbad,Madhya Pradesh,1997-01-31,Standard,2022-12-12
C007939,Varenya,Chad,ikshitamaharaj@example.net,Amaravati,Himachal Pradesh,1950-04-23,standard,2023-09-10
C007940,Rachita,Arora,onazareth@example.net,Jamalpur,Maharashtra,1991-11-17,Business,2024-03-25
C007941,Ati,Doshi,glall@example.org,Dibrugarh,Karnataka,1975-07-02,Standard,2022-01-02
C007942,Zayan,Sharaf,eshanadalia@example.org,Deoghar,Arunachal Pradesh,1948-10-24,Standard,2023-07-06
C007943,Charvi,Sheth,vbhasin@example.com,Nandyal,Madhya Pradesh,2003-12-13,premium,2024-07-21
C007944,Daksha,Dyal,natwal@example.org,Ghaziabad,West Bengal,1956-02-09,Standard,2025-03-10
C007945,Ladli,Datta,shaurya14@example.net,Nashik,Chhattisgarh,1989-02-19,Premium,2025-03-17
C007946,Neha,Dalal,butalaleela@example.org,Bhiwani,Assam,1997-05-07,Business,2022-02-15
C007947,Gaurika,Zachariah,calebparikh@example.net,Nanded,Goa,2001-06-06,Premium,2024-06-07
C007948,Balveer,Saxena,daksha86@example.org,Ramgarh,Uttarakhand,1957-01-06,Business,2025-02-23
C007949,Oscar,Dalal,upma24@example.net,Bhind,Manipur,1961-07-04,Business,2025-01-26
C007950,Turvi,Goyal,kchaudry@example.net,Dindigul,Uttarakhand,1980-10-25,Business,2022-02-28
C007951,Hitesh,Borde,bhavani68@example.com,Katihar,Tamil Nadu,1976-02-10,Standard,2022-08-18
C007952,Kritika,Gera,odalal@example.com,Bidhannagar,Jharkhand,1963-02-19,Premium,2021-12-30
C007953,Janani,Khanna,indirasalvi@example.org,Akola,Goa,2001-02-18,Premium,2024-01-20
C007954,Oni,Anne,hemang82@example.org,Ulhasnagar,Kerala,1977-11-23,Premium,2024-04-10
C007955,Ekapad,Gopal,oni01@example.net,Visakhapatnam,Chhattisgarh,1945-12-19,Business,2021-10-28
C007956,Bimala,Oza,radhikabose@example.com,Aizawl,Nagaland,1948-10-11,Premium,2026-03-25
C007957,Gautami,Srinivasan,osundaram@example.net,Jamalpur,Haryana,1963-11-23,Premium,2025-07-04
C007958,Ria,Sathe,dayamai89@example.net,Ujjain,Manipur,1990-03-23,Premium,2025-01-06
C007959,Leela,Panchal,edhitha97@example.org,Munger,Himachal Pradesh,1978-04-07,Business,2026-04-22
C007960,Maanav,Acharya,rdewan@example.com,Ambarnath,Manipur,1978-12-07,Standard,2024-10-22
C007961,Ojasvi,Sandal,yash55@example.net,Surat,Mizoram,1961-03-23,Standard,2022-10-07
C007962,Pavani,Datta,ukanda@example.org,Kakinada,Uttarakhand,1979-01-30,Business,2024-01-31
C007963,Charan,Thakkar,bhavikajain@example.org,Malegaon,Maharashtra,2006-09-30,Business,2022-10-07
C007964,Avi,Ranganathan,asaini@example.net,Firozabad,Mizoram,1987-02-23,Business,2024-12-24
C007965,Rachit,Sama,dewanlibni@example.com,Raurkela Industrial Township,Jharkhand,1961-07-12,Standard,2024-09-24
C007966,Manya,Patla,jhayer@example.net,Katni,Karnataka,1993-09-25,Premium,2024-10-19
C007967,Aishani,Muni,dugartara@example.org,Dindigul,Haryana,1993-10-12,business,2023-04-12
C007968,Siya,Kaur,kamala05@example.com,Nanded,Odisha,1956-08-31,Standard,2026-05-16
C007969,Simon,Sekhon,saumyaagate@example.com,South Dumdum,Mizoram,2004-06-17,Premium,2023-08-18
C007970,Eiravati,Patla,kai10@example.org,Baranagar,Meghalaya,1956-07-04,Premium,2023-05-15
C007971,Bachittar,Savant,obath@example.org,Jhansi,Manipur,1970-10-14,Standard,2022-06-10
C007972,Upma,Rama,nadkarniisha@example.com,Panihati,Nagaland,1962-07-08,Standard,2023-02-28
C007973,Michael,Wadhwa,abhaverma@example.net,Pudukkottai,Jharkhand,1968-03-23,Business,2024-06-18
C007974,Chaaya,Roy,andrew77@example.net,Bidar,Bihar,1978-02-05,Business,2024-07-16
C007975,Banjeet,Thaker,vdugar@example.com,Danapur,Haryana,1990-12-19,Business,2023-06-30
C007976,Dalaja,Garg,magate@example.com,Allahabad,Tamil Nadu,1949-06-17,Premium,2023-01-25
C007977,Gavin,Din,venkateshdevika@example.net,Jamalpur,Assam,1994-03-08,Standard,2021-11-16
C007978,Jasmit,Varghese,zkata@example.net,Ambarnath,Sikkim,1990-08-13,Standard,2022-09-02
C007979,Eshana,Chowdhury,duttdayamai@example.org,Rajkot,Madhya Pradesh,1975-08-06,Premium,2025-07-03
C007980,Sachi,Vora,upadhritibumb@example.org,Ahmedabad,Nagaland,1996-12-02,Standard,2026-04-23
C007981,Daniel,Hans,borahimaran@example.net,Bhind,Goa,1958-02-17,Business,2023-07-29
C007982,Megha,Verma,,Dibrugarh,West Bengal,1974-04-02,Premium,2026-04-13
C007983,Jacob,Dube,sameshdivan@example.com,Mehsana,Goa,1988-09-23,Business,2022-11-12
C007984,Ekansh,Soni,advikagoswami@example.com,Gulbarga,Jharkhand,1973-04-22,Standard,2026-07-21
C007985,Janya,Malhotra,,Durgapur,Jharkhand,1950-02-22,Standard,2023-10-23
C007986,Baghyawati,Patel,anjalibhasin@example.net,Anantapur,Uttarakhand,1967-09-30,Standard,2024-10-03
C007987,Upadhriti,Deep,knarayan@example.com,Noida,Karnataka,1965-07-04,Business,2022-03-09
C007988,Vihaan,Mital,bzacharia@example.com,Pudukkottai,Madhya Pradesh,1981-02-12,Business,2023-04-28
C007989,Eesha,Mand,veda85@example.net,Khandwa,Haryana,1974-11-10,Business,2022-07-30
C007990,Eta,Lanka,vihaanarora@example.net,Pallavaram,Gujarat,1997-03-25,Standard,2024-12-27
C007991,Pranit,Rattan,chaudryneel@example.com,Hazaribagh,Tripura,2002-06-03,Standard,2025-05-15
C007992,Arunima,Kapadia,jiyengar@example.org,Aizawl,Mizoram,1972-01-11,Premium,2026-03-02
C007993,Finn,Prasad,usahota@example.net,Ghaziabad,Assam,1981-11-16,Business,2024-02-26
C007994,Nitara,Keer,hemang91@example.org,Karaikudi,Odisha,1946-11-15,Business,2023-01-24
C007995,Nitesh,Baral,gavin15@example.net,Sambhal,Goa,1950-07-08,Premium,2025-03-24
C007996,Rajata,Kala,xdass@example.org,Phagwara,Goa,1971-02-06,Standard,2021-10-28
C007997,Yashasvi,Dhaliwal,urishillamorar@example.net,Bongaigaon,Himachal Pradesh,1960-08-12,Standard,2026-05-19
C007998,Nirja,Maharaj,chaudhurimeghana@example.com,Kakinada,Karnataka,1992-11-21,Premium,2025-07-21
C007999,Turvi,Lalla,udasgupta@example.net,Ambarnath,Meghalaya,1975-01-10,Premium,2026-01-01
C008000,Zayyan,Bawa,aarna09@example.com,Sirsa,Madhya Pradesh,1961-12-22,Premium,2024-05-18
C008001,Advik,Datta,fariqbhagat@example.org,Thane,Mizoram,1965-04-15,Premium,2024-12-15
C008002,Ekiya,Mohan,anirudhjani@example.net,Mathura,Haryana,1991-01-07,Business,2026-05-22
C008003,Patrick,Sandal,timothy20@example.com,Rampur,Punjab,1971-09-29,Premium,2021-10-04
C008004,Balvan,Gokhale,sarabhandari@example.com,Gandhinagar,Odisha,1955-09-04,Business,2025-09-06
C008005,Yauvani,Mitra,inarula@example.org,Vasai-Virar,Manipur,1995-02-20,Premium,2021-10-19
C008006,Qasim,Prasad,samuel38@example.org,Malegaon,Maharashtra,1995-08-02,Standard,2026-04-28
C008007,Oscar,Mann,karaneesha@example.net,Nellore,Meghalaya,1957-11-25,Business,2024-12-14
C008008,Kiaan,Bawa,nbhagat@example.com,Pondicherry,Meghalaya,1998-05-05,Standard,2023-11-11
C008009,Daksh,Kothari,nathaniel28@example.org,Lucknow,Madhya Pradesh,1985-12-18,Business,2024-12-28
C008010,Owen,Narula,ramanathanjalsa@example.com,Sagar,Chhattisgarh,1958-02-27,Business,2023-08-08
C008011,Chakradev,Lad,sinhaanika@example.net,Silchar,Bihar,1974-05-02,Business,2026-06-01
C008012,Bina,Mutti,wbasu@example.com,Hajipur,Chhattisgarh,1979-11-18,Business,2023-08-08
C008013,Manan,Agate,qbalan@example.com,Unnao,West Bengal,1975-04-24,Business,2025-03-03
C008014,Samuel,Chacko,fredericknarasimhan@example.net,Barasat,Chhattisgarh,1954-03-29,Premium,2022-08-13
C008015,Kabir,Dash,yachanaissac@example.com,Aurangabad,Tripura,1958-09-26,Business,2022-09-08
C008016,Jason,Sethi,praneelbakshi@example.com,Berhampore,Goa,1997-02-19,Business,2026-05-18
C008017,Chaitanya,Ravel,gayathrihayer@example.com,Gopalpur,Kerala,1956-04-09,Business,2021-09-03
C008018,Matthew,Dua,hamsini90@example.com,Tiruvottiyur,Arunachal Pradesh,1982-06-13,Standard,2024-10-08
C008019,Anusha,Wable,sachi46@example.org,Bokaro,Jharkhand,1967-03-04,Premium,2026-04-15
C008020,Deepa,Shanker,,Bharatpur,Bihar,1966-02-19,Standard,2026-07-28
C008021,Pallavi,Nair,anyaverma@example.org,Chandigarh,Rajasthan,1956-12-10,Standard,2022-11-07
C008022,Avi,Singhal,eiravatigarg@example.org,Amaravati,Rajasthan,1969-08-11,Business,2025-03-01
C008023,Devika,Mani,divyachadha@example.com,Ballia,West Bengal,2002-07-17,Premium,2026-05-26
C008024,Chanchal,Dhar,manthan36@example.net,Jalgaon,Jharkhand,1982-02-12,Business,2023-04-25
C008025,Ojas,Parsa,samakshwali@example.com,Gangtok,Telangana,1995-12-24,Business,2025-07-03
C008026,Ekiya,Borah,balaarin@example.net,Katihar,Manipur,2002-12-04,Standard,2025-06-28
C008027,Aashi,Patla,kamyagopal@example.org,Dibrugarh,Nagaland,2007-11-18,Premium,2026-03-02
C008028,Amaira,Balay,senzashil@example.net,Secunderabad,Bihar,1956-12-29,Standard,2025-01-13
C008029,Noah,Narang,varshakrishnan@example.net,Mehsana,Nagaland,1960-05-29,Business,2025-06-14
C008030,Diya,Bawa,hnanda@example.com,Dewas,Karnataka,1966-05-26,Business,2022-07-22
C008031,Laban,Kapur,pkala@example.net,Ludhiana,Uttarakhand,1990-11-27,Business,2026-01-13
C008032,Bhavna,Mutti,pauyachana@example.net,Tiruvottiyur,Tamil Nadu,1989-03-14,Standard,2024-11-09
C008033,Gayathri,Palla,pandyabaljiwan@example.org,Pune,Mizoram,1980-01-31,Standard,2023-05-10
C008034,Falan,Mani,tnanda@example.com,Korba,Tamil Nadu,1979-05-25,Business,2025-06-26
C008035,Girik,Das,shanhemang@example.net,Sri Ganganagar,Jharkhand,1973-08-18,Premium,2025-07-16
C008036,Henry,Baria,asavant@example.com,Sagar,Goa,1990-06-18,Business,2023-09-29
C008037,Manan,Chandra,prao@example.net,Bally,Tripura,1988-07-17,Premium,2022-06-17
C008038,Lohit,Peri,triveni35@example.net,Kurnool,Madhya Pradesh,2002-04-12,Business,2023-08-25
C008039,Girindra,De,toorzaid@example.org,Dibrugarh,Uttar Pradesh,1983-07-28,Standard,2022-02-13
C008040,Vrinda,Andra,wishidatta@example.org,Tinsukia,Chhattisgarh,1953-11-29,Standard,2026-05-05
C008041,Anjali,Chowdhury,nbhargava@example.org,Tirunelveli,Madhya Pradesh,1957-08-18,Standard,2024-02-10
C008042,Joshua,Ghose,joshuamahal@example.com,Ghaziabad,Manipur,1980-01-13,Business,2025-12-20
C008043,Yachana,Narang,ekurian@example.com,Siwan,Punjab,1946-03-16,Premium,2026-05-05
C008044,Damyanti,Chanda,ekanta60@example.org,Hosur,Andhra Pradesh,1970-08-12,Standard,2026-03-16
C008045,Panini,Karan,,Mahbubnagar,Gujarat,1996-12-26,Standard,2026-03-22
C008046,Wriddhish,Setty,dugalekbal@example.net,Nangloi Jat,Chhattisgarh,2005-03-12,Standard,2026-02-24
C008047,Lakshit,Sankaran,samrawatika@example.com,Ajmer,Rajasthan,1946-09-13,Business,2023-11-02
C008048,Ria,Goswami,priya63@example.com,Saharsa,Uttarakhand,1974-08-05,Standard,2022-08-22
C008049,Ojas,Kala,isha60@example.org,Bhind,Haryana,2002-01-20,Standard,2022-07-30
C008050,Tarak,Majumdar,sankaranwarjas@example.org,Ahmedabad,Nagaland,1960-09-16,Business,2023-07-03
C008051,Vedhika,Krishnan,anita16@example.com,Sikar,Madhya Pradesh,1949-05-08,Business,2026-03-27
C008052,Amaira,Joshi,fitanbakshi@example.com,Chennai,Himachal Pradesh,1985-01-01,Premium,2024-09-13
C008053,Qadim,Parekh,qbawa@example.com,Visakhapatnam,Rajasthan,1975-01-07,Premium,2023-05-05
C008054,Shivansh,Arora,ishani21@example.com,Tirunelveli,Arunachal Pradesh,1997-01-20,Standard,2026-02-03
C008055,Bina,Vaidya,rajagopaldarika@example.com,Naihati,Punjab,1981-08-23,Premium,2026-02-19
C008056,Qarin,Puri,advik07@example.org,Berhampore,Karnataka,1955-01-19,Premium,2023-09-29
C008057,Chandani,Goswami,chamanpandya@example.org,Nadiad,Punjab,2001-09-17,Business,2025-04-09
C008058,Manan,Shroff,pandyayug@example.net,Madhyamgram,Jharkhand,2008-07-12,Business,2026-08-07
C008059,Leena,Bahri,chatresh53@example.org,Kavali,Uttar Pradesh,1966-04-22,Business,2023-08-19
C008060,Mohini,Pandya,rhari@example.org,Pudukkottai,Meghalaya,1948-04-27,Premium,2022-07-12
C008061,Abdul,Mannan,wridesh56@example.com,Moradabad,Gujarat,1996-06-26,Business,2025-06-30
C008062,Qushi,Sridhar,xdash@example.net,Gandhidham,Mizoram,1967-08-09,Business,2022-03-07
C008063,Daniel,Mahal,hkhanna@example.net,Singrauli,Goa,1985-04-11,Premium,2026-07-19
C008064,Bachittar,Sarraf,tvasa@example.net,Howrah,Assam,1968-11-02,Business,2024-04-12
C008065,Aachal,Grewal,yashawini74@example.com,Khandwa,Tamil Nadu,1955-07-22,Standard,2025-09-12
C008066,Sneha,Munshi,ikshita59@example.com,Jalandhar,Kerala,1999-05-18,Standard,2025-11-14
C008067,Gagan,Agrawal,cgola@example.org,Mahbubnagar,Bihar,1975-05-23,Premium,2022-09-17
C008068,Riya,Toor,vartychaitanya@example.com,Jaunpur,Uttar Pradesh,1994-02-23,Premium,2024-01-11
C008069,Divya,Vora,mdoctor@example.com,Mau,Telangana,1978-07-18,Premium,2022-06-26
C008070,Amol,Minhas,triptisuri@example.org,Thiruvananthapuram,Telangana,1989-02-02,Business,2025-04-01
C008071,Hredhaan,Dua,frado34@example.org,Thiruvananthapuram,Himachal Pradesh,1982-11-19,Premium,2022-02-15
C008072,Prisha,Krishnan,darpankata@example.org,Bidhannagar,Meghalaya,1954-01-12,Standard,2025-04-27
C008073,Damini,Talwar,singhbhavna@example.org,Sangli-Miraj & Kupwad,Madhya Pradesh,2005-02-28,Standard,2022-07-19
C008074,Gaurika,Misra,jagat25@example.net,Ahmedabad,Maharashtra,1992-11-20,Business,2025-10-24
C008075,Unnati,Mutti,tdhillon@example.org,Nashik,Meghalaya,1963-05-21,Business,2023-04-03
C008076,Frado,Goel,osastry@example.com,Muzaffarpur,Telangana,1974-08-18,Business,2024-10-06
C008077,Jagrati,Brahmbhatt,ekaja80@example.net,Burhanpur,Telangana,1958-09-28,Standard,2026-02-12
C008078,Daksh,Sachar,kashyapshravya@example.org,Kottayam,Rajasthan,1965-03-17,Standard,2025-02-15
C008079,Xavier,Puri,birvyanjana@example.net,Durgapur,Haryana,1996-04-27,Premium,2023-06-18
C008080,Gautam,Kamdar,choudharykrishna@example.net,Miryalaguda,Nagaland,1995-03-08,Premium,2021-10-11
C008081,Dominic,Kamdar,sudikshagala@example.org,Pallavaram,Mizoram,1948-02-20,Standard,2024-03-09
C008082,Sai,Gour,ashenoy@example.com,Vellore,Gujarat,1950-01-27,Business,2024-12-05
C008083,Rachit,Setty,damyanti79@example.com,Buxar,Telangana,1989-07-04,Premium,2022-01-21
C008084,Rudra,Zacharia,ahluwaliamatthew@example.net,Tumkur,Andhra Pradesh,1985-12-21,Premium,2021-12-30
C008085,Lipika,Kaur,kavya54@example.com,Ozhukarai,Arunachal Pradesh,1956-08-06,Standard,2025-04-19
C008086,Urishilla,Sami,falgunibahl@example.com,Ujjain,Nagaland,1968-01-13,Business,2025-05-26
C008087,Ethan,Pandit,manan25@example.net,Srinagar,Tamil Nadu,1959-01-09,Premium,2024-04-05
C008088,Yachana,Anand,tkhalsa@example.org,Dibrugarh,Goa,1980-11-26,Standard,2022-06-30
C008089,Ekapad,Bhatti,urmilad@example.com,Sagar,Assam,1959-09-24,Standard,2022-04-19
C008090,Tanay,Purohit,sbanerjee@example.net,Shahjahanpur,Karnataka,1970-11-12,Premium,2023-08-25
C008091,Radhika,Bhavsar,leena02@example.net,Mathura,West Bengal,1952-07-25,Business,2026-01-31
C008092,Logan,Comar,lajita02@example.com,Bilaspur,Goa,2003-11-17,Standard,2021-11-13
C008093,Harinakshi,Mane,chatreshcontractor@example.org,Jamshedpur,Assam,1994-03-15,Premium,2025-03-16
C008094,Akshay,Sane,ronithtalwar@example.org,Rajkot,Uttar Pradesh,1957-04-02,Business,2021-09-27
C008095,Mohammed,Bahri,charitakapur@example.org,Varanasi,Uttarakhand,1958-02-19,Premium,2021-11-30
C008096,Arya,Mander,petersani@example.org,Nagpur,Madhya Pradesh,2001-12-20,Standard,2023-01-19
C008097,Isha,Devan,chandanidey@example.com,Gwalior,Tamil Nadu,1970-12-17,Standard,2024-06-25
C008098,Daksha,Mital,osampath@example.com,Bhusawal,West Bengal,1958-06-23,Standard,2023-10-29
C008099,Indali,Bir,dominic36@example.net,Kalyan-Dombivli,Uttarakhand,2002-12-01,Standard,2026-05-02
C008100,Zinal,Sandal,loyalgaurangi@example.net,Proddatur,Kerala,1951-02-02,Business,2024-11-06
C008101,Yashasvi,Arya,hdua@example.net,Kumbakonam,Sikkim,1968-12-20,Business,2025-01-05
C008102,Indali,Balasubramanian,eta00@example.org,Baranagar,Odisha,1999-08-12,Business,2022-05-07
C008103,Lekha,Lata,ramangirish@example.com,Gangtok,Gujarat,1978-07-02,Business,2024-12-04
C008104,Lipika,Kale,mitalnachiket@example.org,Shahjahanpur,Manipur,1972-07-27,Standard,2022-03-20
C008105,Wishi,Sur,rvyas@example.org,Karawal Nagar,Gujarat,1989-10-28,Business,2022-10-08
C008106,Ati,Gera,ddixit@example.com,Purnia,Uttar Pradesh,1979-05-12,Premium,2022-04-19
C008107,Turvi,Krish,nidrashenoy@example.net,Proddatur,Tamil Nadu,1961-05-03,Business,2024-06-12
C008108,Yutika,Sani,wmajumdar@example.com,Bulandshahr,Nagaland,2002-03-09,Premium,2023-11-02
C008109,Raksha,Patel,vigvasana@example.com,Guwahati,Mizoram,1955-06-29,Premium,2025-01-19
C008110,Yuvraj,Varughese,whanda@example.net,Varanasi,Rajasthan,1949-01-26,Premium,2022-06-30
C008111,Yauvani,Dutta,tanay01@example.com,New Delhi,Chhattisgarh,1992-07-06,Premium,2026-03-11
C008112,Ekaraj,Chauhan,chanchalthaker@example.com,Bardhaman,Rajasthan,1964-12-04,Business,2022-06-27
C008113,Yamini,Buch,chakrika99@example.org,Latur,Chhattisgarh,1974-08-29,Premium,2023-01-02
C008114,Lekha,Prabhakar,jananichaudhary@example.org,Delhi,Jharkhand,1949-08-29,Premium,2022-11-11
C008115,Osha,Parmar,jbajaj@example.org,Davanagere,Tamil Nadu,1982-08-26,Standard,2025-10-30
C008116,Nitesh,Babu,alexandertella@example.net,Ajmer,Bihar,1982-04-22,Premium,2025-08-26
C008117,Lila,Ratta,bahriikbal@example.org,North Dumdum,Madhya Pradesh,1956-04-22,Standard,2026-05-13
C008118,Gaurika,Nair,chaitalytata@example.org,Ozhukarai,Uttarakhand,1981-04-05,Premium,2021-10-01
C008119,Neelima,Mitra,odate@example.net,Kharagpur,Goa,1973-01-05,Premium,2025-04-06
C008120,Kala,Sandhu,charvi66@example.net,Jammu,Nagaland,2004-01-08,Business,2024-08-29
C008121,Upma,Jain,kashvimohanty@example.com,Erode,Sikkim,1969-04-24,Standard,2024-09-25
C008122,Guneet,Vyas,anvi20@example.com,Thiruvananthapuram,Rajasthan,1970-10-18,Business,2024-05-13
C008123,Kabir,Mander,hema67@example.org,Nagpur,Haryana,2007-07-06,Standard,2024-02-26
C008124,Atharv,Kapur,erattan@example.com,Bardhaman,Punjab,1948-01-24,Premium,2026-07-12
C008125,Vasana,Bath,christopherkarnik@example.net,Karawal Nagar,Sikkim,1981-11-23,Premium,2023-01-03
C008126,Vasatika,Sankaran,cbali@example.com,Bhiwandi,Andhra Pradesh,1959-08-19,Premium,2022-12-23
C008127,Vansha,Wason,yasti43@example.com,Jaunpur,Bihar,1969-12-24,Business,2023-10-11
C008128,Andrew,Verma,barkha92@example.com,Nagercoil,Kerala,2002-06-05,premium,2025-05-06
C008129,Gayathri,Dugal,zsaha@example.com,Panvel,Chhattisgarh,1956-12-16,Standard,2022-05-09
C008130,Dakshesh,Gaba,emanda@example.com,Saharsa,Manipur,1970-12-06,Premium,2023-02-03
C008131,Dayita,Ganesan,naikbenjamin@example.org,New Delhi,Arunachal Pradesh,2003-03-17,Business,2024-07-21
C008132,Ayaan,Chana,abeerdayal@example.org,Ramgarh,Tripura,1951-06-02,Premium,2023-05-19
C008133,Rajeshri,Mann,bahlethan@example.com,Kanpur,Mizoram,1957-06-08,Standard,2023-01-21
C008134,Anthony,Trivedi,uagrawal@example.org,Raebareli,Manipur,1959-02-27,Business,2023-08-27
C008135,Michael,Som,yoshitamann@example.com,Aurangabad,Tripura,2003-10-09,Premium,2022-06-17
C008136,Ekani,Kapadia,virkmaya@example.org,Panvel,Uttarakhand,1979-05-27,Premium,2026-07-29
C008137,Gautami,Mander,lnazareth@example.com,Tadepalligudem,Himachal Pradesh,1976-06-22,Premium,2022-05-16
C008138,Chandresh,Prasad,esem@example.org,Surendranagar Dudhrej,Madhya Pradesh,1991-08-15,Premium,2026-03-17
C008139,Aadi,Sampath,vivaan72@example.org,Karawal Nagar,Kerala,1971-03-28,Premium,2026-04-15
C008140,Upma,Luthra,dadamohammed@example.net,Tumkur,Bihar,1990-01-11,Business,2024-08-23
C008141,Falak,Varghese,ladli44@example.net,Gangtok,Tamil Nadu,1998-03-23,Business,2025-02-16
C008142,Prisha,Reddy,siyachakrabarti@example.com,New Delhi,Maharashtra,1978-10-26,Premium,2022-10-31
C008143,Upadhriti,Contractor,mahikasamra@example.com,Indore,Manipur,1962-02-14,Business,2022-04-02
C008144,Girish,Ranganathan,iyervictor@example.net,Tezpur,Tamil Nadu,1966-07-24,Premium,2025-08-07
C008145,Kalpit,Varkey,osha74@example.net,Panvel,Uttar Pradesh,1953-06-18,Premium,2022-09-15
C008146,Turvi,Baria,kamala28@example.org,Hajipur,Odisha,1991-03-07,Business,2022-08-26
C008147,Gaurav,Kala,naksh99@example.net,Ambattur,Rajasthan,1970-06-26,Business,2025-02-25
C008148,Krish,Rao,manbirraman@example.org,Barasat,Manipur,1960-03-03,Standard,2024-01-25
C008149,Anvi,Palla,barmangirindra@example.org,Mehsana,Uttarakhand,1950-04-05,Business,2022-03-20
C008150,Anika,Bumb,karpevritti@example.com,Dharmavaram,Madhya Pradesh,1951-06-04,Premium,2022-09-09
C008151,Turvi,Mohan,amritasetty@example.org,Mumbai,Odisha,1958-12-26,Premium,2021-10-14
C008152,Edhitha,Pant,yogisanya@example.net,Pimpri-Chinchwad,Andhra Pradesh,2004-08-18,Business,2023-12-13
C008153,Urvi,Kalita,koshydamini@example.com,Nellore,Manipur,1975-06-01,Standard,2022-03-20
C008154,Adya,Master,bhasinom@example.org,Danapur,Uttarakhand,1946-12-26,Premium,2026-05-09
C008155,Prisha,Jaggi,vrishtisane@example.org,Hosur,Himachal Pradesh,2003-07-30,Standard,2024-07-16
C008156,Anusha,Rajagopal,xkonda@example.com,Muzaffarnagar,Telangana,1955-12-09,Standard,2023-04-03
C008157,Nirja,Ramachandran,hdesai@example.com,Kadapa,Goa,1969-06-25,Business,2026-04-20
C008158,Samesh,Kothari,asaran@example.net,Mangalore,Mizoram,1959-03-11,Standard,2023-07-10
C008159,Meera,Raja,tdani@example.net,Bangalore,Tripura,2002-03-10,business,2023-10-25
C008160,Nitesh,Krishna,dalalabdul@example.net,Chandrapur,Bihar,1987-01-21,Premium,2024-07-10
C008161,Tanvi,Dalal,karanshukla@example.net,Rajkot,Tamil Nadu,1949-04-24,Standard,2023-07-12
C008162,Chandani,Salvi,norizansi@example.org,Kirari Suleman Nagar,West Bengal,1967-06-01,Standard,2025-05-17
C008163,Advika,Talwar,eraman@example.net,Panihati,Kerala,1987-04-29,Premium,2025-09-01
C008164,Naksh,Palla,kannanishwar@example.com,Nadiad,Arunachal Pradesh,1956-02-21,Business,2022-09-16
C008165,Aahana,Cherian,jacobnatarajan@example.com,Ambattur,Goa,1991-03-27,Standard,2024-08-27
C008166,Ayush,Narayanan,kpalla@example.net,Bulandshahr,Meghalaya,1964-03-19,Standard,2024-05-09
C008167,Simon,Raval,kashish04@example.org,Anand,Uttar Pradesh,1992-09-09,Premium,2025-04-28
C008168,Yachana,Bora,ganeshjhalak@example.org,Bhilwara,Madhya Pradesh,1995-12-01,Premium,2024-04-28
C008169,Tarak,Issac,anjaliram@example.com,Bellary,Tamil Nadu,1958-03-27,Standard,2022-06-02
C008170,Nitara,Bora,tbalasubramanian@example.net,Ghaziabad,Kerala,1995-12-05,Premium,2025-07-31
C008171,Xavier,Mishra,shravya40@example.net,Tinsukia,Manipur,1999-08-07,Premium,2025-02-17
C008172,Zayyan,Mitra,jacksonbaral@example.com,Raebareli,Nagaland,1988-11-08,Premium,2025-01-05
C008173,Eta,Mannan,gsen@example.org,Karnal,Maharashtra,1982-03-04,Premium,2022-02-01
C008174,Tejas,Mahal,hvarkey@example.com,Tenali,Haryana,1957-03-25,Business,2023-11-12
C008175,Qushi,Bath,zansi50@example.net,Akola,Arunachal Pradesh,1977-04-10,Premium,2023-01-13
C008176,Farhan,Chaudhuri,chanchalnaidu@example.net,Ajmer,Gujarat,1969-06-20,Standard,2023-07-15
C008177,Advika,Goda,trandhawa@example.net,Korba,Arunachal Pradesh,2001-01-26,Standard,2022-12-20
C008178,Rachit,Nadkarni,yashoda54@example.com,Ozhukarai,Chhattisgarh,2007-02-14,Premium,2022-03-24
C008179,Advaith,Andra,adash@example.net,Bidar,Mizoram,1988-09-17,standard,2022-11-26
C008180,Caleb,Mangal,kapadiaupadhriti@example.net,Anantapuram,Arunachal Pradesh,1975-08-13,Business,2024-02-01
C008181,Idika,Kumer,isaiahdayal@example.org,Kakinada,Punjab,1986-12-12,Business,2022-12-15
C008182,Shivansh,Nayak,bchoudhury@example.com,Muzaffarpur,Punjab,1948-06-10,Premium,2025-06-16
C008183,Triveni,Varkey,jlata@example.net,Rajpur Sonarpur,Assam,1998-05-18,Standard,2023-12-16
C008184,Divya,Batra,ekapadbrahmbhatt@example.com,Chapra,Gujarat,1972-09-01,Premium,2023-06-19
C008185,Amara,Sathe,nikitakhurana@example.org,Noida,West Bengal,1952-08-26,Standard,2024-10-24
C008186,Wazir,Chand,girish42@example.net,Khandwa,Madhya Pradesh,1962-02-28,Standard,2025-02-21
C008187,Ekaja,Sekhon,andrew82@example.net,Hazaribagh,Arunachal Pradesh,1949-06-14,Business,2024-04-12
C008188,Noah,Srivastava,xdhar@example.com,Khora ,Uttarakhand,1995-11-26,standard,2024-02-09
C008189,Aashi,Singh,ghoshnitara@example.org,Aligarh,Jharkhand,1953-01-02,Standard,2024-02-11
C008190,Matthew,Choudhary,hiral89@example.com,Jabalpur,Uttarakhand,2007-02-16,Standard,2025-05-16
C008191,Hardik,Boase,diyasundaram@example.com,Kurnool,Karnataka,1950-02-27,Business,2026-02-18
C008192,Imaran,Shah,uchanda@example.net,Kottayam,Arunachal Pradesh,1979-11-05,Business,2025-03-15
C008193,Nimrat,Lanka,nirjasood@example.net,Nizamabad,Assam,1973-05-14,Standard,2025-10-27
C008194,Mohammed,Thaman,kbakshi@example.net,Karnal,Sikkim,1948-08-01,Premium,2025-05-12
C008195,Amaira,Sule,warhisastry@example.com,Saharsa,Telangana,1950-05-07,Premium,2023-07-13
C008196,Oni,Ganguly,nirjarastogi@example.org,Buxar,Sikkim,1973-04-18,Business,2023-07-05
C008197,Arjun,Din,oeshi53@example.com,Sangli-Miraj & Kupwad,Punjab,1960-01-18,Business,2023-02-26
C008198,Yamini,Dada,tmalhotra@example.org,Nellore,Uttar Pradesh,1992-02-24,Business,2024-07-01
C008199,Aishani,Kalla,dmanda@example.net,Naihati,Jharkhand,1989-06-14,Business,2025-02-20
C008200,Yashvi,Shenoy,pallavi11@example.com,Tirupati,Chhattisgarh,1955-10-27,Premium,2025-12-30
C008201,Ranbir,Vala,ranganathanirya@example.com,Surat,Himachal Pradesh,1986-10-27,Business,2024-05-07
C008202,Ekalinga,Goyal,ladgayathri@example.com,Vadodara,Arunachal Pradesh,1994-06-18,Premium,2025-03-30
C008203,Arya,Wali,srinivasharinakshi@example.org,Guna,Manipur,1991-09-15,Business,2023-04-23
C008204,Avni,Arora,yochana06@example.com,Gudivada,Manipur,1980-07-06,Premium,2025-05-30
C008205,Hitesh,Kalita,vanyasachdev@example.com,Saharsa,Himachal Pradesh,2001-07-10,Business,2023-11-26
C008206,Jalsa,Kohli,fgera@example.net,Gorakhpur,Tamil Nadu,1991-05-05,Premium,2024-04-01
C008207,Veda,Kalita,ikbal37@example.net,Navi Mumbai,Maharashtra,1977-04-30,Business,2025-11-25
C008208,Balveer,Mohan,bailchakradev@example.com,Kozhikode,Arunachal Pradesh,2008-03-24,Premium,2025-04-04
C008209,Champak,Varma,vincent53@example.org,Bally,Karnataka,1959-09-19,Premium,2026-02-06
C008210,Jeremiah,Srinivasan,ucchalgrewal@example.net,Shimoga,Goa,2000-11-06,Premium,2023-11-29
C008211,Yashica,Deol,daraekalinga@example.net,Vellore,Kerala,1979-12-03,Standard,2026-01-06
C008212,Kai,Kota,harinakshi87@example.net,Lucknow,Goa,1954-05-12,Premium,2025-02-04
C008213,Vedhika,Anand,turvivohra@example.net,Secunderabad,Kerala,1975-05-01,Premium,2023-10-02
C008214,Aarush,Guha,zaidkonda@example.org,Firozabad,Uttarakhand,1951-05-21,Premium,2023-08-05
C008215,Yashasvi,Magar,tanish53@example.com,Ulhasnagar,Karnataka,1997-05-21,Premium,2025-01-13
C008216,Chakrika,Shanker,nihalkarpe@example.org,Lucknow,Manipur,1968-08-29,Business,2024-11-19
C008217,Shivansh,Sen,triyazacharia@example.org,Jamnagar,Maharashtra,1976-04-01,Business,2021-08-29
C008218,Bhavika,Apte,jalsabhagat@example.org,Faridabad,Karnataka,1951-06-11,Premium,2022-06-08
C008219,Banjeet,Bath,jairajchhabra@example.org,Gorakhpur,Tamil Nadu,1969-07-13,Business,2022-12-15
C008220,Vasana,Patel,nchatterjee@example.org,Udupi,Chhattisgarh,2007-03-27,Business,2025-11-04
C008221,Faris,Rege,dsane@example.net,Mathura,Tamil Nadu,1951-03-03,Premium,2021-08-31
C008222,Dayita,Kannan,hhanda@example.com,Satara,Karnataka,1984-11-12,Business,2026-05-23
C008223,Lopa,Barman,ysinghal@example.com,Tiruvottiyur,Rajasthan,2007-02-28,Business,2021-10-31
C008224,Harrison,Sachdev,groverdarika@example.com,Alappuzha,Arunachal Pradesh,1960-04-23,Premium,2022-11-18
C008225,Chatresh,Hari,wriddhishpadmanabhan@example.com,Mahbubnagar,Telangana,1996-08-30,Standard,2025-06-15
C008226,Nandini,Minhas,krishna54@example.net,Akola,Madhya Pradesh,1994-11-04,Business,2023-12-11
C008227,Triya,Basu,balveerratti@example.org,Eluru,Gujarat,2007-03-15,Premium,2026-07-26
C008228,Ekaja,Mander,qdhaliwal@example.com,Agra,Tamil Nadu,2003-05-30,Standard,2025-08-06
C008229,Tanay,Zacharia,hnarain@example.org,Malegaon,Karnataka,1972-03-01,Business,2025-09-14
C008230,Samaksh,Chada,shankernirja@example.net,Ongole,Uttar Pradesh,1973-11-19,Standard,2024-09-23
C008231,Vedant,Issac,naidubhavya@example.net,Tirupati,Goa,1947-04-20,Standard,2025-03-27
C008232,Mugdha,Gala,hvora@example.org,Sangli-Miraj & Kupwad,Madhya Pradesh,1975-04-09,Standard,2024-05-19
C008233,Kala,Devi,minhasfarhan@example.net,Malegaon,Uttar Pradesh,1974-08-10,Business,2025-05-22
C008234,Bimala,Randhawa,amrita15@example.com,Sasaram,Punjab,1993-05-11,Business,2026-05-01
C008235,Anmol,Bir,hamsini05@example.com,Jamshedpur,Andhra Pradesh,1968-04-23,Premium,2024-05-27
C008236,Oliver,Ratti,dhruv01@example.org,Panihati,Karnataka,1964-04-01,Business,2023-12-11
C008237,Alka,Sabharwal,sodhiurvi@example.net,Varanasi,Maharashtra,1961-10-03,Premium,2025-08-30
C008238,Umang,Ramanathan,bhallachanchal@example.org,Guwahati,Sikkim,1987-10-06,Standard,2025-03-20
C008239,Hitesh,Arya,warhi76@example.com,Agartala,Uttarakhand,1997-07-24,Premium,2025-02-24
C008240,Damini,Hayre,nicholas02@example.com,Serampore,Tripura,1959-10-17,Standard,2023-09-24
C008241,Kavya,Ravel,bhagatveda@example.net,Surendranagar Dudhrej,Maharashtra,1982-11-09,Premium,2025-01-22
C008242,Forum,Hayre,finnpatel@example.org,Parbhani,Haryana,1997-08-17,Business,2025-07-19
C008243,Warda,D’Alia,barkhakala@example.net,Sonipat,West Bengal,1959-05-26,Standard,2022-02-23
C008244,Jeet,Pant,labandhingra@example.net,Dehradun,Manipur,1980-03-21,standard,2024-06-07
C008245,Yagnesh,Banik,vedhika56@example.com,Bally,Nagaland,1991-03-15,Standard,2022-08-07
C008246,Ojasvi,Venkataraman,rajagopalnitesh@example.org,Raurkela Industrial Township,Arunachal Pradesh,1973-10-29,Premium,2026-04-23
C008247,Vanya,Kant,vigkamya@example.net,Gorakhpur,Haryana,1974-04-27,Standard,2026-03-12
C008248,Bimala,Tiwari,kritika36@example.org,Bhimavaram,Tripura,1968-04-11,Premium,2024-05-17
C008249,Wyatt,Balan,keerxavier@example.com,Noida,Maharashtra,2007-12-26,Premium,2024-11-30
C008250,Amol,Batta,indali39@example.com,Rajpur Sonarpur,Telangana,2000-11-02,Business,2025-08-17
C008251,Faqid,Mangal,atibali@example.com,Surat,Karnataka,1990-02-27,Business,2025-06-22
C008252,Atharv,Srinivasan,jasmitnadig@example.org,Mangalore,Tamil Nadu,2001-09-30,Standard,2025-04-21
C008253,Dayita,Raman,jeet87@example.net,Saharsa,Punjab,2003-11-15,Business,2026-08-05
C008254,Falguni,Dasgupta,waidatara@example.com,Bilaspur,Sikkim,1961-02-14,Business,2023-12-06
C008255,Vinaya,Gera,yochanamunshi@example.com,Kumbakonam,Tamil Nadu,2000-07-06,Premium,2022-03-23
C008256,Nitesh,Choudhury,amall@example.org,Lucknow,Uttar Pradesh,1978-01-26,Business,2024-10-12
C008257,Arunima,Barman,ekalingagaba@example.com,Davanagere,Telangana,1949-09-22,Premium,2022-01-09
C008258,Zashil,Randhawa,jagdishdora@example.com,Khora ,Maharashtra,1989-04-18,Premium,2022-10-05
C008259,Vanya,Sarna,ksethi@example.net,Rohtak,Telangana,1950-08-13,Standard,2025-11-08
C008260,Ekaja,Kapoor,achaudhari@example.com,Kolhapur,Kerala,1958-08-01,Premium,2023-04-05
C008261,Ati,Bhatnagar,jeremiahpanchal@example.com,Bhusawal,Jharkhand,1997-05-31,Standard,2024-02-07
C008262,Veda,Iyengar,wridesh54@example.net,Bhubaneswar,Kerala,2002-10-01,Premium,2024-04-13
C008263,Ranveer,Bains,jraval@example.com,Tinsukia,Nagaland,1961-01-25,Standard,2025-11-28
C008264,Pushti,Amble,onveer10@example.net,Chandigarh,Chhattisgarh,1946-09-09,Standard,2025-12-19
C008265,Vamakshi,Mall,lajita53@example.org,Phusro,Rajasthan,1950-04-04,Premium,2024-09-30
C008266,Harini,Narain,anmol64@example.net,Nizamabad,Karnataka,1948-12-03,Premium,2026-06-08
C008267,Aarav,Vasa,oommenhemangini@example.net,Jhansi,Maharashtra,1993-09-03,Standard,2023-07-11
C008268,Shaurya,Sodhi,xbrar@example.org,Danapur,Haryana,1954-11-27,Premium,2022-11-15
C008269,Idika,Pai,kevin22@example.net,Bhind,Haryana,1966-02-24,Business,2024-05-20
C008270,Jeet,Venkataraman,prashadgopal@example.com,Faridabad,Haryana,1947-06-07,Premium,2023-06-15
C008271,Ekaja,Char,samesh68@example.net,Nellore,Mizoram,1955-11-16,Standard,2022-06-03
C008272,Kamala,Walla,avarma@example.com,Jamalpur,Punjab,1968-10-19,Standard,2026-02-15
C008273,Daniel,Khosla,gardejeremiah@example.org,Bidar,Madhya Pradesh,1968-05-18,Business,2025-02-21
C008274,Eesha,Dyal,ambleronith@example.org,Rewa,Odisha,1951-05-29,Business,2022-08-29
C008275,Frado,Bansal,daniel72@example.com,Kurnool,Gujarat,1987-08-03,Business,2023-06-29
C008276,Jatin,Bassi,abdul16@example.org,Khora ,Uttar Pradesh,1956-02-29,Premium,2023-03-08
C008277,Jagrati,Sant,dkhurana@example.com,Kottayam,Punjab,1968-03-25,Premium,2023-05-15
C008278,Girish,Kapur,brarranveer@example.com,Surendranagar Dudhrej,Manipur,1957-10-29,Business,2025-11-25
C008279,Wridesh,Ramanathan,emajumdar@example.net,Thanjavur,Odisha,1989-11-23,Standard,2021-10-19
C008280,Advik,Biswas,padmanabhanjatin@example.com,Ludhiana,Uttarakhand,1947-09-11,Business,2024-03-02
C008281,Ekiya,Seshadri,tanejaalka@example.com,Durgapur,Sikkim,1972-12-15,Premium,2024-04-22
C008282,Tanvi,Char,adyakale@example.org,Noida,Gujarat,2000-06-17,Premium,2026-06-26
C008283,Charvi,Lal,triyasaxena@example.com,Ambala,Himachal Pradesh,1960-04-08,Premium,2022-12-12
C008284,Umang,Devan,qdave@example.org,Haridwar,Uttar Pradesh,2000-09-30,Premium,2024-03-10
C008285,Lohit,Tata,vrinda83@example.org,Kirari Suleman Nagar,Assam,1957-12-17,premium,2021-10-06
C008286,Maanas,Yogi,praneelwali@example.org,Rampur,Gujarat,2007-08-09,Standard,2021-11-28
C008287,Ekanta,Bhatti,ibadami@example.net,Durgapur,Uttarakhand,1946-08-10,Business,2025-12-01
C008288,Samarth,Chakraborty,jatin80@example.net,Thiruvananthapuram,Punjab,1975-07-25,Standard,2024-10-16
C008289,Bina,Majumdar,urvashi60@example.net,Vijayawada,Gujarat,1982-01-29,Business,2021-11-30
C008290,Urishilla,Prasad,hemangbains@example.net,Bhiwandi,Punjab,1953-01-20,Standard,2026-03-13
C008291,Yash,Anne,fseshadri@example.org,Kadapa,Punjab,1990-10-08,Business,2026-03-10
C008292,Januja,Bhat,arunima75@example.org,Rourkela,Bihar,1981-06-04,Premium,2026-04-23
C008293,Jack,Jain,bahadurjittiwari@example.net,Moradabad,Jharkhand,1994-06-30,Premium,2025-02-08
C008294,Chaitanya,Sankaran,nidra16@example.com,Kishanganj,Jharkhand,1979-12-11,Business,2025-12-05
C008295,Advik,Mital,henry67@example.com,Raebareli,Manipur,1964-07-09,Business,2022-03-29
C008296,Dalaja,Kapadia,anika37@example.com,Nellore,Gujarat,1967-05-16,Premium,2021-11-16
C008297,Maya,Bhagat,arunimachandran@example.net,Ichalkaranji,Bihar,2006-10-01,Business,2022-02-21
C008298,Osha,Dass,luke05@example.com,Bhusawal,Andhra Pradesh,1989-05-29,Business,2023-03-18
C008299,Damyanti,Bail,devanshchander@example.org,Serampore,Meghalaya,1988-09-29,Standard,2025-04-26
C008300,Ishani,Chacko,ramaaashi@example.net,Dibrugarh,Nagaland,1959-11-20,Premium,2022-07-23
C008301,Lavanya,Gopal,tsathe@example.com,Aligarh,Chhattisgarh,1981-11-05,Premium,2022-11-07
C008302,Zansi,Dutt,urishillabaria@example.com,Udupi,Kerala,1958-12-23,Premium,2025-08-12
C008303,Bhavika,Golla,peter30@example.org,Ambattur,Telangana,1947-05-01,Standard,2024-09-07
C008304,Chakradhar,Hayre,anshdyal@example.net,Korba,Tamil Nadu,1990-06-09,Standard,2026-06-09
C008305,Manbir,Zachariah,vidhi08@example.com,Giridih,Karnataka,1956-01-11,Business,2026-03-13
C008306,Rachit,Mall,udyatiminhas@example.net,Panchkula,Odisha,1963-06-06,Business,2023-11-23
C008307,Harsh,Barad,daksh90@example.net,Rohtak,Jharkhand,1959-07-17,Business,2026-05-16
C008308,Osha,Bail,xitideshpande@example.org,Mathura,Karnataka,2002-03-18,Premium,2024-01-15
C008309,Jackson,Reddy,abail@example.net,Asansol,Rajasthan,1949-06-04,Standard,2022-12-19
C008310,Lavanya,Mane,abha60@example.org,Shahjahanpur,Odisha,1956-06-15,Premium,2026-07-11
C008311,Jeremiah,Bains,munimax@example.org,Medininagar,Karnataka,1959-10-22,Premium,2025-06-01
C008312,Eesha,Pathak,nishachacko@example.net,Munger,Madhya Pradesh,1985-11-06,Premium,2025-11-09
C008313,Dayita,Chana,chanasanaya@example.org,Serampore,Jharkhand,2005-01-18,Standard,2025-10-25
C008314,Tanvi,Badal,adave@example.org,Bareilly,Madhya Pradesh,1981-09-06,Premium,2023-06-14
C008315,Warjas,Karpe,goswamibishakha@example.net,Motihari,Odisha,1976-12-06,Business,2024-06-23
C008316,Zayan,Rai,atwalharsh@example.org,Haldia,Goa,1965-10-07,Premium,2025-03-17
C008317,Ridhi,Ahluwalia,smangat@example.com,Gandhidham,Madhya Pradesh,1951-01-17,Premium,2026-02-23
C008318,Yauvani,Buch,diyaacharya@example.com,Satna,Himachal Pradesh,1974-09-24,Standard,2024-01-19
C008319,Fiyaz,Mohanty,qsachdev@example.com,Delhi,Uttar Pradesh,1977-10-28,Standard,2022-06-21
C008320,Devansh,Bassi,ijayapandya@example.net,Machilipatnam,Sikkim,1954-09-25,Standard,2023-05-06
C008321,Zaid,Morar,hagate@example.net,Siliguri,Odisha,1985-11-11,Standard,2025-08-25
C008322,Yash,Kumar,vsoman@example.org,Davanagere,Nagaland,1953-09-22,Standard,2022-05-26
C008323,Inaya,Apte,avig@example.org,Dharmavaram,Uttar Pradesh,1974-02-27,Business,2025-10-09
C008324,Neelima,Srinivas,nimratbath@example.net,Thanjavur,Goa,1964-05-28,Standard,2023-01-10
C008325,Dalbir,Raj,jrastogi@example.com,Solapur,Andhra Pradesh,2008-07-17,Premium,2025-12-07
C008326,Janaki,Warrior,yastimukhopadhyay@example.com,Kavali,Madhya Pradesh,1964-10-06,Business,2024-05-19
C008327,Upma,Vasa,lhayre@example.org,Hospet,Punjab,1952-08-13,Standard,2024-06-21
C008328,Ekanta,Prabhu,tbava@example.com,Raipur,Madhya Pradesh,1986-03-22,Business,2026-02-28
C008329,Frado,Mangal,darsh08@example.com,Dharmavaram,Mizoram,1946-03-03,standard,2023-07-01
C008330,Peter,Krishnamurthy,handaviraj@example.org,Phagwara,Manipur,1948-11-28,Business,2026-04-02
C008331,Rohan,Karan,amrita58@example.net,Unnao,Himachal Pradesh,1990-04-12,Business,2024-07-20
C008332,Matthew,Rao,ikbal41@example.com,Eluru,Himachal Pradesh,1993-12-27,Standard,2026-07-16
C008333,Anamika,Seshadri,zaidchowdhury@example.net,Sambhal,Chhattisgarh,1974-01-15,Business,2022-04-12
C008334,Jai,Kakar,yashasvi62@example.net,Dharmavaram,Andhra Pradesh,1990-03-10,Business,2022-10-01
C008335,Sudiksha,Bhalla,jbabu@example.com,Durgapur,Meghalaya,1970-05-14,Standard,2022-02-16
C008336,Falguni,Deep,zoak@example.org,Singrauli,Uttar Pradesh,1994-05-30,Premium,2026-02-11
C008337,Bishakha,Zachariah,widishasaraf@example.com,Bilaspur,West Bengal,1956-06-23,Premium,2024-09-20
C008338,Fariq,Yogi,doctoryuvraj@example.com,Bhopal,Haryana,1979-06-07,Standard,2022-03-19
C008339,Falak,Narayan,ranveer92@example.net,Nanded,West Bengal,1967-08-09,Standard,2021-12-03
C008340,Mekhala,Narayan,mprakash@example.net,Eluru,Himachal Pradesh,1965-12-30,Standard,2022-10-16
C008341,Ayushman,Dhillon,lavanyanatarajan@example.com,Srikakulam,Jharkhand,1961-09-01,Standard,2024-04-15
C008342,Isaac,Deol,loyalkamya@example.net,Hubli–Dharwad,Goa,1981-06-16,Standard,2023-07-04
C008343,Fiyaz,Sur,aashikibe@example.com,Tirunelveli,Himachal Pradesh,1994-11-26,Standard,2023-10-30
C008344,Alexander,Patil,kadakialakshmi@example.com,Bilaspur,Jharkhand,1997-09-21,Business,2022-08-09
C008345,Patrick,Nair,unnikurian@example.com,Bongaigaon,Maharashtra,1957-06-18,Standard,2025-05-02
C008346,Chakradhar,Minhas,ldhaliwal@example.net,Bhalswa Jahangir Pur,Chhattisgarh,1995-04-12,Business,2023-05-30
C008347,Kala,Radhakrishnan,hmukhopadhyay@example.com,Sangli-Miraj & Kupwad,Jharkhand,1960-12-25,Standard,2025-11-06
C008348,Pratyush,Reddy,bailronith@example.com,Tirunelveli,Odisha,2007-06-29,Standard,2022-03-08
C008349,Darsh,Chada,zayyan83@example.net,Thane,Nagaland,2007-07-27,Premium,2023-09-20
C008350,Jai,Mukherjee,yash16@example.org,Malegaon,Nagaland,1953-06-11,Business,2026-04-27
C008351,Vrinda,Dass,anitadalia@example.com,Shimla,Maharashtra,1980-09-01,Business,2021-09-29
C008352,Henry,Koshy,jhalak51@example.net,Visakhapatnam,Tamil Nadu,1988-10-19,Standard,2022-07-27
C008353,Matthew,Arora,pradhanhredhaan@example.com,Chinsurah,Arunachal Pradesh,2000-08-10,Premium,2022-02-01
C008354,Vasatika,Nadig,mitesh65@example.com,Ambattur,Odisha,1959-08-21,Standard,2024-01-18
C008355,Oeshi,Merchant,ssahota@example.com,Kishanganj,Uttarakhand,1946-10-19,Standard,2023-07-07
C008356,Jairaj,Anand,qadimrandhawa@example.net,Muzaffarnagar,Karnataka,1981-12-04,Premium,2024-04-09
C008357,Nikita,Bandi,latavyanjana@example.org,Mathura,Uttarakhand,1972-03-30,Business,2026-07-07
C008358,Ubika,Tiwari,ksaha@example.net,Aurangabad,Uttar Pradesh,1953-08-26,Premium,2025-08-27
C008359,Urvi,Datta,wmukhopadhyay@example.net,Jalna,Tripura,1967-01-09,Premium,2024-01-23
C008360,Neelima,Kar,bahadurjit72@example.org,Jehanabad,Himachal Pradesh,1991-03-25,Standard,2024-11-28
C008361,Urishilla,Konda,lajita50@example.net,Raurkela Industrial Township,West Bengal,1982-08-02,Premium,2024-04-01
C008362,Nitara,Master,sidhuoeshi@example.com,Etawah,Uttarakhand,1960-06-02,Standard,2023-04-15
C008363,Oscar,Bora,hardikkhare@example.com,Vellore,Uttar Pradesh,1988-04-20,premium,2026-05-13
C008364,Warhi,Rajagopal,karancharan@example.org,Nanded,Tripura,1968-03-24,Premium,2025-06-27
C008365,Gautam,Om,rajuaayush@example.org,Fatehpur,Madhya Pradesh,1946-04-07,Premium,2026-04-10
C008366,Lucky,Prabhu,gokhalerayaan@example.org,Korba,Tripura,1974-10-15,Standard,2022-05-19
C008367,Nisha,Majumdar,kharelaban@example.com,Bareilly,Sikkim,1957-05-11,Business,2024-04-15
C008368,Veer,Koshy,jagvidas@example.net,Singrauli,Bihar,1971-01-23,Business,2023-03-23
C008369,Shaurya,Arora,dasguptaandrew@example.org,Ulhasnagar,West Bengal,2008-04-26,Business,2024-11-29
C008370,Tanay,Sarma,girishnarayanan@example.org,Dewas,Bihar,1969-03-04,Standard,2021-08-18
C008371,Samarth,Mangat,pratyushrama@example.com,Bhusawal,Uttarakhand,1964-11-26,Business,2024-03-21
C008372,Prisha,Sant,harita21@example.org,Guwahati,Rajasthan,1974-09-26,Business,2026-01-19
C008373,Ishani,Hans,vyanjana85@example.com,Ujjain,Assam,1952-06-22,Premium,2022-02-03
C008374,Yash,Kala,manangill@example.org,Tiruchirappalli,Sikkim,1995-07-31,Premium,2023-10-12
C008375,Rajeshri,Sama,maanavpalan@example.org,Kakinada,Assam,1961-03-27,Business,2025-03-12
C008376,Umang,Wadhwa,falak31@example.org,Tadepalligudem,Goa,1982-08-16,Standard,2025-05-20
C008377,Radhika,Tella,piyengar@example.com,Panihati,Arunachal Pradesh,1960-08-13,Standard,2025-09-01
C008378,Yashasvi,Dass,ygara@example.net,Karnal,Uttarakhand,1994-10-25,Premium,2022-09-11
C008379,Lila,Taneja,thomas55@example.org,Sri Ganganagar,Chhattisgarh,1948-07-28,Business,2026-04-29
C008380,Kiaan,Kibe,ladlibarman@example.com,Buxar,Manipur,1998-08-25,Standard,2023-05-13
C008381,Vasudha,Memon,kuruvillaisaiah@example.net,Chennai,Mizoram,1954-05-31,Standard,2022-12-09
C008382,Mugdha,Viswanathan,vamakshibahl@example.com,Jalna,Bihar,1996-11-11,Standard,2025-07-11
C008383,Praneel,Anand,xavier43@example.org,Sasaram,Odisha,1948-11-15,Business,2023-01-11
C008384,Zayan,Lal,birbenjamin@example.com,Karawal Nagar,Jharkhand,1991-03-11,Business,2025-02-02
C008385,Xavier,Dixit,agrawalwarda@example.net,Amroha,Mizoram,1971-08-15,Business,2024-11-16
C008386,Ojasvi,Nagy,gatwal@example.com,Meerut,Gujarat,1992-12-25,Standard,2025-04-20
C008387,Vrinda,Ray,urvigarde@example.net,Tirupati,Uttarakhand,2001-07-24,Standard,2022-02-07
C008388,Harinakshi,Kala,arjun27@example.org,Durgapur,Maharashtra,1949-09-03,Premium,2025-06-18
C008389,Abdul,Nanda,rajatabobal@example.org,Burhanpur,Karnataka,1965-01-11,Standard,2024-08-02
C008390,Suhani,Bhat,adyadhingra@example.org,Pali,Gujarat,1995-07-25,Business,2024-02-27
C008391,Yuvraj,Varma,advikakrish@example.org,Ramgarh,Madhya Pradesh,1978-03-31,Business,2024-06-06
C008392,Kiaan,Ratti,triptiacharya@example.org,Ambala,Telangana,1957-03-09,Standard,2021-11-25
C008393,Luke,Shankar,anushachoudhury@example.com,Durg,Madhya Pradesh,1979-09-09,Business,2025-02-03
C008394,Reva,Jaggi,atwalvivaan@example.com,Vadodara,Karnataka,1970-09-01,Premium,2023-10-14
C008395,Kiaan,Lanka,triyamalhotra@example.com,Chennai,Telangana,1999-08-10,Premium,2023-01-21
C008396,Hritik,Goel,timothy91@example.net,Raurkela Industrial Township,Assam,1949-07-18,Premium,2024-09-02
C008397,Reyansh,Parsa,indalijaggi@example.net,Bhimavaram,Kerala,1971-11-16,Business,2023-05-21
C008398,Gautam,Bhardwaj,trivedidarika@example.com,Tiruppur,Himachal Pradesh,2005-08-19,Business,2026-03-29
C008399,Jacob,Kala,devyogi@example.com,Kumbakonam,Haryana,1948-03-24,Standard,2023-10-19
C008400,Pallavi,Pillay,balanmanya@example.com,Hyderabad,West Bengal,1946-11-22,Standard,2024-02-18
C008401,Raksha,Sama,narayananhenry@example.com,Gandhidham,Manipur,1991-07-06,Standard,2025-06-28
C008402,Wridesh,Rana,kadakiamichael@example.com,Warangal,Jharkhand,1947-03-12,Standard,2025-12-06
C008403,Kavya,Hans,rachana12@example.com,Unnao,Haryana,1970-04-15,Business,2023-09-10
C008404,Faris,Purohit,csawhney@example.net,Saharsa,Telangana,1974-04-07,Standard,2023-11-13
C008405,Naksh,Venkataraman,achahal@example.org,Shahjahanpur,Kerala,2007-01-04,Standard,2023-02-07
C008406,Dayita,Patel,qyohannan@example.org,Alwar,Haryana,1971-12-28,Premium,2023-03-16
C008407,Vivaan,Shanker,unnatidesai@example.org,Silchar,Meghalaya,1953-05-18,Business,2022-04-05
C008408,Anvi,Shanker,lavanya41@example.com,Loni,Nagaland,2001-08-25,Business,2023-02-25
C008409,Gaurav,Natt,lukeuppal@example.net,Kalyan-Dombivli,Bihar,1999-10-16,Premium,2021-10-08
C008410,Ekansh,Biswas,hema92@example.org,Giridih,Mizoram,1963-09-30,Business,2022-01-06
C008411,Victor,Muni,yashawini82@example.org,Proddatur,Himachal Pradesh,1953-12-06,Standard,2026-04-12
C008412,Avni,Vasa,lakshitagarwal@example.org,Motihari,Assam,1979-10-13,Business,2022-03-08
C008413,Hema,Kara,brinda54@example.org,Berhampore,Himachal Pradesh,1996-08-12,Business,2024-12-17
C008414,Dalaja,D’Alia,jmodi@example.com,Nanded,Tripura,1967-06-16,Standard,2024-03-05
C008415,Umang,Garg,bhallaqadim@example.org,Tumkur,Sikkim,2003-06-15,Premium,2026-08-02
C008416,Aarini,Tripathi,veerrau@example.com,South Dumdum,Bihar,1979-01-01,Premium,2024-08-17
C008417,Netra,Setty,bhaktanetra@example.net,Kollam,Karnataka,1987-07-21,Premium,2025-03-24
C008418,Amaira,Chandran,osachdeva@example.net,Raurkela Industrial Township,Odisha,1993-07-07,Standard,2021-12-02
C008419,Dominic,Sem,tsundaram@example.org,Kalyan-Dombivli,Goa,1958-12-22,Premium,2025-04-06
C008420,Jhalak,Aggarwal,froy@example.org,Morbi,Tripura,1976-12-25,Standard,2021-11-11
C008421,Ubika,Soni,tkamdar@example.com,Phagwara,Madhya Pradesh,1993-03-22,Business,2022-12-05
C008422,Lavanya,Ganesan,chadjhalak@example.org,Guna,Sikkim,1958-08-17,Standard,2021-08-14
C008423,Chanakya,Nagar,dhaliwaleta@example.net,Mango,Chhattisgarh,1984-12-05,Standard,2023-08-27
C008424,Faris,Hari,vyasadvika@example.com,Munger,Odisha,1977-05-01,Business,2022-08-03
C008425,Amol,Merchant,oscar51@example.com,Deoghar,Assam,1962-05-14,Standard,2025-01-24
C008426,Upadhriti,Dugar,subramaniamalexander@example.net,Allahabad,Gujarat,1948-11-19,Premium,2024-07-27
C008427,Ishwar,Lala,praneelbabu@example.net,Aurangabad,Meghalaya,1945-12-23,Premium,2024-04-01
C008428,Girindra,Kala,yuvrajmannan@example.com,Mangalore,Assam,1960-09-26,Business,2026-06-16
C008429,Brijesh,Sule,diyagade@example.com,Panihati,West Bengal,1970-07-10,Business,2024-03-25
C008430,Mekhala,Badal,dhriti04@example.org,Aurangabad,Haryana,1966-03-20,Standard,2026-01-24
C008431,Peter,Om,aradhana25@example.net,Howrah,Arunachal Pradesh,2001-06-20,Business,2024-11-25
C008432,Ethan,Ghose,ira86@example.net,Srikakulam,Tamil Nadu,1957-09-04,Business,2026-04-13
C008433,Ansh,Divan,madanishwar@example.org,Sonipat,Uttar Pradesh,1986-07-16,Standard,2024-10-03
C008434,Eshana,Seth,xmand@example.net,Vijayanagaram,Mizoram,1957-11-06,Business,2022-08-06
C008435,Januja,Tailor,mangalsai@example.com,Katihar,Tamil Nadu,1958-02-11,Standard,2024-06-29
C008436,Tejas,Goel,lakshmiminhas@example.net,Srikakulam,Maharashtra,1996-08-15,Business,2022-05-17
C008437,Upma,Chowdhury,wgulati@example.org,Hubli–Dharwad,Nagaland,1960-03-31,Standard,2026-06-28
C008438,Dhruv,Naidu,anshdoctor@example.com,Madanapalle,Gujarat,1974-09-18,Premium,2025-01-11
C008439,Ansh,Issac,parthbajaj@example.net,Dindigul,Telangana,1996-04-25,Business,2026-04-21
C008440,Pranit,Banerjee,siddharth63@example.net,Howrah,Mizoram,1964-08-26,Standard,2025-06-08
C008441,Mohammed,Brahmbhatt,rdubey@example.com,Nadiad,Uttar Pradesh,1965-10-09,Standard,2022-05-04
C008442,Bahadurjit,Mandal,zayanganesan@example.net,Bhimavaram,Uttar Pradesh,1969-03-03,Standard,2022-03-22
C008443,Pranav,Mitra,mnair@example.com,Loni,Haryana,1967-10-14,Premium,2025-01-30
C008444,Kiaan,Bhargava,cheemaupadhriti@example.org,Dindigul,Punjab,1946-11-26,Business,2025-02-23
C008445,Brijesh,Krishna,hdesai@example.com,Kharagpur,Punjab,1978-07-02,Business,2025-07-06
C008446,Libni,Bora,gopal57@example.net,Tinsukia,Chhattisgarh,1973-08-28,Standard,2025-07-02
C008447,Nirja,Contractor,yashodhara85@example.net,Ramgarh,Nagaland,1962-11-26,Standard,2024-02-25
C008448,Vedant,Ratta,aarnav33@example.org,Jaipur,Telangana,1976-05-14,Standard,2025-10-26
C008449,Ansh,Wali,harishdesai@example.net,Kharagpur,Assam,2005-06-12,Standard,2022-07-13
C008450,Shivansh,Sami,ghoshikbal@example.org,Satara,Mizoram,1977-10-09,Business,2026-03-27
C008451,Amara,Kalita,nagyqadim@example.com,Kurnool,Uttar Pradesh,2003-03-12,Premium,2024-12-07
C008452,Gavin,Ravi,aprabhakar@example.com,Bidar,Maharashtra,1979-09-23,Business,2022-07-01
C008453,Maanav,Nagi,gabrielmody@example.com,Pondicherry,Karnataka,1968-04-24,Premium,2025-04-30
C008454,Triya,Dayal,ethaker@example.org,Ratlam,Mizoram,1989-01-14,Standard,2025-06-03
C008455,Anay,Bala,goswamijason@example.org,Danapur,Karnataka,1972-08-19,Standard,2024-07-07
C008456,Hemang,Rastogi,ayushman39@example.org,Miryalaguda,West Bengal,1955-01-26,Business,2025-02-03
C008457,Simon,Balasubramanian,ldash@example.com,Gandhidham,Uttarakhand,1957-01-10,Premium,2022-02-14
C008458,Odika,Pillai,inatt@example.com,Sonipat,Telangana,2006-10-10,Premium,2023-08-10
C008459,Isaiah,Vala,oscardoctor@example.com,Mysore,Goa,1967-08-22,Business,2026-03-21
C008460,Samaksh,Bal,dasguptabhanumati@example.org,Jaunpur,Andhra Pradesh,1993-08-04,Business,2023-01-16
C008461,Jack,Thakur,bhaktasamaksh@example.com,Dindigul,Nagaland,1961-09-07,Standard,2025-06-14
C008462,Isaiah,Kala,mishraamaira@example.net,Ulhasnagar,Andhra Pradesh,1968-02-07,Premium,2023-08-19
C008463,Tejas,Verma,ekalinga62@example.com,Junagadh,Gujarat,1965-08-21,Premium,2023-03-20
C008464,Onveer,Tripathi,aarnakhosla@example.com,Bhusawal,Tripura,1961-11-09,Premium,2022-04-04
C008465,Nidra,Keer,akurian@example.org,Indore,Madhya Pradesh,1959-10-08,Premium,2022-05-10
C008466,Fiyaz,Rege,amol76@example.com,Vijayawada,Meghalaya,1988-07-26,Business,2023-06-26
C008467,Gaurang,Vaidya,benjaminmodi@example.net,Ichalkaranji,Odisha,1968-04-22,Business,2022-04-23
C008468,Qushi,Kade,ucchalraghavan@example.net,Kottayam,Sikkim,1980-05-19,Business,2021-10-18
C008469,Pranav,Agrawal,ldora@example.org,Bikaner,Telangana,1958-06-18,Premium,2025-10-04
C008470,Jai,Suresh,kumarshivani@example.org,Suryapet,Chhattisgarh,1970-08-15,Standard,2024-07-13
C008471,Ekapad,Bumb,smukhopadhyay@example.org,Ujjain,Andhra Pradesh,1946-07-11,Business,2022-11-11
C008472,Sathvik,Khosla,ekapad40@example.net,Ambarnath,Himachal Pradesh,1957-07-11,Premium,2026-06-20
C008473,Amrita,Manne,udarshsangha@example.com,Farrukhabad,Manipur,1979-01-30,Standard,2026-05-12
C008474,Tamanna,Kanda,zsachdeva@example.com,Khammam,Telangana,1999-06-26,Standard,2024-05-30
C008475,Wishi,Sandhu,virkjacob@example.org,Panchkula,Goa,1973-07-14,Business,2023-07-24
C008476,Ekaraj,Srivastava,tanmayi97@example.com,Bhatpara,Mizoram,2000-01-30,Premium,2022-07-07
C008477,Nandini,Sinha,henry71@example.com,Sambalpur,Mizoram,1982-01-22,Business,2025-07-01
C008478,Anjali,Sheth,hseshadri@example.com,Kamarhati,Nagaland,1951-06-01,Business,2021-12-06
C008479,Anvi,Toor,kalenicholas@example.com,Ratlam,Kerala,1983-07-16,Standard,2026-01-31
C008480,Aarna,Datta,hemamurty@example.com,Nizamabad,Bihar,1971-05-29,Standard,2025-06-13
C008481,Vedant,Khanna,loyalimaran@example.net,North Dumdum,Chhattisgarh,1991-06-16,Standard,2025-07-10
C008482,Yachana,Dewan,shettynathan@example.com,Ratlam,Tripura,1961-07-07,Premium,2021-11-25
C008483,Aarush,Muni,kritikatailor@example.org,New Delhi,Kerala,1999-01-22,Premium,2022-07-16
C008484,Hardik,Deol,sanayasrivastava@example.net,Nangloi Jat,Mizoram,1968-12-23,Standard,2025-07-09
C008485,Leena,Seth,jai61@example.org,Hospet,Madhya Pradesh,1979-02-11,Premium,2022-07-29
C008486,Indrajit,Sandal,rbalay@example.net,Udupi,Meghalaya,1982-10-14,Business,2023-11-01
C008487,Brijesh,Chahal,urvi80@example.net,Dhanbad,Telangana,1953-03-31,Standard,2021-08-23
C008488,Sara,Narayan,sathvik78@example.net,Karawal Nagar,Haryana,1983-12-08,Business,2025-12-20
C008489,Falan,Shere,jack91@example.org,Arrah,Tripura,1951-02-16,Business,2022-05-14
C008490,Watika,Ramaswamy,om33@example.net,North Dumdum,Bihar,1957-03-22,Business,2023-03-02
C008491,Varenya,Chaudhari,gbir@example.net,Srikakulam,Sikkim,1974-07-05,Standard,2025-02-13
C008492,Ucchal,Padmanabhan,chandreshsubramaniam@example.net,Katni,Tamil Nadu,1950-06-25,Business,2024-08-13
C008493,Falguni,Brahmbhatt,ishanvinath@example.org,Rajahmundry,Madhya Pradesh,1979-07-21,Standard,2023-12-18
C008494,Zayyan,Dar,yashvinath@example.org,Chittoor,Karnataka,1950-07-11,Premium,2022-11-29
C008495,Eshana,Reddy,sai47@example.net,Pallavaram,Sikkim,1994-09-09,Business,2024-12-14
C008496,Wahab,Lanka,khannaindrajit@example.org,Chinsurah,Bihar,1976-03-24,Business,2026-01-07
C008497,Hemal,Bhasin,roza@example.net,Bahraich,Telangana,1968-04-08,Standard,2024-06-29
C008498,Pavani,Gola,lakshit02@example.com,Kulti,Uttarakhand,1989-07-04,Business,2024-04-18
C008499,Vedhika,Sawhney,chandhenry@example.org,Miryalaguda,Andhra Pradesh,1970-06-22,Premium,2026-03-08
C008500,Gautam,Thaman,cherianjairaj@example.net,Bangalore,Manipur,1977-01-28,Business,2024-05-16
C008501,Watika,Kota,chavvigoyal@example.net,Muzaffarnagar,Madhya Pradesh,1971-12-04,Business,2024-06-16
C008502,Devansh,Sethi,unnati82@example.com,Cuttack,Andhra Pradesh,1993-02-27,Premium,2022-05-14
C008503,Bahadurjit,Iyer,kiaangour@example.com,Gwalior,Tamil Nadu,1970-05-09,Premium,2023-04-28
C008504,Vincent,Mody,ychoudhry@example.net,Shimoga,Haryana,1994-10-23,Business,2023-05-20
C008505,Upadhriti,Thakkar,urmibahri@example.com,Vasai-Virar,Tripura,1958-11-02,Premium,2026-04-10
C008506,Dhriti,Om,saumyade@example.com,Mau,Bihar,1999-12-06,Standard,2023-12-26
C008507,Amaira,Lad,mitraanmol@example.org,Gurgaon,Punjab,1947-07-18,Premium,2024-02-01
C008508,Lopa,Shukla,vidhisridhar@example.net,Bathinda,Telangana,1967-01-03,Business,2026-01-09
C008509,Zayyan,Sama,mammentanvi@example.org,Siwan,Arunachal Pradesh,1958-07-23,Premium,2023-09-27
C008510,Yamini,Palla,inagi@example.com,Ambattur,Uttarakhand,1987-04-04,Business,2024-12-17
C008511,Tejas,Sachar,harishbhalla@example.com,Arrah,Tripura,1976-11-19,Business,2025-10-10
C008512,Abdul,Kalita,rachita67@example.org,Ulhasnagar,Arunachal Pradesh,1969-08-05,Premium,2026-01-12
C008513,Aryan,De,ubika52@example.org,Shimoga,Andhra Pradesh,1985-02-19,Premium,2024-07-24
C008514,Aashi,Chana,kashvi77@example.com,Mirzapur,Arunachal Pradesh,1997-05-11,Standard,2026-07-16
C008515,Udant,Handa,waida17@example.net,Nizamabad,Arunachal Pradesh,2006-03-21,Standard,2025-04-17
C008516,Baljiwan,Chadha,omisharam@example.com,Bhiwandi,Chhattisgarh,1976-07-12,Premium,2026-05-19
C008517,Ryan,Bhasin,abeerandra@example.org,Kirari Suleman Nagar,Chhattisgarh,1972-01-27,Standard,2022-02-26
C008518,Zayan,Deshpande,yashodhara15@example.net,Coimbatore,Madhya Pradesh,1949-09-14,Premium,2022-02-08
C008519,Yatin,Chahal,ppingle@example.net,Muzaffarnagar,Nagaland,1982-08-02,Business,2024-02-01
C008520,Hiral,Kota,vidhi06@example.org,Ambattur,Bihar,1965-10-28,Business,2026-08-06
C008521,Aayush,Deol,ria46@example.org,Nadiad,Manipur,1987-05-06,Standard,2025-06-10
C008522,Dhriti,Bera,charles69@example.net,Malda,Madhya Pradesh,1989-07-29,Business,2026-05-30
C008523,Ayushman,Devan,bhavna41@example.com,Khammam,Madhya Pradesh,2005-08-20,Premium,2022-05-13
C008524,Manya,Shanker,imuni@example.com,Hajipur,Haryana,1953-08-01,Business,2025-12-07
C008525,Januja,Borde,sathealka@example.com,Kanpur,Goa,1985-01-04,Standard,2025-03-22
C008526,Utkarsh,Bedi,varshabala@example.org,Mathura,Sikkim,1970-06-19,Standard,2022-04-27
C008527,Edhitha,Talwar,jagrati20@example.com,Akola,Gujarat,1997-04-18,Business,2025-11-13
C008528,Pratyush,Ramaswamy,ucchal70@example.org,Alappuzha,Nagaland,1989-07-25,Business,2024-09-07
C008529,Kashvi,Baral,osathe@example.com,Gangtok,Karnataka,1951-02-28,Business,2022-01-30
C008530,Ria,Raghavan,dev87@example.com,Madanapalle,Andhra Pradesh,1949-07-16,Premium,2023-05-02
C008531,Gunbir,Chacko,nirja93@example.net,Visakhapatnam,Uttarakhand,1992-10-27,Standard,2023-07-14
C008532,Bhavini,Natarajan,chakradharmistry@example.net,Bahraich,Sikkim,2002-11-06,Business,2023-02-28
C008533,Janya,Bahri,kalamittal@example.org,Panipat,West Bengal,1988-06-29,Business,2024-06-04
C008534,Gayathri,Chander,upadhriti76@example.com,Udupi,Meghalaya,1957-11-14,Premium,2025-04-07
C008535,Tejas,Kadakia,tankaarini@example.net,Bhatpara,Himachal Pradesh,1950-08-03,Premium,2026-05-05
C008536,Prisha,Pillai,bassibrijesh@example.com,Dibrugarh,Rajasthan,1989-09-09,Standard,2025-06-29
C008537,Devansh,Kale,watika34@example.com,Madhyamgram,Sikkim,1951-06-30,Premium,2025-09-20
C008538,Harshil,Sangha,ikshita77@example.net,Etawah,Arunachal Pradesh,1970-12-31,Standard,2026-04-15
C008539,Unni,Sant,tanveer68@example.net,Giridih,Kerala,1980-07-02,Standard,2024-11-12
C008540,Samar,Chad,narainrushil@example.net,Panihati,Tripura,1993-01-05,Premium,2023-03-04
C008541,Nitesh,Dhaliwal,kashishkeer@example.net,Sagar,Nagaland,1981-10-10,Premium,2025-07-11
C008542,Gaurangi,Nath,hsalvi@example.net,Miryalaguda,West Bengal,2007-09-20,Standard,2023-07-29
C008543,Ojas,Nath,jkhalsa@example.net,Ambala,Bihar,1967-03-20,Standard,2025-07-02
C008544,Janaki,Chawla,rachana73@example.org,Chennai,Assam,1999-03-24,Standard,2025-06-20
C008545,Lopa,Sridhar,watikasharma@example.org,Tezpur,Tamil Nadu,1967-07-30,Business,2022-01-02
C008546,Eshana,Jhaveri,pdave@example.com,Nellore,Odisha,1961-12-30,Premium,2023-03-07
C008547,Vasatika,Walla,urishillawali@example.com,Shimoga,Bihar,1985-06-09,Premium,2025-07-09
C008548,Nisha,Sachar,hiral43@example.com,Chandrapur,Himachal Pradesh,1987-12-03,Premium,2021-09-09
C008549,Anika,Kanda,pvig@example.com,Giridih,Meghalaya,1978-12-25,Standard,2022-04-07
C008550,Yuvraj,Dhaliwal,zinal17@example.org,Kurnool,Manipur,2006-09-12,Premium,2024-05-02
C008551,Rohan,Dyal,ekapad27@example.net,Guntur,Rajasthan,1985-08-19,Standard,2023-09-15
C008552,Yauvani,Mohan,mmishra@example.com,Tadepalligudem,Assam,2004-08-13,Premium,2025-04-11
C008553,Janya,Bajwa,ekarajlad@example.net,Kumbakonam,Haryana,1981-05-28,Business,2023-02-12
C008554,Oliver,Hayre,okaur@example.org,Phusro,Nagaland,1984-06-26,Standard,2023-01-07
C008555,Hemangini,Sagar,reddybina@example.com,Kolkata,Sikkim,1968-02-19,Business,2023-06-11
C008556,Zansi,Madan,qpatla@example.com,Kalyan-Dombivli,Tripura,1997-04-19,Business,2025-05-26
C008557,Henry,Dhillon,hlad@example.org,Bokaro,Mizoram,2006-09-22,Standard,2022-08-01
C008558,Chandran,Yadav,tanvirana@example.net,Kanpur,Rajasthan,1980-11-04,Premium,2025-11-26
C008559,Pranit,Yohannan,fnadkarni@example.net,Tezpur,Uttar Pradesh,2005-08-03,Business,2023-05-12
C008560,Amruta,Chanda,warhi71@example.org,Ghaziabad,Assam,1996-01-11,Standard,2025-10-08
C008561,Sai,Sami,cvaidya@example.com,Kirari Suleman Nagar,Odisha,1966-12-14,Business,2022-02-14
C008562,Balendra,Kannan,guneet80@example.net,Raebareli,Karnataka,2007-09-21,Premium,2021-09-01
C008563,Pushti,Wable,tristanbawa@example.org,Rewa,Punjab,1946-01-19,Standard,2025-11-20
C008564,Hemani,Nazareth,luckybhalla@example.net,Tenali,Tripura,1991-04-11,Business,2026-01-12
C008565,Henry,Rai,ravalleela@example.net,Jodhpur,Meghalaya,1998-10-06,Business,2023-02-17
C008566,Kala,Randhawa,rajnitara@example.org,Begusarai,Jharkhand,1951-11-05,Business,2026-06-01
C008567,Aarnav,Bhargava,gouraachal@example.com,Vadodara,Madhya Pradesh,1964-07-03,Standard,2026-01-20
C008568,Samar,Sarraf,jdave@example.org,Tenali,Karnataka,1988-11-09,Standard,2023-08-10
C008569,Rajata,Dani,krishna90@example.net,Dharmavaram,Assam,1946-04-15,Standard,2023-11-11
C008570,Yug,Dasgupta,ubikatoor@example.net,Gudivada,Goa,2000-03-01,Business,2024-02-08
C008571,Forum,Sachar,mugdha38@example.org,Gurgaon,Mizoram,1983-05-30,Business,2021-12-27
C008572,Oni,Srinivas,sdeep@example.com,Gudivada,Odisha,1995-04-14,Premium,2022-01-13
C008573,Yadavi,Merchant,mde@example.org,Darbhanga,Andhra Pradesh,1969-05-14,Business,2024-07-01
C008574,Vaishnavi,Kumer,jagdish04@example.org,Junagadh,Punjab,1949-11-30,Premium,2025-08-20
C008575,Sanaya,Ghosh,fariskapur@example.org,Indore,Andhra Pradesh,1978-07-14,Business,2022-10-10
C008576,Samarth,Barad,gauravde@example.org,Berhampore,Sikkim,2005-06-14,premium,2026-04-04
C008577,Nirja,Dada,agarwaltanay@example.org,Tadipatri,Haryana,1948-10-08,Premium,2024-06-09
C008578,Krisha,Iyer,ltrivedi@example.org,Tinsukia,Rajasthan,1973-06-17,Premium,2025-04-23
C008579,Kavya,Kulkarni,yoshitakrishnan@example.org,Davanagere,Uttar Pradesh,1969-12-19,Standard,2024-07-08
C008580,Gaurav,Dar,roywazir@example.org,Rajkot,West Bengal,1998-05-02,Premium,2024-10-22
C008581,Agastya,Nigam,khalsapeter@example.org,Fatehpur,Manipur,1994-03-28,Premium,2023-01-27
C008582,Warjas,Shroff,,Bareilly,Odisha,1994-03-04,Premium,2024-08-25
C008583,Caleb,Badami,pillayvedant@example.org,Parbhani,Telangana,2000-12-04,Standard,2024-12-18
C008584,Falguni,Babu,michaelgrover@example.net,Bally,Rajasthan,1980-03-15,Business,2024-05-12
C008585,Patrick,Dar,mugdha07@example.net,Satara,Tamil Nadu,1958-08-25,Standard,2026-01-04
C008586,Mitali,Saini,krishidika@example.net,Tirunelveli,Haryana,1996-01-05,Business,2026-06-03
C008587,Amol,Sharaf,umang57@example.com,Katni,Sikkim,2007-11-14,Premium,2023-06-15
C008588,Chameli,Lanka,elijah85@example.org,Kollam,Rajasthan,1990-12-11,Standard,2024-10-05
C008589,Zayyan,Sarin,asarin@example.com,Guntur,Chhattisgarh,2008-07-29,Premium,2025-02-05
C008590,Ekanta,Batra,finntank@example.org,Dharmavaram,Chhattisgarh,1976-01-14,Business,2022-12-24
C008591,Nisha,Raj,ishani45@example.org,Gandhinagar,Uttarakhand,1980-08-19,Premium,2022-01-28
C008592,Falak,Prakash,tanishbumb@example.com,Bhubaneswar,Madhya Pradesh,1978-11-29,Standard,2024-08-07
C008593,Wriddhish,Behl,kallakavya@example.net,Katni,Assam,1951-08-29,Premium,2024-01-16
C008594,Gaurav,Sarraf,nmistry@example.net,Belgaum,Karnataka,2007-01-20,Standard,2025-07-14
C008595,Damyanti,Din,doshiraghav@example.com,Farrukhabad,Assam,1977-08-18,Premium,2024-03-23
C008596,Harsh,Master,lprakash@example.org,Sambalpur,Telangana,1991-04-19,Premium,2021-08-14
C008597,Bakhshi,Gupta,mistrylucky@example.net,Naihati,Himachal Pradesh,1974-02-09,Premium,2023-09-05
C008598,Rishi,Balakrishnan,vihaandate@example.com,Ramagundam,Assam,1992-11-06,Standard,2023-07-11
C008599,Ria,Tara,harsh67@example.net,Sri Ganganagar,Punjab,2004-07-30,Premium,2026-04-13
C008600,Unnati,Iyengar,zgoel@example.org,Bhind,Uttar Pradesh,1995-04-11,Premium,2025-01-31
C008601,Dayamai,Sampath,kalpit88@example.com,Nizamabad,Goa,1961-08-26,Standard,2025-09-21
C008602,Lila,Verma,tristan73@example.org,Deoghar,Telangana,2004-06-23,Business,2022-07-18
C008603,Priya,Munshi,kapoorurvi@example.org,Shimoga,Uttar Pradesh,2003-03-22,Business,2025-02-08
C008604,Aarini,Chhabra,rajeshri98@example.net,Tumkur,Goa,1998-07-03,Business,2025-11-30
C008605,Suhani,Khosla,bahltimothy@example.net,Pondicherry,Haryana,1962-03-24,Business,2021-09-22
C008606,Nathan,Kumar,iravi@example.org,Ranchi,Tamil Nadu,1971-09-14,Premium,2023-01-12
C008607,Anay,Sabharwal,kmaster@example.org,Solapur,Mizoram,1992-07-28,Business,2026-04-09
C008608,Dalbir,Chand,chandrankashyap@example.net,Vasai-Virar,Madhya Pradesh,1951-12-25,Standard,2023-07-31
C008609,Chameli,Magar,lohitsami@example.org,Kolkata,Punjab,1965-07-12,Premium,2022-09-02
C008610,Jacob,Puri,katamanya@example.net,Howrah,Chhattisgarh,1976-05-10,Premium,2022-08-31
C008611,Faris,Ramachandran,saksham57@example.net,Dharmavaram,Gujarat,1946-06-10,Business,2023-11-20
C008612,Gabriel,Pandya,nsolanki@example.com,Pudukkottai,Meghalaya,1991-10-09,Premium,2024-05-13
C008613,Prisha,Hegde,,Allahabad,Goa,1951-04-20,Business,2021-11-08
C008614,Ucchal,Ramesh,qprasad@example.org,Haridwar,Assam,1982-02-27,Standard,2025-01-28
C008615,Lila,Contractor,lakshitsood@example.net,Mysore,Meghalaya,1974-09-24,Premium,2026-03-27
C008616,Zinal,Sagar,rajangirindra@example.net,South Dumdum,Karnataka,1971-01-12,Standard,2025-10-22
C008617,Dalbir,Keer,isaac38@example.com,Cuttack,Manipur,1949-08-01,Business,2021-12-14
C008618,Chaaya,Krishnan,godaayush@example.org,Nanded,Arunachal Pradesh,1964-07-18,Business,2023-11-10
C008619,Bhavini,Dua,harishraja@example.com,Khandwa,Rajasthan,1988-02-01,Standard,2024-12-11
C008620,Nicholas,Goel,sahnichakradev@example.net,Madurai,Nagaland,1964-06-16,Premium,2025-01-19
C008621,Nidra,Randhawa,krishsrivastava@example.org,Durg,Madhya Pradesh,1952-11-11,Premium,2023-02-07
C008622,Luke,Garg,atwalaarush@example.net,Gulbarga,Haryana,2005-01-03,Business,2025-01-18
C008623,Varenya,Aurora,pahal99@example.net,Sultan Pur Majra,Manipur,1999-11-13,Standard,2023-05-25
C008624,Ekanta,Gandhi,lipika31@example.com,Sultan Pur Majra,Gujarat,1951-03-11,Premium,2024-10-28
C008625,Turvi,Sidhu,jbhardwaj@example.com,Mathura,Uttar Pradesh,1985-09-03,Standard,2025-10-07
C008626,Veda,Vasa,kohliveer@example.com,Visakhapatnam,Bihar,1953-11-15,Standard,2024-04-29
C008627,Lavanya,Gaba,vritti42@example.org,Ludhiana,West Bengal,1962-10-17,Business,2023-10-21
C008628,Pooja,Prashad,urishillajaggi@example.net,Jamshedpur,Meghalaya,1957-10-31,Standard,2025-11-03
C008629,Dayamai,Borde,csami@example.net,Davanagere,Assam,1981-06-22,Standard,2022-08-30
C008630,Turvi,Chana,ksaini@example.org,Shimoga,West Bengal,1963-10-28,Standard,2025-09-28
C008631,Avi,Ramakrishnan,hegdeyauvani@example.org,Guntur,Mizoram,2008-03-30,Business,2023-11-14
C008632,Tripti,Jaggi,xrege@example.com,Korba,Andhra Pradesh,1951-03-09,Standard,2024-06-18
C008633,Jacob,Deo,jacobgill@example.org,Ghaziabad,Madhya Pradesh,1996-04-12,Standard,2023-05-13
C008634,Quincy,Issac,orinderwagle@example.com,Tenali,Odisha,1986-08-06,Business,2025-11-12
C008635,Hemangini,Pradhan,thomas28@example.org,Bhilai,Uttarakhand,1981-07-16,Standard,2023-09-04
C008636,Indali,Sood,muttivedhika@example.com,Gwalior,Mizoram,2000-09-27,Business,2021-12-01
C008637,Watika,Batta,nikita09@example.com,Jalna,Odisha,2001-04-18,Business,2021-09-28
C008638,Jyoti,Kuruvilla,sunderdayamai@example.net,Munger,Himachal Pradesh,1980-09-15,Standard,2023-10-26
C008639,Jeet,Date,fborra@example.org,Rampur,Bihar,1968-10-10,Premium,2026-01-14
C008640,Neel,Grewal,tanvi16@example.net,Tirupati,Uttarakhand,1947-06-27,Premium,2022-01-24
C008641,Warinder,Bhatti,nidhi84@example.net,Kolhapur,Gujarat,1969-01-04,Business,2022-09-14
C008642,Harrison,Bava,pranavagrawal@example.net,Arrah,Mizoram,1976-12-09,Premium,2026-04-13
C008643,Yasti,Prabhu,ati67@example.net,Dindigul,Chhattisgarh,1960-09-03,Business,2022-09-24
C008644,Dominic,Sibal,omyashawini@example.com,Vellore,Uttar Pradesh,1967-04-02,Premium,2025-08-02
C008645,Gautam,Pall,obhatti@example.com,Korba,Goa,1972-05-06,Premium,2023-01-18
C008646,Chandani,Gola,mahika88@example.com,Proddatur,Himachal Pradesh,1995-07-23,Premium,2022-10-03
C008647,Gaurika,Dora,nakulswaminathan@example.net,Morbi,Nagaland,1964-10-04,Premium,2021-09-03
C008648,Nachiket,Shan,deshmukhomaja@example.net,Nagaon,Chhattisgarh,1946-08-06,Business,2026-06-06
C008649,Advika,Raj,imaranram@example.com,Bardhaman,Arunachal Pradesh,1955-07-24,Premium,2025-11-17
C008650,Falak,Srivastava,vpalla@example.com,Jamalpur,West Bengal,1978-03-18,Business,2023-08-06
C008651,Matthew,Ganguly,dyogi@example.net,Tirupati,Punjab,1978-09-19,Premium,2023-09-07
C008652,Nitesh,Dixit,sharafadya@example.org,Tezpur,Gujarat,1988-07-23,Standard,2022-09-05
C008653,Meghana,Cheema,shivani53@example.net,Chandigarh,West Bengal,1951-08-23,Premium,2026-05-11
C008654,Alka,Balan,dmerchant@example.net,Pune,Punjab,2003-03-24,Business,2023-05-06
C008655,Madhav,Pandya,zehaan48@example.net,Hyderabad,Mizoram,1982-03-27,Business,2026-04-28
C008656,Aahana,Gera,gangachakraborty@example.org,Hazaribagh,Sikkim,1960-07-20,Standard,2022-03-25
C008657,Aayush,Pandya,naikzayan@example.com,Vijayanagaram,Karnataka,1976-03-30,Premium,2025-07-29
C008658,Diya,Bansal,zsandhu@example.org,Kota,Haryana,1964-06-17,Premium,2023-04-05
C008659,Riya,Ganesan,rlall@example.net,Munger,Maharashtra,1975-04-05,Premium,2021-10-21
C008660,Karan,Vala,qkhurana@example.org,Amravati,Odisha,2002-06-26,Premium,2024-03-16
C008661,Yahvi,Ramesh,champak92@example.org,Korba,West Bengal,1969-09-16,Standard,2025-05-22
C008662,Nandini,Som,mitesh43@example.org,Udupi,Karnataka,1999-07-28,Premium,2023-05-12
C008663,Michael,Amble,nirjaraja@example.net,Bidar,Rajasthan,1967-06-16,Standard,2026-01-14
C008664,Nidra,Mital,menonjacob@example.net,Chandigarh,Kerala,1977-07-21,Business,2025-01-14
C008665,Harini,Shankar,fbhagat@example.net,Durg,Telangana,1977-05-26,Business,2021-10-23
C008666,Orinder,Sheth,sarthak37@example.net,Nandyal,Andhra Pradesh,1954-06-04,Standard,2021-11-11
C008667,Idika,Chauhan,ayushman92@example.net,Kalyan-Dombivli,Maharashtra,1965-04-12,Business,2023-06-21
C008668,Yachana,Dada,subramaniansuhani@example.com,Thrissur,Uttar Pradesh,1961-08-17,Premium,2022-06-11
C008669,Manya,Malhotra,ukumer@example.com,Pali,Madhya Pradesh,2004-01-27,Standard,2023-11-01
C008670,Chanakya,Reddy,anneikshita@example.com,Dhule,Telangana,1983-04-18,Business,2024-05-25
C008671,Anusha,Badami,fiyazgade@example.com,Begusarai,Punjab,1963-12-05,Business,2026-07-01
C008672,Amaira,Krishna,spuri@example.org,Panihati,Telangana,1982-01-14,Standard,2026-07-25
C008673,Yachana,Anand,amaira74@example.org,Kulti,Uttar Pradesh,1964-10-25,Premium,2024-02-20
C008674,Unnati,Arya,qdate@example.org,Thanjavur,Gujarat,1996-08-28,Business,2022-10-25
C008675,Ladli,Raman,oshere@example.com,Madurai,Madhya Pradesh,1992-06-18,Standard,2022-01-28
C008676,Krish,Chauhan,jananisagar@example.com,Serampore,Bihar,1973-04-29,Standard,2025-05-11
C008677,Yahvi,Sachdev,abhiram39@example.com,Kadapa,Mizoram,1969-09-22,Business,2024-08-29
C008678,Vasatika,Modi,nachiket70@example.org,Nagpur,Arunachal Pradesh,1994-08-11,Standard,2023-06-07
C008679,Zaitra,Mahajan,kabir09@example.com,Tinsukia,Telangana,1956-11-17,Standard,2023-07-18
C008680,Waida,Chand,egala@example.net,Saharanpur,Nagaland,1984-01-27,Business,2025-08-02
C008681,Amol,Dewan,chaudryishwar@example.com,Kharagpur,West Bengal,1957-09-06,Premium,2022-08-15
C008682,Tara,Barad,eiravati55@example.net,Bulandshahr,Gujarat,1997-12-28,Business,2024-06-27
C008683,Luke,Sama,uppalzaid@example.org,Thoothukudi,Maharashtra,1952-08-30,Standard,2026-05-19
C008684,Owen,Palla,talwarchristopher@example.org,Korba,Uttar Pradesh,1990-09-13,Business,2024-05-04
C008685,Zashil,Bava,borahdakshesh@example.net,Warangal,Sikkim,1967-12-29,Premium,2023-05-23
C008686,Amaira,Cheema,mallyash@example.com,Mehsana,Goa,1971-03-01,Premium,2023-08-29
C008687,Bhavya,Shukla,ekalinga06@example.net,Noida,Haryana,1991-02-03,Business,2026-08-04
C008688,Varsha,Loke,dharandrew@example.net,Bilaspur,Bihar,1972-01-20,Premium,2025-10-20
C008689,Udant,Sridhar,jai75@example.net,Pali,Telangana,1964-09-30,Standard,2025-04-21
C008690,Anya,Bansal,devansh96@example.org,Bhilwara,Arunachal Pradesh,1975-09-20,Standard,2022-09-04
C008691,Dakshesh,Narayan,godatarak@example.com,Karimnagar,Nagaland,1962-04-07,Premium,2024-12-20
C008692,Ranbir,Goda,arinswamy@example.net,Silchar,Bihar,1977-08-03,Standard,2021-12-29
C008693,Lopa,Bir,majumdardavid@example.org,Kolhapur,Tamil Nadu,2005-10-12,Standard,2023-12-21
C008694,Ayushman,Grewal,sarnarushil@example.org,Dewas,West Bengal,2002-12-07,Standard,2022-04-22
C008695,Wyatt,Bera,fdada@example.net,Alappuzha,Uttarakhand,1989-05-23,Standard,2023-10-24
C008696,Upma,Baral,dnazareth@example.net,Gangtok,Jharkhand,1975-11-21,Standard,2024-06-05
C008697,Ekantika,Nazareth,lmisra@example.org,Nagaon,West Bengal,1975-06-17,Standard,2022-11-10
C008698,Gaurav,Walla,ygala@example.org,Bijapur,Arunachal Pradesh,1986-08-12,Standard,2021-12-09
C008699,Daniel,Bedi,hemal00@example.com,Siwan,Chhattisgarh,1973-11-26,Business,2022-02-15
C008700,Hitesh,Khare,meghana62@example.net,Kalyan-Dombivli,West Bengal,1946-12-18,Business,2024-07-16
C008701,Adya,Sengupta,dmann@example.com,Muzaffarpur,Gujarat,1955-09-03,Premium,2022-08-19
C008702,Yash,Dar,fsachdev@example.net,Arrah,Meghalaya,1973-09-10,Standard,2021-08-29
C008703,George,Hora,saumya85@example.com,Nagpur,Telangana,1974-11-13,Business,2022-03-18
C008704,Warinder,Swamy,chowdhurydamyanti@example.org,Firozabad,West Bengal,2001-08-31,Business,2025-04-02
C008705,Ikshita,Bhatti,uppalyoshita@example.net,Surat,Jharkhand,1970-07-15,Business,2024-11-17
C008706,Yutika,Talwar,vritti37@example.net,Machilipatnam,Jharkhand,2006-03-25,Premium,2021-09-08
C008707,Kashish,Tailor,kamdarubika@example.net,Kadapa,Telangana,1998-03-23,Standard,2021-09-07
C008708,Tristan,Taneja,dhriti33@example.net,Amaravati,Tamil Nadu,1993-12-12,Standard,2025-10-08
C008709,Quincy,Subramanian,fiyazpalla@example.net,Saharanpur,Odisha,1951-01-31,Business,2024-03-31
C008710,Ladli,Doshi,sureshojas@example.net,Shivpuri,Punjab,1953-01-28,Standard,2026-01-22
C008711,Omya,Seth,qbuch@example.net,Danapur,Uttar Pradesh,1946-06-24,Premium,2023-11-01
C008712,Rayaan,Jain,bhavini75@example.org,Kollam,Nagaland,1966-01-28,Standard,2026-05-18
C008713,Ekanta,Virk,jaggieesha@example.com,Muzaffarnagar,Maharashtra,1974-10-31,Business,2024-06-10
C008714,Janani,Desai,falak29@example.net,Amravati,Nagaland,1984-06-22,Premium,2023-09-06
C008715,Garima,Gokhale,chavvi23@example.net,Karimnagar,West Bengal,1975-03-12,Premium,2023-09-21
C008716,Aarnav,Vig,kkumer@example.org,Sultan Pur Majra,Nagaland,1987-02-27,Premium,2022-09-17
C008717,Jatin,Sen,udyati78@example.org,Bulandshahr,Madhya Pradesh,1961-01-15,Standard,2023-11-11
C008718,Nilima,Jha,omyaperi@example.org,Ramagundam,Mizoram,1975-12-19,Standard,2026-01-07
C008719,Harrison,Arora,jhalak79@example.net,Machilipatnam,Maharashtra,1992-05-15,Premium,2024-09-20
C008720,Hema,Mitra,leelalalla@example.com,Bhilwara,Haryana,1958-05-29,Business,2023-06-26
C008721,Divya,Sinha,rauganga@example.org,Pune,Jharkhand,2005-06-04,Standard,2026-08-01
C008722,Neha,Krishnan,wakeetadhawan@example.org,Kharagpur,Uttarakhand,1952-10-17,Business,2022-09-07
C008723,Mohammed,Sidhu,zbaral@example.net,Jamshedpur,Odisha,1951-10-16,Premium,2024-03-21
C008724,Nakul,Rege,ishani41@example.org,Dehri,Punjab,2003-03-31,Premium,2023-01-01
C008725,Ansh,Badal,idika35@example.org,Siwan,West Bengal,2002-07-28,Premium,2026-05-10
C008726,Nitara,Gandhi,zdayal@example.net,Kozhikode,Assam,1954-10-26,Premium,2024-10-14
C008727,Bakhshi,Rastogi,usridhar@example.net,Patna,Bihar,1973-11-15,Standard,2026-02-09
C008728,Jyoti,Wadhwa,iyengargaurang@example.com,Aurangabad,Tripura,2005-12-27,Premium,2024-10-24
C008729,Pahal,Dora,balaymaya@example.org,Karnal,Gujarat,1957-12-14,Premium,2024-06-22
C008730,Oni,Nagarajan,qsarin@example.net,Tiruchirappalli,Telangana,1946-01-18,Business,2025-11-03
C008731,Ekanta,Nadkarni,jonathanganesh@example.net,Bettiah,Goa,1988-11-04,Premium,2026-08-06
C008732,Unni,Desai,kvarghese@example.net,Nagercoil,Sikkim,1990-02-18,Standard,2025-03-11
C008733,Tanvi,Arora,vamakshi95@example.org,Jamnagar,Goa,1999-10-16,Premium,2022-12-02
C008734,Falan,Chaudhary,samuel03@example.org,Sonipat,Jharkhand,1977-05-15,Business,2021-10-14
C008735,Madhavi,Seth,ljayaraman@example.net,Amaravati,Goa,1956-01-19,Business,2023-08-01
C008736,Aachal,Wason,chatresh01@example.org,Indore,Maharashtra,1965-08-05,Business,2021-11-21
C008737,Yashasvi,Khare,sacharyahvi@example.com,Asansol,Karnataka,1960-07-03,Premium,2023-04-28
C008738,Alexander,Dua,borahwaida@example.org,Ludhiana,Sikkim,2003-03-07,Premium,2024-04-07
C008739,Idika,Toor,xavierbath@example.net,Nellore,Uttarakhand,1973-10-31,Premium,2024-10-24
C008740,Chameli,Pal,bhagatcharan@example.net,Bhubaneswar,Himachal Pradesh,1982-06-06,Premium,2023-07-09
C008741,Ira,Barad,zamble@example.net,Jamshedpur,Telangana,1949-07-02,Premium,2024-11-01
C008742,Finn,Kothari,qushiray@example.org,Gangtok,Meghalaya,1969-06-05,Premium,2023-07-31
C008743,Darsh,Majumdar,pavani92@example.com,Bidar,Jharkhand,2001-10-28,Standard,2026-05-29
C008744,Onkar,Goyal,dalianetra@example.org,New Delhi,Sikkim,1980-07-22,Premium,2025-06-25
C008745,Manan,Kaur,mannefariq@example.net,Delhi,Himachal Pradesh,1954-10-24,Premium,2026-03-17
C008746,Anika,Raghavan,tvarghese@example.org,Suryapet,West Bengal,1967-11-06,Premium,2022-06-21
C008747,Rudra,Prasad,ovala@example.net,Katihar,Assam,1979-05-20,Premium,2026-04-14
C008748,Turvi,Panchal,advay74@example.com,Begusarai,Goa,1997-05-04,Premium,2022-06-09
C008749,Darpan,Dutt,udyati89@example.com,Bhusawal,Bihar,1977-09-09,Standard,2023-06-20
C008750,Radha,Pandey,gauri47@example.com,Thoothukudi,Himachal Pradesh,1995-08-11,Premium,2024-07-14
C008751,Farhan,Din,ahluwaliasamar@example.net,Jehanabad,Nagaland,1993-06-03,Premium,2022-02-20
C008752,Theodore,Pingle,nkadakia@example.net,Ballia,Maharashtra,1946-10-17,Business,2022-06-24
C008753,Praneel,Jaggi,hamsiniseshadri@example.net,Morena,Tripura,1951-09-04,Business,2023-08-22
C008754,Gavin,Chakrabarti,amaira56@example.org,Saharsa,Nagaland,1985-12-27,Standard,2023-02-01
C008755,Vedika,Purohit,thakeroscar@example.com,Bhiwandi,Kerala,1992-07-14,Premium,2026-01-22
C008756,Vinaya,Murthy,harinakshi67@example.net,Anand,Haryana,1998-09-10,Standard,2022-11-15
C008757,Aarini,Natarajan,bhavini41@example.org,Rohtak,Karnataka,1981-02-14,Business,2025-12-22
C008758,Jhalak,Nair,ikalita@example.net,Bhalswa Jahangir Pur,Madhya Pradesh,2003-12-26,Premium,2021-11-02
C008759,Ronith,Minhas,kulkarnianvi@example.net,Saharanpur,Chhattisgarh,1958-11-19,Business,2021-08-21
C008760,Mohini,Chokshi,harita85@example.org,Chennai,Mizoram,1963-03-19,Standard,2022-08-01
C008761,Harinakshi,Sethi,fchaudhary@example.com,Etawah,Bihar,1987-09-13,Business,2025-07-16
C008762,Upadhriti,Chawla,bina75@example.com,Ambattur,Uttarakhand,1985-05-28,Standard,2026-06-30
C008763,Gopal,Narayan,yapte@example.org,Bongaigaon,Arunachal Pradesh,1981-04-01,Business,2021-11-24
C008764,Kashvi,Gupta,dkota@example.org,Coimbatore,Uttarakhand,1983-10-28,Business,2024-08-30
C008765,Eta,Majumdar,vedhika25@example.com,Jamalpur,Telangana,1973-03-19,Premium,2022-04-17
C008766,Zaid,Thakur,maya12@example.net,Solapur,Himachal Pradesh,1978-01-31,Standard,2025-09-28
C008767,Bhanumati,Chahal,pallreyansh@example.org,Phagwara,Kerala,1969-10-14,Premium,2023-04-27
C008768,Girish,Kota,rlal@example.net,Jabalpur,Arunachal Pradesh,1968-03-19,Premium,2024-09-13
C008769,Ekapad,Acharya,shereaashi@example.net,Tirupati,Odisha,1977-03-09,Standard,2023-11-16
C008770,Samuel,Sha,ronithkhare@example.com,Asansol,Odisha,2002-12-25,Premium,2024-11-19
C008771,Banjeet,Soni,kalagaurang@example.net,Latur,Tamil Nadu,1967-02-02,Business,2025-04-14
C008772,Chandran,Reddy,dbakshi@example.com,Aizawl,Bihar,1980-11-09,Premium,2025-11-07
C008773,Rachita,Halder,sakshamsharma@example.net,Bijapur,Rajasthan,2000-07-12,Standard,2023-05-23
C008774,Rachana,Lal,wagate@example.com,Bikaner,Haryana,1957-09-08,Business,2025-03-03
C008775,Leena,Pingle,tanish25@example.com,Sangli-Miraj & Kupwad,Telangana,1955-06-15,Business,2025-01-13
C008776,Ucchal,Gulati,pkrishna@example.com,Shimla,Himachal Pradesh,1955-03-15,Standard,2021-08-15
C008777,Vivaan,Thaman,chandransampath@example.com,Gorakhpur,Jharkhand,1947-01-15,Standard,2025-03-20
C008778,Aryan,Bhavsar,warhi42@example.com,Jaunpur,Assam,1990-11-06,Standard,2023-07-02
C008779,Rushil,Batra,sahnibhavya@example.com,Saharsa,Goa,1977-10-11,Premium,2022-09-20
C008780,Harini,Prasad,hrandhawa@example.net,Ambattur,Gujarat,1998-08-17,Standard,2022-09-17
C008781,Janaki,Hayre,pnaik@example.org,Muzaffarnagar,Telangana,1979-05-29,Premium,2025-10-28
C008782,Urvi,Rajagopalan,sachi84@example.com,New Delhi,Andhra Pradesh,1966-05-20,Business,2024-02-17
C008783,Sathvik,Narula,yashawini29@example.net,Kishanganj,Madhya Pradesh,1952-09-05,Standard,2025-01-07
C008784,Nirja,Tata,karasamar@example.net,Erode,Himachal Pradesh,1978-01-18,Premium,2024-08-06
C008785,Dakshesh,Batra,caleb42@example.org,Serampore,Uttarakhand,2004-04-15,Premium,2026-02-01
C008786,Tanvi,Butala,sekhonindira@example.org,Hazaribagh,Tamil Nadu,1968-05-02,Standard,2025-07-19
C008787,Advika,Viswanathan,chavvichadha@example.net,Korba,Goa,1947-12-02,Business,2021-09-16
C008788,Viraj,Mander,wsibal@example.org,Panvel,Karnataka,1968-09-30,Premium,2025-01-29
C008789,Jairaj,Agarwal,sarinbenjamin@example.org,Bhilai,Chhattisgarh,1980-01-12,Business,2026-03-10
C008790,Imaran,Bhat,gkeer@example.org,Kozhikode,West Bengal,1979-11-04,Standard,2026-08-01
C008791,Chaaya,Lal,isaiahramesh@example.net,Thoothukudi,Madhya Pradesh,1958-12-16,Premium,2025-02-12
C008792,Darsh,Shukla,palanimaran@example.org,Hosur,Bihar,1971-02-04,Business,2023-05-21
C008793,Wishi,Deshpande,vedikavasa@example.net,Varanasi,Punjab,1971-03-09,Premium,2022-10-21
C008794,Faris,Sur,tnadig@example.org,North Dumdum,Punjab,1979-08-20,Standard,2023-08-02
C008795,Vritti,Suresh,yram@example.com,North Dumdum,Tamil Nadu,1997-09-30,Business,2026-05-30
C008796,Madhavi,Kalla,vedikamaharaj@example.net,Ambala,Himachal Pradesh,1966-06-10,Premium,2024-06-22
C008797,Pavani,Rao,zilmilhans@example.net,Pondicherry,Maharashtra,1999-09-24,Business,2022-09-05
C008798,Kevin,Nori,tanvikar@example.org,Raiganj,Haryana,1976-04-18,Premium,2024-10-30
C008799,Kai,Gour,kantjacob@example.org,Jamshedpur,Kerala,1986-12-17,Business,2021-08-31
C008800,Luke,Raj,aarinisen@example.org,Nangloi Jat,Uttar Pradesh,2007-10-07,Business,2026-06-24
C008801,Megha,Cherian,lohit28@example.net,Tirunelveli,Bihar,1969-08-14,Business,2023-10-28
C008802,Jagrati,Pandey,oissac@example.com,Saharanpur,Nagaland,1948-11-07,Standard,2022-11-12
C008803,Keya,Golla,reyanshhari@example.org,Srikakulam,Karnataka,1985-04-02,Premium,2024-04-15
C008804,Jack,Merchant,ishitachand@example.net,Lucknow,Punjab,1989-09-17,Business,2023-08-30
C008805,Widisha,Wali,babuyashvi@example.net,Surendranagar Dudhrej,Punjab,1979-08-30,Business,2023-11-01
C008806,Jagat,Kari,chhabraimaran@example.org,Kochi,Andhra Pradesh,1976-07-01,Premium,2023-08-05
C008807,Krisha,Chakrabarti,osanghvi@example.com,Dharmavaram,Assam,1994-11-09,Business,2022-08-08
C008808,Chandresh,Batta,ushenoy@example.net,Singrauli,Andhra Pradesh,1971-01-14,Business,2026-04-14
C008809,Kashish,Chand,kapadiaekta@example.com,Tiruchirappalli,Maharashtra,2000-02-25,Premium,2025-01-01
C008810,Urmi,Bhargava,ekansh00@example.com,Rourkela,Uttarakhand,1947-07-03,Business,2022-07-27
C008811,Robert,Sathe,tara12@example.org,Unnao,Odisha,1999-02-15,Business,2024-12-12
C008812,Nilima,Nigam,mverma@example.com,Cuttack,Karnataka,1996-08-08,Business,2023-11-10
C008813,Yutika,Shan,tanejasai@example.net,Amravati,Maharashtra,1998-12-21,Premium,2023-09-25
C008814,Pratyush,Shankar,evyas@example.org,Giridih,Telangana,2003-10-05,Standard,2026-06-20
C008815,Ubika,Borah,sshanker@example.com,Rewa,Odisha,1983-02-21,Business,2022-01-18
C008816,Isaac,Kalla,lajitamistry@example.net,Gangtok,Jharkhand,1984-09-23,Business,2025-11-10
C008817,Krishna,Sehgal,iviswanathan@example.com,Darbhanga,Bihar,1959-05-05,Business,2023-06-03
C008818,Netra,Boase,samueldass@example.com,Aurangabad,Haryana,1976-03-22,Premium,2024-08-09
C008819,Pratyush,Purohit,kundasamar@example.org,Tiruppur,Goa,1959-08-31,Standard,2024-01-01
C008820,Daksha,Magar,pauaadhya@example.net,Nagercoil,Meghalaya,1964-12-13,Standard,2024-11-28
C008821,Vedhika,Jayaraman,anushakhurana@example.com,Jhansi,Andhra Pradesh,1982-09-09,Premium,2025-03-29
C008822,Indira,Sachdev,ktrivedi@example.org,Tiruppur,Mizoram,1974-09-01,Standard,2026-03-24
C008823,Yatin,Venkatesh,surtristan@example.net,Mau,Gujarat,1994-03-22,Premium,2023-02-28
C008824,Jeevika,Dar,dmalhotra@example.com,Tinsukia,Gujarat,1964-12-28,Standard,2024-01-17
C008825,Abhiram,Kalita,aarini58@example.com,Patna,Jharkhand,1954-10-31,Standard,2024-03-13
C008826,Anmol,Solanki,dubeamrita@example.org,Surendranagar Dudhrej,Madhya Pradesh,1983-06-10,Business,2021-11-26
C008827,Indali,Sarraf,anthony46@example.com,Noida,Tamil Nadu,1971-06-17,Premium,2021-12-03
C008828,Leena,Nath,upmadani@example.com,Sambalpur,Meghalaya,1946-07-21,Business,2023-05-21
C008829,Lakshmi,Korpal,berathomas@example.org,Meerut,Karnataka,1975-12-15,Standard,2022-07-25
C008830,Wazir,Sibal,lataupma@example.com,Meerut,West Bengal,1990-04-20,Premium,2025-01-10
C008831,Chanchal,Saraf,mason24@example.org,Moradabad,Assam,1973-12-07,Premium,2026-07-06
C008832,Gavin,Taneja,chandranwishi@example.com,Maheshtala,Madhya Pradesh,1981-10-20,Business,2021-12-24
C008833,Karan,Buch,ekaja66@example.org,Dhule,Andhra Pradesh,2005-12-26,Standard,2021-12-20
C008834,Ishita,Mane,dalaja49@example.com,Pondicherry,Madhya Pradesh,1973-08-10,Business,2022-12-07
C008835,Peter,Baria,shivansh61@example.net,Anantapuram,Himachal Pradesh,1960-12-27,Premium,2023-06-23
C008836,Krishna,Sanghvi,balasubramaniannandini@example.net,Tenali,Tamil Nadu,2005-11-21,Standard,2026-04-09
C008837,Janaki,Narayan,aditya34@example.org,Nellore,Telangana,1988-11-01,Business,2024-08-19
C008838,Gauri,Sami,priya94@example.com,Farrukhabad,Nagaland,1981-02-08,Premium,2026-05-08
C008839,Ethan,Chowdhury,forum90@example.com,Raebareli,Himachal Pradesh,1950-09-12,Business,2024-02-05
C008840,Robert,Maharaj,bordebaljiwan@example.org,Anand,Mizoram,1975-01-01,Business,2022-04-05
C008841,Janani,Oza,balveer22@example.org,Silchar,Haryana,1970-01-10,Standard,2024-02-12
C008842,Logan,Krishnamurthy,danibaghyawati@example.org,Ramagundam,Tamil Nadu,1948-10-08,Premium,2024-05-14
C008843,Urmi,Prashad,gandhiyochana@example.com,Chapra,Tripura,1990-06-11,Standard,2023-12-27
C008844,Omya,Saran,lukekhare@example.org,Ambala,Haryana,1971-03-06,Business,2024-12-08
C008845,Oliver,Gala,vasudhaoza@example.net,Jammu,Madhya Pradesh,1974-09-28,Premium,2023-08-16
C008846,Forum,Pal,odas@example.net,Satara,West Bengal,1956-09-04,Premium,2026-02-17
C008847,Ishaan,Wali,uppalradhika@example.com,Tiruppur,Tamil Nadu,1993-11-28,Premium,2022-06-01
C008848,Omya,Sidhu,balveerkrishnamurthy@example.com,Anand,Odisha,1985-04-16,premium,2023-03-16
C008849,Ria,Bansal,nidra25@example.org,Bhiwandi,Goa,2001-01-10,Standard,2026-04-25
C008850,Bimala,Doshi,harsh33@example.net,Medininagar,Meghalaya,1967-02-05,Standard,2023-08-10
C008851,Darika,Sha,chakradharchaudhry@example.net,Arrah,Goa,1986-10-28,Premium,2024-08-29
C008852,Vincent,Shetty,gabafitan@example.com,Bulandshahr,Tamil Nadu,1968-10-04,Standard,2025-01-20
C008853,Aayush,Pandit,upasnaoak@example.com,Jhansi,Sikkim,1950-11-08,Premium,2026-07-19
C008854,Hemal,Kar,randhawahitesh@example.org,Pali,Chhattisgarh,1958-11-17,Business,2022-03-11
C008855,Vansha,Chana,jkapur@example.net,Satara,Haryana,2005-08-17,Premium,2022-03-07
C008856,Chakradev,Hari,rattipriya@example.net,Patiala,Rajasthan,1992-12-23,Standard,2024-07-31
C008857,Gunbir,Singhal,qloyal@example.net,Nizamabad,Bihar,1978-03-22,Business,2023-01-08
C008858,Eesha,Mangat,spradhan@example.org,Vellore,Jharkhand,1955-10-01,Standard,2025-11-21
C008859,Neha,Ravel,anita26@example.org,Navi Mumbai,Haryana,1955-06-28,Standard,2021-12-07
C008860,Netra,Kalita,chakradharmisra@example.org,Yamunanagar,Manipur,1992-02-16,Standard,2022-09-01
C008861,Ishani,Padmanabhan,ikurian@example.net,Hajipur,Mizoram,1966-11-27,Business,2022-05-22
C008862,Harshil,Krishna,kamala33@example.org,Hapur,Punjab,1963-11-03,Business,2024-11-24
C008863,Chandani,Dave,yuvraj55@example.com,Bidhannagar,Meghalaya,1968-02-25,Premium,2023-08-15
C008864,Nathaniel,Bhalla,bsahni@example.org,Raipur,Chhattisgarh,1971-08-03,Standard,2024-08-02
C008865,Raksha,Arya,harinakshidara@example.net,Moradabad,Arunachal Pradesh,1963-06-12,Premium,2024-10-07
C008866,Manbir,Lad,dhriti44@example.com,Singrauli,Meghalaya,1963-04-09,Premium,2026-07-04
C008867,Damyanti,Toor,urvibhagat@example.org,Erode,Himachal Pradesh,1964-06-18,Standard,2023-07-04
C008868,Shivansh,Sule,dhillonfalan@example.net,Aligarh,Meghalaya,1985-05-28,Standard,2025-12-19
C008869,Caleb,Bajaj,okota@example.org,Ghaziabad,Himachal Pradesh,1998-07-11,Standard,2026-07-06
C008870,Yadavi,Dutt,xavier01@example.org,Raebareli,Punjab,1958-08-08,Premium,2025-06-16
C008871,Jonathan,Thakkar,william28@example.org,Tiruvottiyur,Maharashtra,1994-05-31,Standard,2022-12-06
C008872,Janya,Rastogi,harish30@example.com,Suryapet,Tripura,1984-08-05,Premium,2022-01-04
C008873,Pranit,Bath,chowdhurybachittar@example.org,Secunderabad,Meghalaya,2005-09-18,Premium,2021-08-23
C008874,Vritti,Borde,wyatt80@example.com,Avadi,Nagaland,1947-02-26,Premium,2026-03-22
C008875,Vansha,Ravi,rayviraj@example.org,Jaipur,Arunachal Pradesh,1969-07-14,Business,2022-11-24
C008876,Raksha,Bajaj,hchadha@example.org,Ulhasnagar,Bihar,2004-10-10,Premium,2021-10-24
C008877,Manthan,Sabharwal,mitralohit@example.net,Bhatpara,Himachal Pradesh,1959-01-25,Standard,2025-05-19
C008878,Jyoti,Viswanathan,charita06@example.net,Barasat,Jharkhand,2008-07-30,Premium,2024-10-01
C008879,Urmi,Bhatia,golaanamika@example.com,Saharanpur,Andhra Pradesh,1980-04-28,Premium,2021-12-12
C008880,Saumya,Deol,dakshesh29@example.org,Patiala,Maharashtra,1985-02-22,Premium,2023-11-18
C008881,Vasatika,Garg,jeevikatara@example.org,Kalyan-Dombivli,Gujarat,1997-01-05,Business,2023-05-09
C008882,Lila,Chaudhari,zpalan@example.net,Munger,Telangana,1977-09-26,Premium,2023-09-25
C008883,Barkha,Bhargava,warjaspatla@example.com,Pondicherry,Karnataka,1948-06-21,Premium,2023-11-18
C008884,Ojasvi,Kara,urishilla25@example.org,Sangli-Miraj & Kupwad,Chhattisgarh,1987-06-17,Business,2022-11-07
C008885,Orinder,Sunder,meera64@example.com,Ulhasnagar,Uttar Pradesh,1989-05-02,Standard,2023-02-04
C008886,Vihaan,Chanda,hardik19@example.net,Proddatur,Rajasthan,1956-03-10,Business,2022-08-18
C008887,Ekapad,Pall,grewaljanuja@example.com,Gudivada,Assam,1982-12-17,Business,2024-05-19
C008888,Omisha,Tank,wbajaj@example.org,Dehradun,Sikkim,1969-10-07,Premium,2024-07-20
C008889,Alexander,Bedi,ntank@example.net,Ulhasnagar,Andhra Pradesh,2000-09-21,Business,2025-04-25
C008890,Champak,Yohannan,kganesan@example.com,Kolhapur,Karnataka,1969-11-20,Business,2024-01-29
C008891,Eta,Thakur,liyer@example.net,Tadepalligudem,Nagaland,1946-12-15,Premium,2021-10-23
C008892,Yamini,Majumdar,bariabenjamin@example.com,Navi Mumbai,Assam,1948-09-13,Business,2023-07-05
C008893,Raagini,Gala,panditranveer@example.com,Ghaziabad,Arunachal Pradesh,1985-09-07,Business,2024-08-12
C008894,Thomas,Ahuja,chandraaryan@example.org,Bokaro,Manipur,1972-02-03,Business,2025-10-05
C008895,Xiti,Kapoor,merchantgirindra@example.org,Meerut,Tamil Nadu,2006-10-24,Premium,2026-07-06
C008896,Raagini,Rastogi,rachana64@example.net,Rourkela,West Bengal,1978-05-01,Premium,2025-12-23
C008897,Zansi,Kamdar,maharajaashi@example.org,Motihari,Meghalaya,1946-09-18,Standard,2022-01-21
C008898,Frederick,Gill,ychaudhuri@example.net,Coimbatore,Punjab,1950-08-07,Business,2023-02-24
C008899,Charan,Grover,kurianlucky@example.com,Srikakulam,Haryana,2000-04-13,Standard,2023-02-11
C008900,Prisha,Basak,quincydin@example.com,Jhansi,Punjab,1990-10-13,Standard,2026-07-31
C008901,Ishanvi,Joshi,fsachdev@example.com,Sagar,Manipur,1967-12-03,Standard,2024-08-30
C008902,Samesh,Thakur,mverma@example.net,Panvel,Himachal Pradesh,1972-04-13,Standard,2026-05-22
C008903,Dayamai,Dyal,ladsathvik@example.org,Aurangabad,Meghalaya,1991-09-17,Premium,2026-04-04
C008904,Omya,Mody,prabhakarfarhan@example.com,Nangloi Jat,Gujarat,1989-09-16,Premium,2023-05-23
C008905,Jeet,Koshy,munshiabhimanyu@example.org,Pimpri-Chinchwad,Nagaland,1967-12-24,Premium,2021-08-18
C008906,Jai,Kapur,dshukla@example.net,Dewas,Karnataka,2002-07-01,Premium,2025-05-24
C008907,Sai,Andra,obala@example.net,Nanded,Goa,1948-10-31,Business,2023-03-05
C008908,Saksham,Kothari,gabasamesh@example.com,Madanapalle,Jharkhand,1965-03-10,Premium,2023-11-15
C008909,Xalak,Bal,tsharma@example.com,Saharsa,Odisha,1946-09-10,Business,2024-08-24
C008910,Zayyan,Ramanathan,warjas09@example.org,Nellore,Tripura,1983-07-16,Standard,2025-10-26
C008911,Yug,Tiwari,isuresh@example.com,Amroha,Arunachal Pradesh,1965-08-18,Standard,2023-06-23
C008912,Aarini,Walia,nitarasubramanian@example.net,Morena,Telangana,1965-03-13,Premium,2026-03-01
C008913,Reyansh,Thaman,ethandalia@example.net,Kollam,Madhya Pradesh,1951-01-27,Standard,2025-03-11
C008914,Unnati,Prabhu,arjun42@example.net,Jaunpur,Madhya Pradesh,1993-12-14,Premium,2024-04-13
C008915,Dalbir,Anand,kallaupadhriti@example.net,Sambalpur,Andhra Pradesh,1969-02-23,Business,2023-10-14
C008916,Bachittar,Chada,meghanakhalsa@example.com,Baranagar,Tamil Nadu,1954-04-15,Standard,2023-01-24
C008917,Yug,Agate,vbaria@example.net,Erode,Karnataka,1971-12-03,Standard,2023-01-05
C008918,Owen,Varkey,xdayal@example.com,Morena,Rajasthan,1980-05-28,Premium,2025-07-06
C008919,Lucky,Savant,poojadhingra@example.net,Alwar,Telangana,1981-01-12,Premium,2024-02-13
C008920,George,Tara,orinder65@example.org,Dehri,Odisha,1969-07-30,Standard,2023-02-06
C008921,Udyati,Hans,kashvi63@example.net,Maheshtala,Himachal Pradesh,1965-09-02,Business,2025-09-28
C008922,Ucchal,Bali,janakikale@example.net,Muzaffarnagar,Jharkhand,1997-03-02,Premium,2024-04-06
C008923,Yutika,Hayre,harini88@example.org,Gorakhpur,Bihar,1991-06-24,Business,2023-01-16
C008924,Chameli,Thaman,manthansolanki@example.org,Cuttack,Kerala,2004-03-25,Business,2022-02-23
C008925,Widisha,Parsa,ravalaahana@example.org,Amroha,Uttarakhand,1977-02-07,Business,2023-06-13
C008926,Daksh,Bath,biswasryan@example.com,Katni,Telangana,1973-04-29,Premium,2023-11-26
C008927,Vinaya,Sarma,aditya98@example.com,Raipur,Maharashtra,1989-07-01,Standard,2022-10-13
C008928,Nathaniel,Goswami,warjas40@example.com,Alwar,Rajasthan,1998-07-19,Premium,2024-11-29
C008929,Luke,Virk,yagnesh92@example.com,Hospet,West Bengal,1953-06-22,Premium,2025-06-04
C008930,Ati,Chad,daraanirudh@example.org,Nizamabad,Tripura,1946-04-28,Standard,2024-03-27
C008931,Qarin,Vora,kalabahadurjit@example.net,Machilipatnam,Nagaland,1986-04-11,Premium,2026-07-29
C008932,Farhan,Sengupta,lalchaman@example.com,Thrissur,Tamil Nadu,1980-11-11,Premium,2023-10-09
C008933,Daksha,Mangal,pathakchavvi@example.org,Jhansi,Arunachal Pradesh,1968-01-18,Business,2024-10-03
C008934,Jai,Aurora,harinakshisrinivasan@example.com,Bidar,Manipur,1965-02-16,Standard,2023-03-27
C008935,Vedhika,Chana,mahajanfalak@example.net,Gopalpur,Himachal Pradesh,1955-09-19,Business,2023-10-31
C008936,Christopher,Salvi,nimrat48@example.com,Kollam,Himachal Pradesh,1990-01-07,Premium,2023-02-11
C008937,Sanya,Narayanan,okannan@example.org,Panihati,Rajasthan,1985-10-28,Standard,2024-05-12
C008938,Megha,Mane,dharjagat@example.org,Ghaziabad,Madhya Pradesh,1980-09-18,Standard,2024-06-24
C008939,Veda,Nair,sara63@example.org,Kottayam,Uttar Pradesh,2006-11-11,Business,2025-10-20
C008940,Ayush,Kar,bhavyamaharaj@example.com,Bangalore,Kerala,1981-04-25,Premium,2025-03-06
C008941,Falan,Wadhwa,sanyasangha@example.com,Raebareli,Karnataka,1998-11-15,Business,2022-11-05
C008942,Vinaya,Ravi,adyadara@example.com,Alappuzha,Bihar,1947-09-28,Standard,2023-12-05
C008943,Wyatt,Garde,bdeo@example.net,Bhiwandi,Tripura,2000-07-16,Standard,2022-07-05
C008944,Aayush,Sami,ikshita57@example.org,Rampur,Sikkim,1962-08-14,Standard,2024-11-27
C008945,Vinaya,Sidhu,borahbhavika@example.org,Ramgarh,Haryana,2006-04-10,Business,2025-04-06
C008946,Ganga,Wason,varenyakothari@example.com,Etawah,Karnataka,1991-06-12,Standard,2023-06-13
C008947,Dominic,Dube,henry32@example.org,Mango,Telangana,1971-12-23,Standard,2024-08-19
C008948,Meghana,Biswas,adwetabora@example.org,Mathura,Mizoram,1965-02-21,Business,2025-08-03
C008949,Yadavi,Vohra,rbuch@example.com,Kakinada,Haryana,1971-06-15,Standard,2023-01-26
C008950,Akshay,Sarma,ramurishilla@example.com,Pondicherry,Telangana,1959-03-26,Business,2026-02-12
C008951,Ranbir,Badami,usubramaniam@example.org,Surat,Goa,1960-03-31,Premium,2021-12-23
C008952,Bhavani,Jha,vasana03@example.net,Gurgaon,West Bengal,1959-12-18,Premium,2022-11-30
C008953,Edhitha,Dixit,ssoman@example.org,Kumbakonam,Karnataka,1995-05-25,Standard,2026-01-02
C008954,Yashica,Ramakrishnan,padmanabhanisaac@example.com,Nangloi Jat,Tripura,1968-11-05,Business,2025-03-29
C008955,Rehaan,Krish,lajitabhalla@example.net,Begusarai,Haryana,1965-09-09,Business,2024-03-21
C008956,Tarak,Pradhan,unnisetty@example.org,Amravati,Rajasthan,2000-03-25,Standard,2023-11-04
C008957,Lakshmi,Mannan,balasubramaniansamar@example.net,Sonipat,Himachal Pradesh,2002-08-02,Business,2025-09-12
C008958,Ishanvi,Upadhyay,madhavimitra@example.org,Anantapuram,Sikkim,1994-06-12,Premium,2026-03-15
C008959,Harita,Choudhry,kbrahmbhatt@example.com,Vadodara,Uttarakhand,1964-09-21,Premium,2023-07-21
C008960,Gunbir,Oak,jdube@example.net,Kumbakonam,Jharkhand,1963-06-01,Standard,2025-03-04
C008961,Pranit,Sandal,rajanvarsha@example.net,Guwahati,Punjab,2001-09-12,Premium,2024-05-03
C008962,Jeevika,Sridhar,rdhar@example.net,Vijayawada,Uttarakhand,1964-01-04,Business,2023-12-11
C008963,Gayathri,Morar,kamya68@example.org,Mangalore,Chhattisgarh,1947-05-18,Premium,2023-11-19
C008964,Madhav,Karnik,aviparmer@example.org,Pali,Gujarat,1956-11-19,Business,2024-05-06
C008965,Rohan,Anand,bdas@example.net,Vellore,Odisha,1958-09-01,Business,2026-07-30
C008966,Jeremiah,Lanka,adviksinghal@example.net,Chittoor,Meghalaya,1969-12-09,Standard,2025-05-26
C008967,Krish,Ben,aachalwali@example.net,Munger,Arunachal Pradesh,1959-02-26,Premium,2021-11-19
C008968,Samesh,Kurian,unatt@example.net,Jodhpur,Mizoram,2000-01-09,Premium,2024-09-16
C008969,Dayamai,Agarwal,barmancharles@example.com,Thanjavur,Arunachal Pradesh,1956-09-16,Standard,2024-04-24
C008970,Nidhi,Peri,banjeetsant@example.org,Hyderabad,Assam,1970-09-29,Premium,2023-07-24
C008971,Chavvi,Ratti,sahotaaradhana@example.com,Sri Ganganagar,Assam,1955-11-01,Standard,2023-03-03
C008972,Gopal,Patil,deviekiya@example.net,Guna,Himachal Pradesh,2007-03-30,Business,2021-10-20
C008973,Januja,Grover,ubika43@example.net,Sonipat,Chhattisgarh,1949-02-11,Standard,2025-08-28
C008974,Yashvi,Bahl,ganga90@example.org,Bhagalpur,Sikkim,1992-12-02,Premium,2024-05-30
C008975,Advaith,Chaudhary,hredhaan17@example.net,Bhatpara,Arunachal Pradesh,1979-02-02,Standard,2025-12-15
C008976,Frado,Ray,rdixit@example.net,Durg,Gujarat,1996-04-20,Business,2024-03-26
C008977,Suhani,Upadhyay,ikshita81@example.net,Bhopal,Uttarakhand,1954-03-19,Standard,2023-04-30
C008978,Januja,Sahni,mallomya@example.net,Bhagalpur,Himachal Pradesh,1953-10-22,Business,2024-02-18
C008979,Nihal,Dave,daksha74@example.net,Sagar,Bihar,1987-11-18,Business,2023-02-26
C008980,Azaan,Bains,pamble@example.net,Coimbatore,Odisha,2005-06-17,Standard,2022-03-27
C008981,Omisha,Babu,udant86@example.com,Mango,Punjab,2002-11-29,Business,2024-03-12
C008982,Gautami,Mody,vmodi@example.org,Parbhani,Punjab,2003-07-29,Business,2025-07-25
C008983,Isaac,Dar,liam01@example.net,Dindigul,Goa,1966-10-15,Business,2026-04-16
C008984,Anjali,Agarwal,dyalkrisha@example.com,Vellore,Rajasthan,1958-09-09,Standard,2023-08-03
C008985,Mugdha,Pillay,faraj42@example.com,Hajipur,Sikkim,1955-01-07,Premium,2021-10-04
C008986,Balhaar,Sunder,anaydeol@example.com,Vadodara,Karnataka,1972-01-20,Premium,2021-12-02
C008987,Yahvi,Sarma,isanghvi@example.com,Ghaziabad,Gujarat,1969-11-11,Business,2026-07-27
C008988,Barkha,Lala,mbalakrishnan@example.net,Malda,West Bengal,1965-06-27,Business,2024-10-14
C008989,Udarsh,Acharya,umanne@example.net,Sambalpur,Haryana,1976-09-28,Premium,2025-11-07
C008990,Hemal,Uppal,kramachandran@example.com,Guwahati,Odisha,1979-02-12,Standard,2025-12-17
C008991,Gayathri,Dasgupta,bahlamaira@example.net,Kavali,Nagaland,1985-07-17,Premium,2025-07-06
C008992,Eesha,Bali,rehaan02@example.net,Jammu,Sikkim,2004-01-20,Business,2022-01-18
C008993,Bhavika,Das,jatinbumb@example.org,Vellore,Uttar Pradesh,1952-12-19,Standard,2023-07-04
C008994,Kabir,Soman,chamanramanathan@example.com,Eluru,Himachal Pradesh,1963-06-01,Premium,2021-12-11
C008995,Triya,Bhatti,anjali38@example.net,Vijayanagaram,Bihar,1954-03-12,Premium,2022-03-05
C008996,Jagdish,Khosla,gagan44@example.net,Hajipur,Rajasthan,1964-11-25,Standard,2022-02-28
C008997,Ekantika,Borra,kalpit04@example.com,Indore,Bihar,1981-03-12,Premium,2025-12-03
C008998,Warda,Mani,tmerchant@example.com,Bhagalpur,Punjab,1981-08-09,Premium,2026-02-04
C008999,Zinal,Trivedi,vincentmann@example.org,Dibrugarh,Punjab,1999-05-26,Standard,2023-03-09
C009000,Janya,Wable,upmachowdhury@example.net,Shivpuri,Arunachal Pradesh,1973-10-29,Premium,2026-04-14
C009001,Sanya,Mandal,akari@example.org,Khora ,Andhra Pradesh,1948-09-17,Standard,2023-11-13
C009002,Kashish,Rama,maharajgaurav@example.com,Parbhani,Tripura,1965-09-23,standard,2024-01-30
C009003,Nathan,Salvi,uborde@example.com,Berhampore,Uttar Pradesh,1972-05-25,Premium,2025-07-15
C009004,Harshil,Patil,chakrika72@example.org,Jabalpur,Andhra Pradesh,2002-11-08,Standard,2023-04-07
C009005,Brinda,Doshi,areddy@example.org,Machilipatnam,Nagaland,1993-05-20,Premium,2023-02-28
C009006,Timothy,Tiwari,eganguly@example.net,Chapra,Punjab,2002-12-12,Business,2025-02-14
C009007,Ishani,Kalla,uchatterjee@example.org,Sirsa,Jharkhand,1951-04-07,Premium,2023-07-24
C009008,Ekavir,Bath,minhasharini@example.com,Sambhal,Nagaland,1980-03-26,Premium,2026-04-01
C009009,Ijaya,Krish,benjaminkashyap@example.net,Meerut,Punjab,1990-05-24,Business,2025-10-09
C009010,Warjas,Bahl,swaminathanojas@example.com,Srinagar,Jharkhand,1986-10-05,Business,2023-05-12
C009011,Nandini,Tella,dubexiti@example.org,Bally,Uttarakhand,1995-09-20,Premium,2023-06-02
C009012,Chavvi,Palan,chasmumrege@example.org,Bardhaman,Nagaland,1996-04-17,Standard,2025-10-01
C009013,Mahika,Devi,niharika01@example.com,Junagadh,Karnataka,1959-11-20,Business,2022-09-04
C009014,Meghana,Narain,fchhabra@example.org,Bhubaneswar,Tripura,1975-01-28,Business,2025-01-19
C009015,Deepa,Bhakta,neelima93@example.org,Mango,Arunachal Pradesh,1997-04-15,Premium,2025-12-05
C009016,Raagini,Batta,bailveer@example.net,Jammu,Uttarakhand,1952-02-28,Business,2022-01-12
C009017,Darpan,Shenoy,basugirik@example.org,Jammu,Mizoram,1960-08-04,Premium,2026-08-06
C009018,Ucchal,Sharaf,ramanathanmugdha@example.com,Nagpur,Karnataka,2003-09-15,Business,2023-10-15
C009019,Fiyaz,Rege,chandranazaan@example.org,Kakinada,Uttarakhand,1960-03-27,Business,2021-11-16
C009020,William,Gandhi,ishanvi40@example.net,Ramagundam,Uttar Pradesh,1948-05-12,Standard,2024-08-20
C009021,Yachana,Gour,nchandran@example.org,Chennai,Tripura,1971-06-25,Premium,2024-08-17
C009022,Veda,Gill,rdugar@example.com,Secunderabad,Andhra Pradesh,1962-06-19,Premium,2024-02-12
C009023,Rehaan,Dar,urmi91@example.net,Warangal,Manipur,1953-10-11,Business,2022-07-12
C009024,Nakul,Gour,ojasvi93@example.net,Kota,Maharashtra,1947-11-22,Standard,2023-03-31
C009025,Rishi,Prakash,gavin22@example.org,Begusarai,Goa,1994-07-22,Business,2026-04-12
C009026,Gopal,Koshy,jaggimatthew@example.net,Kishanganj,Sikkim,2006-11-18,Standard,2022-04-30
C009027,Maanas,Cherian,karidalaja@example.net,Bahraich,Madhya Pradesh,1997-08-11,Standard,2026-08-01
C009028,Vasatika,Desai,nagarutkarsh@example.com,Machilipatnam,Maharashtra,1992-11-03,Premium,2022-01-01
C009029,Jasmit,Bobal,turvijha@example.com,Amravati,Mizoram,1954-01-14,Business,2025-07-18
C009030,Aarini,Sarin,khannahenry@example.net,Ludhiana,Maharashtra,1965-04-25,Business,2023-07-03
C009031,Jai,Bumb,waida13@example.net,Nashik,Uttar Pradesh,1954-11-17,Business,2022-12-05
C009032,Aarini,Barad,megharai@example.net,Raiganj,Madhya Pradesh,1999-07-11,Premium,2026-03-14
C009033,Eesha,Venkatesh,bpant@example.net,Bhilai,Goa,1984-01-05,Business,2026-02-15
C009034,Pavani,Dubey,yuvrajghosh@example.com,Aligarh,Gujarat,1968-07-14,Premium,2025-09-18
C009035,Yagnesh,Parmer,azaan57@example.com,Hindupur,Uttar Pradesh,1988-10-23,Business,2023-12-21
C009036,Chakrika,Ahuja,bmangat@example.net,Adoni,Odisha,1959-02-09,Premium,2025-08-16
C009037,Adya,Mistry,xkrishna@example.net,Amritsar,Andhra Pradesh,2001-10-26,Standard,2025-09-18
C009038,Jack,Chadha,abhakta@example.net,Ujjain,Tripura,2006-09-23,Business,2021-12-20
C009039,Ethan,Wable,raagini16@example.com,Ballia,Andhra Pradesh,1957-09-15,Standard,2025-06-13
C009040,Patrick,Lall,anamika67@example.net,Jodhpur,Kerala,1960-10-18,Business,2025-02-14
C009041,Avi,Warrior,varmaradhika@example.com,Bally,Jharkhand,1972-01-11,Business,2026-03-05
C009042,Advay,Balakrishnan,jagvi85@example.com,Imphal,Sikkim,1964-12-14,Business,2021-12-24
C009043,Gavin,Sampath,ijayakoshy@example.net,Raipur,Maharashtra,1965-03-31,Business,2023-10-10
C009044,Chanakya,Muni,yasti48@example.net,Kirari Suleman Nagar,Jharkhand,1967-04-27,Business,2023-10-14
C009045,Jason,Roy,yashvi06@example.org,Kolhapur,Telangana,1993-12-04,Standard,2021-08-27
C009046,Zinal,Bhandari,ayaanbalasubramanian@example.net,Kochi,Tripura,1966-06-15,Standard,2025-10-28
C009047,Mahika,Rattan,ridhi67@example.net,Saharsa,Uttar Pradesh,1981-02-03,Business,2022-02-10
C009048,Anirudh,Padmanabhan,vihaan41@example.net,Alwar,Sikkim,1968-02-21,Business,2025-07-10
C009049,Kala,Gola,aadhyamajumdar@example.net,Saharanpur,Jharkhand,1989-08-11,Business,2022-02-08
C009050,Omaja,Bhasin,voraaditya@example.net,Srinagar,Andhra Pradesh,1997-11-09,Standard,2024-07-31
C009051,Neha,Mukhopadhyay,rajagopaldiya@example.com,Cuttack,Odisha,1994-02-16,Business,2023-01-18
C009052,Eesha,Arora,chawlabachittar@example.com,Raipur,Kerala,1978-08-19,Standard,2023-06-22
C009053,Pushti,D’Alia,agastyaghosh@example.com,Bokaro,Manipur,1971-09-06,Premium,2024-07-23
C009054,Teerth,Madan,lekhasehgal@example.com,Bhavnagar,Gujarat,2006-09-19,Premium,2023-01-14
C009055,Nitara,Deep,wdutta@example.net,Satna,Punjab,1994-10-05,standard,2026-06-08
C009056,Bishakha,Bir,vsundaram@example.com,Hindupur,Andhra Pradesh,2000-07-03,Business,2022-10-31
C009057,Garima,Balay,isaacbath@example.com,Kharagpur,Nagaland,1963-03-07,Standard,2023-04-17
C009058,Triya,Krishnan,prabhakarpeter@example.com,Berhampore,Tripura,1997-04-12,Business,2023-03-11
C009059,Triya,Lanka,gkoshy@example.net,Anantapuram,Manipur,1981-01-28,Standard,2021-08-22
C009060,Ekani,Ratti,cmander@example.net,Hajipur,Uttar Pradesh,1975-07-20,Business,2022-11-14
C009061,Garima,Babu,harini78@example.org,Tinsukia,Goa,1969-04-17,Standard,2022-03-05
C009062,Kai,Kalita,abhapatla@example.com,Navi Mumbai,Uttarakhand,2001-12-10,Premium,2022-07-11
C009063,Pavani,Bains,yochanaravel@example.net,Unnao,Himachal Pradesh,1952-03-11,Standard,2025-09-25
C009064,Faris,Parmar,semcharan@example.org,Agra,Tamil Nadu,2006-04-27,Business,2022-04-22
C009065,Vihaan,Sundaram,jagdishdey@example.org,Kanpur,Arunachal Pradesh,2007-01-20,Premium,2024-11-13
C009066,Sathvik,Upadhyay,dhawankiaan@example.org,Moradabad,Sikkim,1948-08-14,Business,2022-02-05
C009067,Naveen,Loke,swamyyatin@example.com,Thane,West Bengal,1956-02-04,Standard,2023-01-14
C009068,Rohan,Chahal,kevin76@example.net,Rajkot,Meghalaya,1962-07-29,Premium,2024-05-01
C009069,Michael,Krishnan,manthansathe@example.net,Bhusawal,Odisha,2008-02-05,Business,2025-06-09
C009070,Maanas,Grewal,mgera@example.com,Jaipur,Nagaland,1965-02-20,Standard,2026-06-14
C009071,Ekaraj,Grewal,saitandon@example.org,Warangal,Himachal Pradesh,1946-07-12,Business,2026-07-28
C009072,Ojasvi,Goda,chakrabortywridesh@example.org,Kumbakonam,Assam,1990-04-25,Business,2022-07-19
C009073,Rehaan,Chaudhuri,baliyashasvi@example.com,Morena,Tamil Nadu,1984-12-16,Standard,2022-03-10
C009074,Om,Wali,kiaan51@example.com,Tezpur,Telangana,1991-05-14,Business,2021-08-11
C009075,Ekaraj,Bose,kalezinal@example.com,Jabalpur,Uttarakhand,1979-02-05,Premium,2024-06-15
C009076,Farhan,Gole,christopherpadmanabhan@example.com,Bally,Odisha,1982-04-01,Premium,2022-09-03
C009077,Yutika,Magar,mitalindrajit@example.org,New Delhi,Madhya Pradesh,1991-12-24,Premium,2026-07-19
C009078,Vaishnavi,Pandit,bassishravya@example.com,Agartala,Meghalaya,1970-01-26,Premium,2023-05-21
C009079,Tripti,Lad,iroy@example.net,Bihar Sharif,Arunachal Pradesh,1980-11-08,Premium,2022-07-05
C009080,Ekaraj,Tandon,bajwapranit@example.com,Nanded,Karnataka,1954-09-16,Premium,2025-12-22
C009081,Radhika,Vasa,dadagopal@example.net,Darbhanga,Madhya Pradesh,1973-04-15,Premium,2025-04-17
C009082,Mohini,Shah,pauayushman@example.com,Ahmedabad,Tripura,1972-01-19,Standard,2026-03-28
C009083,Aarush,Thaman,ishaankade@example.com,Tadipatri,Assam,1998-10-12,Business,2021-09-28
C009084,Viraj,Kannan,sankaranbishakha@example.com,Srikakulam,Mizoram,1987-08-25,Premium,2023-01-12
C009085,Raagini,Sama,dayaludyati@example.org,Imphal,Sikkim,1984-02-29,Business,2024-09-02
C009086,Janya,Borde,prishadhar@example.com,Panvel,Kerala,1956-10-10,Premium,2026-07-07
C009087,Jatin,Gala,framan@example.org,Dibrugarh,Kerala,1955-09-02,Business,2023-02-21
C009088,Nathan,Swamy,keya68@example.com,Sambhal,Meghalaya,1954-09-04,Standard,2022-04-11
C009089,Sudiksha,Kala,mitesh62@example.org,Thrissur,Bihar,1958-03-21,Premium,2025-11-21
C009090,Inaya,Sengupta,simonroy@example.org,Gandhinagar,Chhattisgarh,1992-07-28,Standard,2024-05-07
C009091,Andrew,Nagi,hgara@example.com,Thanjavur,Meghalaya,1947-07-16,Business,2024-04-19
C009092,Arin,Mishra,sachi96@example.org,Barasat,Himachal Pradesh,1987-03-27,Business,2024-10-24
C009093,Chatresh,Chauhan,samicharvi@example.net,Bokaro,Arunachal Pradesh,1998-12-31,Standard,2022-12-07
C009094,Shivani,Dewan,graghavan@example.net,Delhi,Chhattisgarh,1956-01-07,Business,2026-01-14
C009095,Xiti,Kannan,chamansandhu@example.net,Rohtak,Punjab,1997-09-27,Premium,2022-07-28
C009096,Urishilla,De,saumya43@example.net,Tezpur,West Bengal,1974-02-03,Standard,2023-04-29
C009097,Tarak,Varughese,kadakiapraneel@example.org,Jalna,Madhya Pradesh,1956-02-22,Premium,2022-03-20
C009098,Dayamai,Bora,zansideshmukh@example.org,Nangloi Jat,Maharashtra,1988-10-15,Standard,2022-11-01
C009099,Harsh,Zacharia,manebahadurjit@example.com,Amritsar,Madhya Pradesh,2007-05-27,Business,2025-02-10
C009100,Chaman,Singh,jack53@example.org,Faridabad,Nagaland,1974-07-31,Standard,2021-08-30
C009101,Gautami,Doctor,qnath@example.net,Kolkata,Himachal Pradesh,1958-11-02,Premium,2024-01-18
C009102,Charles,Rastogi,qsavant@example.net,Panvel,Karnataka,1964-11-02,Standard,2021-10-23
C009103,Niharika,Pillay,arjunsidhu@example.com,Jehanabad,Gujarat,1992-12-18,Standard,2023-03-20
C009104,Gopal,Mani,wkara@example.com,Anantapuram,Sikkim,1992-03-01,Business,2025-10-29
C009105,Sanya,Buch,adeep@example.org,New Delhi,Himachal Pradesh,1949-04-23,Standard,2024-02-24
C009106,Yatin,Din,maharajkamala@example.net,Motihari,Uttarakhand,1974-11-06,Standard,2025-04-23
C009107,Chaitanya,Mannan,daksheshraja@example.org,Adoni,Arunachal Pradesh,1962-12-16,Premium,2023-02-01
C009108,Lavanya,Dhar,pranitravel@example.net,Kanpur,Punjab,1972-04-17,Business,2023-11-28
C009109,Andrew,Bali,charvichaudhuri@example.com,Panihati,Nagaland,1949-08-02,Standard,2023-05-03
C009110,Yashodhara,Yogi,jbala@example.org,Siwan,Andhra Pradesh,1972-02-16,Business,2024-01-29
C009111,Utkarsh,Roy,eshan@example.net,Nagpur,Haryana,1978-01-16,Premium,2022-08-26
C009112,Xavier,Gupta,aashisarkar@example.com,Nashik,Andhra Pradesh,1976-11-26,Business,2026-04-23
C009113,Warjas,Dutta,waliteerth@example.org,Aizawl,Arunachal Pradesh,1974-07-19,Standard,2021-10-15
C009114,Madhavi,Mangat,janaki58@example.com,Bharatpur,Arunachal Pradesh,1989-08-12,Premium,2022-07-19
C009115,Tanish,Mander,isaacchauhan@example.net,Bhilwara,Manipur,1988-09-30,Standard,2021-09-17
C009116,Elijah,Thaman,upadhriti29@example.com,Gwalior,Chhattisgarh,2006-05-09,Business,2025-03-11
C009117,Anmol,Brar,dalaja20@example.net,Amroha,Goa,2005-09-27,Standard,2021-09-09
C009118,Chatresh,Rama,keya62@example.net,Kota,Andhra Pradesh,1989-07-01,Business,2024-12-15
C009119,Oeshi,Anne,aadisagar@example.org,Nanded,Rajasthan,1964-01-02,Business,2026-07-30
C009120,Gaurangi,Soman,quincygoswami@example.net,Alappuzha,Jharkhand,1977-05-15,Business,2022-02-08
C009121,Advika,Srinivas,sachijohal@example.net,Faridabad,Maharashtra,1973-08-10,Business,2021-12-10
C009122,Benjamin,Prabhakar,girish92@example.net,Ambarnath,Mizoram,1985-07-05,Standard,2025-02-28
C009123,Isaac,Sharaf,thakerpranav@example.com,Anantapur,Goa,1974-11-26,Standard,2025-09-12
C009124,Quincy,Chaudhry,wmemon@example.org,Bardhaman,Nagaland,1976-05-12,Business,2026-03-17
C009125,Hitesh,Mammen,vermasara@example.com,Lucknow,Meghalaya,1947-06-29,Business,2024-10-30
C009126,Ekaja,Gandhi,panini37@example.org,Bilaspur,Andhra Pradesh,1957-10-16,Premium,2025-10-21
C009127,Zilmil,Bains,nairmaanas@example.com,Muzaffarpur,Haryana,1953-04-16,Standard,2024-09-18
C009128,Manthan,Sandhu,rastogibarkha@example.net,Uluberia,Rajasthan,1966-04-10,Business,2023-10-26
C009129,Pranit,Narayan,mason86@example.net,Dibrugarh,Haryana,1976-11-01,Premium,2022-02-15
C009130,Girindra,Bajaj,bakhshi36@example.com,Mango,Tamil Nadu,1970-11-16,Premium,2024-10-26
C009131,Ekta,Pillai,jhaveriwazir@example.org,Sirsa,Meghalaya,2000-07-04,Standard,2021-11-18
C009132,Ria,Choudhry,waidananda@example.org,Adoni,Karnataka,1971-09-14,Business,2025-09-15
C009133,Azad,Sur,aviray@example.org,Proddatur,Andhra Pradesh,1980-02-05,Business,2025-12-09
C009134,Jagvi,Babu,gabrielmagar@example.org,Bally,Maharashtra,1948-07-08,Standard,2024-02-28
C009135,Jasmit,Chandran,yadavi91@example.net,Suryapet,Gujarat,1963-06-27,Premium,2021-12-01
C009136,Xalak,Thakur,johalridhi@example.net,Bihar Sharif,Kerala,1987-10-23,Business,2023-06-05
C009137,Vivaan,Kaur,kondachaitaly@example.org,Bhilai,Telangana,1986-03-01,Standard,2025-03-10
C009138,Suhani,Mitra,ekaraj20@example.net,Ghaziabad,Meghalaya,1955-05-21,Premium,2025-12-04
C009139,Kai,Magar,mandasathvik@example.com,Chapra,Uttar Pradesh,1991-12-17,Premium,2026-04-19
C009140,Zinal,Pant,nidra89@example.net,Machilipatnam,Uttar Pradesh,1974-09-14,Premium,2025-01-17
C009141,Kamya,Das,ranbir84@example.com,Munger,Assam,1989-05-15,Standard,2022-02-03
C009142,Ekansh,Dey,radha19@example.com,Mau,Nagaland,1967-01-02,Standard,2024-06-22
C009143,Adweta,Datta,dubegirindra@example.com,Morbi,Punjab,1946-10-24,Premium,2022-04-21
C009144,Chaaya,Dua,ira06@example.org,Fatehpur,Telangana,1951-05-06,Business,2025-02-12
C009145,Mahika,Chaudhary,elijah58@example.org,Panipat,Sikkim,1953-02-07,Business,2021-12-17
C009146,Benjamin,Sawhney,igoda@example.org,Ambarnath,Jharkhand,1982-12-10,Standard,2024-04-26
C009147,Zarna,Gara,daminiramanathan@example.org,Rajahmundry,Andhra Pradesh,1990-08-06,Business,2025-04-10
C009148,Tristan,Rajagopalan,ladlipatel@example.com,Ghaziabad,Jharkhand,1951-07-31,Business,2025-09-05
C009149,Harini,Doctor,netra06@example.org,Lucknow,Madhya Pradesh,2000-07-12,Premium,2026-01-27
C009150,Vasatika,Sahota,vshukla@example.org,Tadepalligudem,Punjab,1982-10-03,Premium,2026-03-03
C009151,Saksham,Baria,upasna10@example.com,Navi Mumbai,Jharkhand,1973-04-14,Standard,2022-12-30
C009152,Ayush,Mani,lakshmi20@example.net,Allahabad,Odisha,1980-10-12,Premium,2024-03-24
C009153,Varenya,Sahota,ati73@example.org,Ambattur,Punjab,1969-09-18,Business,2024-06-09
C009154,Gauri,Ahluwalia,amol55@example.org,Sultan Pur Majra,Himachal Pradesh,1992-09-14,Standard,2026-04-20
C009155,Bakhshi,Misra,gopaldixit@example.net,Morena,Kerala,1946-02-08,Premium,2023-05-13
C009156,Yauvani,Chatterjee,raghav54@example.net,Kochi,Uttarakhand,1998-05-09,Standard,2022-02-01
C009157,Kamya,Divan,jeetbanerjee@example.net,Hospet,Rajasthan,2008-02-01,Standard,2021-09-20
C009158,Varenya,Upadhyay,karedhitha@example.org,Mau,Tripura,1956-04-07,Business,2023-05-22
C009159,Ayush,Chowdhury,samraanya@example.net,Junagadh,Bihar,1994-02-23,Business,2022-07-06
C009160,Banjeet,Choudhry,ekbal37@example.net,Danapur,Kerala,1954-08-12,Premium,2026-01-05
C009161,Omaja,Parmer,tamannamane@example.net,Katni,Kerala,2002-09-03,Standard,2024-03-28
C009162,Inaya,Raghavan,kyogi@example.net,Howrah,Tamil Nadu,1954-06-24,Business,2025-06-11
C009163,Arya,Sidhu,benjamin94@example.org,Jodhpur,Karnataka,1986-02-14,Standard,2025-04-01
C009164,Matthew,Dubey,hboase@example.com,Mehsana,Karnataka,1980-11-25,Standard,2024-07-01
C009165,Ekiya,Kata,parora@example.org,Madhyamgram,Sikkim,1959-07-01,Business,2021-09-26
C009166,Eiravati,Sahota,yasti91@example.org,Nagercoil,Kerala,1981-10-12,Business,2023-01-14
C009167,Jhalak,Bora,gdani@example.com,Kozhikode,West Bengal,1999-12-28,Business,2023-03-25
C009168,Damyanti,Sheth,aiyengar@example.org,Bhimavaram,Andhra Pradesh,1957-08-04,Business,2024-06-10
C009169,Ladli,Purohit,fkhanna@example.net,Ahmednagar,Chhattisgarh,1954-04-08,Standard,2022-01-09
C009170,Rachana,Jani,aarnav25@example.com,Madanapalle,Rajasthan,1988-08-25,Business,2022-02-17
C009171,Atharv,Devi,urmi80@example.com,Mangalore,Madhya Pradesh,1951-12-27,Premium,2025-07-13
C009172,Vasatika,Rege,radhika04@example.com,Imphal,Kerala,1995-05-02,Standard,2024-05-18
C009173,Nikita,Bora,tristangola@example.org,Barasat,Manipur,2006-01-01,Standard,2024-01-13
C009174,Janaki,Kapoor,nikita16@example.com,Raichur,Karnataka,2005-10-15,Premium,2025-11-30
C009175,Vyanjana,Dave,ganesanmadhav@example.org,Pune,Jharkhand,1952-08-05,Business,2024-12-07
C009176,Bahadurjit,Ahuja,rachana13@example.com,Faridabad,Jharkhand,1958-04-14,Premium,2023-12-27
C009177,Vrinda,Sibal,azadgoswami@example.net,Amaravati,Arunachal Pradesh,2007-07-08,Premium,2022-04-20
C009178,Nihal,Pandya,banjeetchawla@example.com,Rewa,Odisha,2006-09-02,Business,2022-10-04
C009179,Ekansh,Zacharia,zilmillad@example.com,Bihar Sharif,Rajasthan,2006-11-06,Standard,2021-10-23
C009180,Onkar,Nazareth,lavanyagupta@example.net,Ramgarh,Meghalaya,1973-08-02,Business,2024-06-06
C009181,Tejas,Mandal,jeevika41@example.net,Bongaigaon,Mizoram,1964-06-17,Standard,2021-09-03
C009182,Neha,Basak,nandinimallick@example.org,Noida,Meghalaya,1985-12-19,Premium,2023-07-17
C009183,Odika,Sarin,galamohini@example.org,Dhule,Chhattisgarh,1976-02-20,Business,2022-10-11
C009184,Nisha,Patil,cbahl@example.com,Bathinda,Tripura,1960-10-22,Standard,2024-06-08
C009185,Ira,Sarkar,aradhana09@example.org,Farrukhabad,Jharkhand,1990-12-30,Standard,2024-11-07
C009186,Simon,Sane,othaman@example.net,Rajahmundry,Gujarat,1994-06-10,Standard,2024-07-26
C009187,Amaira,Barad,pooja88@example.com,Hyderabad,West Bengal,1965-08-21,Standard,2021-10-10
C009188,Sanya,Pradhan,siya77@example.net,Thanjavur,Assam,1958-08-25,Premium,2022-01-04
C009189,Bhavya,Sur,bavazayyan@example.com,Shivpuri,Madhya Pradesh,1973-12-14,Business,2024-11-23
C009190,Parth,Rama,chavvivig@example.com,Tadipatri,Chhattisgarh,1957-10-10,standard,2021-12-24
C009191,Samaksh,Keer,bjaggi@example.com,New Delhi,Arunachal Pradesh,1968-04-29,Business,2023-03-02
C009192,Nathan,Chaudhry,bchaudhuri@example.org,Belgaum,Sikkim,2000-11-05,Premium,2022-07-02
C009193,Hema,Borah,hsom@example.com,Sagar,Odisha,2007-03-10,Premium,2023-09-05
C009194,Ethan,Karnik,idugal@example.net,Bhiwani,Tamil Nadu,1995-06-09,Premium,2025-03-01
C009195,Wridesh,Mall,nairvamakshi@example.net,Raichur,Tripura,1995-02-12,Premium,2022-02-11
C009196,Gayathri,Sura,vedika56@example.net,Amroha,Haryana,1947-05-02,Business,2024-11-12
C009197,Jonathan,Lal,borafariq@example.net,Rourkela,Andhra Pradesh,1998-06-19,Standard,2025-04-27
C009198,Avi,Khosla,smammen@example.net,Khammam,Chhattisgarh,1949-08-08,Premium,2022-06-11
C009199,Mahika,Savant,charvimital@example.com,Tirupati,Assam,1983-06-17,Business,2026-04-10
C009200,Jatin,Mukherjee,gopalikbal@example.com,Bongaigaon,Tamil Nadu,1963-12-11,Standard,2022-08-05
C009201,Robert,Ratta,pauelijah@example.net,Ranchi,Haryana,1982-02-17,Standard,2022-06-14
C009202,Vasana,Handa,luckybhatnagar@example.org,Muzaffarpur,Tamil Nadu,1976-08-24,Standard,2023-12-30
C009203,Ria,Loke,charles74@example.org,Jammu,Mizoram,2001-02-16,Business,2025-07-10
C009204,Daksh,Patla,omaster@example.com,Avadi,Goa,1953-08-26,Standard,2023-06-13
C009205,Krishna,Sundaram,agarwalcaleb@example.net,Tirunelveli,Chhattisgarh,1970-06-21,Business,2023-01-27
C009206,Wishi,Toor,janaki96@example.net,Darbhanga,Uttarakhand,1971-08-03,Standard,2026-07-26
C009207,Brijesh,Murty,umang61@example.net,Tirupati,Haryana,2000-12-22,Premium,2024-04-24
C009208,Darsh,Boase,rsubramanian@example.org,Bhatpara,West Bengal,1946-08-19,Premium,2022-09-12
C009209,Rishi,Jain,wdada@example.net,Agra,Arunachal Pradesh,1953-09-22,Premium,2024-02-09
C009210,Yash,Gara,yagnesh14@example.org,Ballia,Manipur,1965-12-21,Standard,2021-11-17
C009211,Janani,Mandal,opathak@example.net,Durg,Mizoram,1968-05-25,Business,2023-11-18
C009212,Amara,Garg,xdube@example.net,Bellary,Tripura,1986-01-23,Premium,2026-02-17
C009213,Balendra,Bhatnagar,deeplakshit@example.com,Khora ,Uttarakhand,1954-06-09,Standard,2022-04-05
C009214,Advaith,Bal,akshay65@example.org,Madanapalle,Gujarat,1975-12-10,Business,2022-03-14
C009215,Yashodhara,Gupta,vedikasawhney@example.net,Thoothukudi,Karnataka,1949-10-02,Standard,2023-07-07
C009216,Vedant,Bhalla,qasimsubramaniam@example.net,Mumbai,Himachal Pradesh,1987-04-08,Standard,2025-11-08
C009217,Darika,Zachariah,anvikata@example.org,Bijapur,Haryana,1991-10-27,Premium,2022-03-07
C009218,Rohan,Atwal,liam07@example.net,Unnao,Uttar Pradesh,1996-12-31,Business,2023-10-22
C009219,Ayushman,Devi,chaudharynachiket@example.com,Kurnool,Tamil Nadu,1985-02-16,Business,2024-05-11
C009220,Hemangini,Devi,patlahitesh@example.org,Tiruchirappalli,Jharkhand,1945-12-14,Business,2025-07-24
C009221,Irya,Chander,quincy15@example.net,Motihari,Chhattisgarh,1985-12-06,Standard,2022-05-21
C009222,Anjali,Chatterjee,qasim21@example.com,Mehsana,Jharkhand,1986-02-17,Premium,2021-09-05
C009223,Dayamai,Keer,lviswanathan@example.org,Salem,Karnataka,1979-01-14,Standard,2021-11-10
C009224,Brijesh,Dhillon,jhalak14@example.com,Sangli-Miraj & Kupwad,Bihar,1952-08-23,Business,2022-06-13
C009225,Yuvraj,Pillay,pnanda@example.net,Ajmer,Haryana,1975-11-21,Standard,2022-01-30
C009226,Mohammed,Saran,lukebasak@example.com,Mathura,Assam,1978-03-17,Business,2024-02-23
C009227,Alexander,Setty,sarthak61@example.com,Aizawl,Uttar Pradesh,1972-04-04,Premium,2024-09-09
C009228,Kevin,Mittal,hchad@example.com,Dharmavaram,Karnataka,1996-08-16,Standard,2021-12-25
C009229,Ranbir,Aurora,jeevika57@example.org,Sambhal,Odisha,1968-11-18,Business,2026-06-18
C009230,Sneha,Lata,jhalak81@example.org,Varanasi,Jharkhand,1986-03-27,Premium,2025-12-04
C009231,Leela,Nagi,yatinrama@example.net,Aurangabad,Tripura,1961-06-13,Premium,2025-12-09
C009232,Tanmayi,Batta,jdalia@example.com,Dehradun,Nagaland,2007-07-13,Business,2025-03-26
C009233,Aadhya,Khare,mitalidubey@example.net,Gandhinagar,Telangana,1975-06-26,Premium,2026-07-03
C009234,Kalpit,Kannan,duashivansh@example.net,Visakhapatnam,Punjab,1989-11-15,Premium,2023-08-07
C009235,Sai,Arora,jbhatnagar@example.com,Tinsukia,Gujarat,1964-10-19,Premium,2025-05-30
C009236,Yutika,Mahal,tanmayi92@example.org,Adoni,Goa,1946-10-18,Premium,2025-09-24
C009237,Indira,Purohit,desaichanakya@example.net,Kochi,Gujarat,1965-12-31,Premium,2025-11-27
C009238,Tristan,Anand,bishakha93@example.net,Khammam,Chhattisgarh,1948-07-31,Business,2022-11-04
C009239,Yashodhara,Lalla,dakshesh73@example.net,Bidhannagar,Madhya Pradesh,1947-07-04,business,2025-07-28
C009240,Falguni,Karpe,dayamaimandal@example.org,Udaipur,Odisha,1990-01-12,Business,2025-01-29
C009241,Ojasvi,Dutta,tristansrivastava@example.org,Tinsukia,Punjab,1965-03-25,Standard,2026-06-18
C009242,Lopa,Khatri,kumarmohammed@example.net,Chandigarh,Uttar Pradesh,1961-09-20,Standard,2021-09-29
C009243,Bhavya,Iyer,jasmit90@example.net,Kumbakonam,Uttarakhand,1955-07-31,Standard,2022-01-13
C009244,Nakul,Sastry,varkeyqadim@example.org,Sangli-Miraj & Kupwad,Chhattisgarh,1984-06-02,Business,2026-01-30
C009245,Om,Ramakrishnan,lopa43@example.com,Mumbai,Gujarat,1989-01-07,Business,2023-10-15
C009246,Kavya,Padmanabhan,harini23@example.net,Rajkot,Arunachal Pradesh,1954-01-17,Premium,2022-11-03
C009247,Maanav,Sood,qshan@example.net,Kumbakonam,Telangana,1945-11-15,Premium,2022-09-14
C009248,Pranit,Uppal,morarmaya@example.org,Malegaon,Meghalaya,1959-04-16,Business,2025-05-29
C009249,Praneel,Peri,mkorpal@example.org,Bulandshahr,Tripura,1988-12-23,Standard,2025-07-21
C009250,Isaiah,Dora,charles23@example.net,Patiala,Rajasthan,1947-01-11,Business,2024-07-28
C009251,Tarak,Gade,jagatom@example.com,Tirunelveli,Tripura,1958-11-13,Premium,2023-10-13
C009252,Eta,Bansal,ikar@example.org,Eluru,Sikkim,1990-07-10,Premium,2024-10-19
C009253,Nitara,Rastogi,oliver21@example.org,Sonipat,Tripura,1967-08-20,Standard,2022-09-28
C009254,Abhimanyu,Palla,anirudhbutala@example.net,Haldia,Odisha,2001-10-02,Business,2022-02-01
C009255,Ikbal,Wadhwa,nben@example.net,Jalna,Andhra Pradesh,1996-10-20,Standard,2023-09-30
C009256,Agastya,Garde,anvi15@example.net,Alwar,Sikkim,1997-10-13,Premium,2024-03-21
C009257,Dayamai,Lala,warhipandit@example.org,Phusro,Nagaland,1950-04-26,Standard,2023-12-07
C009258,Jalsa,Varghese,hardiksaxena@example.net,Medininagar,Gujarat,1981-06-17,Standard,2023-04-03
C009259,Ranveer,Memon,chandanikoshy@example.net,Navi Mumbai,Punjab,2004-05-14,Business,2023-03-30
C009260,Samuel,Ganesh,mallickikshita@example.org,Bhavnagar,Rajasthan,2008-06-01,Business,2022-02-09
C009261,Vritti,Pathak,ryan30@example.net,Farrukhabad,Haryana,1947-01-19,Premium,2026-05-31
C009262,Vasatika,Shukla,fkalla@example.org,Karawal Nagar,Karnataka,1969-08-25,Business,2025-09-24
C009263,David,Naidu,norivrishti@example.net,Dehradun,West Bengal,1966-09-18,Premium,2024-06-24
C009264,Vritti,Nagy,jbrahmbhatt@example.org,Gandhidham,Uttar Pradesh,1960-07-05,Standard,2025-08-04
C009265,Charvi,Venkataraman,sekhonakshay@example.com,Bhilai,Assam,1973-10-04,Business,2026-06-25
C009266,Rachana,Sachar,settyzansi@example.net,Dindigul,Jharkhand,1949-07-31,Business,2024-09-06
C009267,Mohammed,Om,gunbir83@example.com,Hosur,Uttarakhand,2003-10-21,Business,2025-06-29
C009268,Baghyawati,Buch,suraanjali@example.com,Guntakal,Uttar Pradesh,2005-10-03,Standard,2021-08-27
C009269,Hamsini,Bail,dhawanwazir@example.org,Faridabad,Nagaland,1970-10-23,Business,2022-03-07
C009270,Sanaya,Chaudhary,bhavanisachdev@example.org,Nagaon,Maharashtra,2003-11-30,Business,2022-02-11
C009271,Zashil,Chacko,uppalvansha@example.com,Ballia,Assam,1969-08-26,Business,2024-03-03
C009272,Kashvi,Randhawa,srinivasanadvaith@example.org,Belgaum,Maharashtra,1995-04-09,Premium,2025-05-09
C009273,Dominic,Dhar,nwable@example.org,Pudukkottai,Karnataka,2003-01-26,Premium,2023-01-10
C009274,Manbir,Prabhakar,gbiswas@example.org,Rajkot,Sikkim,1961-07-16,Premium,2023-03-14
C009275,Bhavani,Ray,yashasvibiswas@example.com,Jorhat,Odisha,1993-05-21,Standard,2023-05-12
C009276,Edhitha,Sen,hariwridesh@example.org,Katihar,Assam,1977-11-16,Premium,2023-01-12
C009277,William,Bajaj,nikita60@example.com,Belgaum,Punjab,2002-11-26,Premium,2025-03-06
C009278,George,Oommen,rdua@example.net,Ahmednagar,Mizoram,1973-09-29,Business,2024-02-10
C009279,Zaid,Bandi,krishna81@example.net,Ranchi,Jharkhand,1981-04-03,Premium,2022-07-21
C009280,Oviya,Atwal,hbora@example.org,Tiruchirappalli,Jharkhand,1975-06-25,Business,2025-05-31
C009281,Atharv,Chauhan,ebabu@example.org,Nashik,Tripura,1992-05-28,Premium,2024-03-17
C009282,Chavvi,Ratti,aishanibhatti@example.com,Satna,Kerala,1979-07-10,Business,2025-04-27
C009283,Anjali,Kalita,zrama@example.com,Nanded,Punjab,1988-05-14,Business,2024-08-27
C009284,Max,Sarma,unnibhagat@example.org,Giridih,Telangana,1982-12-28,Business,2025-09-23
C009285,Widisha,Shukla,amritabhatia@example.com,Srinagar,Himachal Pradesh,1981-01-16,Premium,2024-05-22
C009286,Indrajit,Venkatesh,nathaniel99@example.net,Rajkot,Himachal Pradesh,1980-01-12,Premium,2025-02-12
C009287,Dev,Raj,madhavisastry@example.net,South Dumdum,Telangana,1962-12-11,Standard,2022-04-04
C009288,Abhiram,Grewal,ishwar07@example.com,Allahabad,Uttarakhand,2000-11-21,Standard,2023-03-23
C009289,Zaitra,Wadhwa,mannbahadurjit@example.net,Gopalpur,Himachal Pradesh,2008-05-29,Business,2023-04-14
C009290,Bhavna,Master,radhikakhare@example.com,Secunderabad,Haryana,1985-04-17,Premium,2025-11-18
C009291,Krish,Merchant,fahuja@example.com,Kanpur,Manipur,1988-08-28,Standard,2021-12-04
C009292,Netra,Kari,eperi@example.net,Amravati,Nagaland,1965-05-20,Business,2023-12-17
C009293,Shaurya,Bhat,umagar@example.org,Khammam,Maharashtra,1977-11-16,Premium,2023-01-26
C009294,Samar,Dar,arjun42@example.org,Surendranagar Dudhrej,West Bengal,1982-09-04,Premium,2022-11-15
C009295,Sanaya,Lanka,champak00@example.org,Mumbai,Nagaland,1987-02-02,Premium,2024-11-08
C009296,Yadavi,Shah,dhruv47@example.net,Tezpur,Gujarat,1994-10-10,Standard,2025-03-04
C009297,Nimrat,Dewan,pandyaaditya@example.net,Nangloi Jat,Punjab,1960-05-12,Business,2021-10-16
C009298,Widisha,Chandra,harrisonissac@example.org,Kochi,Goa,1957-02-03,Standard,2023-08-11
C009299,Triya,Patel,bakshiayaan@example.net,Kadapa,Uttarakhand,2006-06-19,Business,2022-08-07
C009300,Vasudha,Sandal,ucchal41@example.org,Medininagar,Meghalaya,1983-06-27,Business,2024-03-16
C009301,Chaitaly,Dar,ekajadutt@example.net,Purnia,Goa,2000-05-27,Premium,2022-07-24
C009302,Ishita,Dutta,thamanmadhav@example.com,Baranagar,Telangana,1982-03-09,Premium,2023-01-06
C009303,Ikshita,Bala,ekaniedwin@example.net,Howrah,Madhya Pradesh,1976-05-14,Standard,2024-06-18
C009304,Amaira,Trivedi,masternitara@example.org,Bangalore,Odisha,1964-06-09,Premium,2023-11-02
C009305,Harita,Kulkarni,ekiyakannan@example.net,Bhusawal,Arunachal Pradesh,1988-06-04,Premium,2023-03-04
C009306,Ekanta,Doctor,reddypriya@example.org,Bharatpur,Kerala,1954-08-11,Premium,2022-11-13
C009307,Xavier,Memon,mwadhwa@example.net,Sikar,Himachal Pradesh,1956-03-24,Standard,2025-03-18
C009308,Wakeeta,Chana,ranveer68@example.org,Ozhukarai,Goa,1981-03-09,Premium,2023-09-14
C009309,Ekiya,Patla,aishanimenon@example.org,Baranagar,Maharashtra,1949-03-30,Standard,2026-05-10
C009310,Xiti,D’Alia,sai75@example.com,Hyderabad,Nagaland,1964-07-09,Standard,2025-07-09
C009311,Anita,Pradhan,ekantavarughese@example.net,Kota,Telangana,1952-12-11,Business,2024-03-22
C009312,Qushi,Nayar,baradshravya@example.org,Moradabad,Assam,1975-05-28,Standard,2024-12-29
C009313,Janaki,Balasubramanian,zilmilbhatnagar@example.org,Vellore,Nagaland,1946-06-19,Standard,2022-01-12
C009314,Thomas,Banerjee,arin81@example.net,Chapra,Gujarat,1992-10-12,Premium,2025-02-28
C009315,Lila,Kothari,ucchalmallick@example.org,Pali,Odisha,1953-10-06,Premium,2023-03-28
C009316,Nakul,Rajagopal,jsarna@example.com,Alappuzha,Andhra Pradesh,2002-08-08,Business,2023-09-20
C009317,Anamika,Taneja,peterchahal@example.net,Malda,West Bengal,1994-11-17,Premium,2023-09-13
C009318,Manya,Sharma,mdivan@example.net,Tirupati,Haryana,1978-12-28,premium,2025-06-24
C009319,Ubika,Mangal,vermazaid@example.com,Amritsar,Chhattisgarh,1980-03-12,Business,2024-03-07
C009320,Dhriti,Sahni,nilimakadakia@example.net,Avadi,Madhya Pradesh,1959-05-17,Business,2023-06-26
C009321,Eshana,Chatterjee,zarnanazareth@example.org,Bulandshahr,Uttarakhand,1976-02-13,Standard,2024-09-01
C009322,Yamini,Chahal,omkaar13@example.org,Madurai,Maharashtra,1961-04-19,Business,2024-11-20
C009323,Nidra,Konda,ryanarya@example.com,Shahjahanpur,Maharashtra,1981-01-04,Business,2021-08-18
C009324,Pooja,Rout,yashicanagar@example.net,Tiruvottiyur,Uttarakhand,1965-12-16,Standard,2026-06-25
C009325,Upadhriti,Ahluwalia,sridharluke@example.com,Saharsa,Mizoram,1948-06-19,Business,2026-07-11
C009326,Balvan,Chandran,brijeshoommen@example.net,Thanjavur,Himachal Pradesh,1967-01-28,Premium,2024-10-14
C009327,Pooja,Comar,ramakrishnanedhitha@example.net,Bhatpara,Sikkim,1958-02-17,Standard,2024-06-29
C009328,Farhan,Sem,dipta32@example.net,South Dumdum,Maharashtra,1976-08-07,Business,2023-11-06
C009329,George,Kurian,bhans@example.com,Thoothukudi,West Bengal,1955-02-06,Standard,2026-03-07
C009330,Deepa,Palla,tanish39@example.net,Bhusawal,Goa,1946-07-28,Premium,2025-01-27
C009331,Onkar,Sidhu,anmol09@example.com,Kishanganj,Sikkim,1977-09-25,Business,2025-10-09
C009332,Ayushman,Varughese,iryadeo@example.org,North Dumdum,Andhra Pradesh,1954-08-18,Standard,2025-09-26
C009333,Jeevika,Ramaswamy,aayush44@example.net,Sagar,Tamil Nadu,1993-11-29,Business,2022-12-29
C009334,Turvi,Pau,bagate@example.com,Tiruchirappalli,Jharkhand,1991-11-09,Premium,2021-08-29
C009335,Nidra,Mall,henry94@example.net,Ballia,Kerala,1948-02-08,Premium,2022-03-18
C009336,Bina,Behl,harshilbir@example.com,Kollam,Maharashtra,2006-04-16,Business,2025-09-28
C009337,Tanvi,Balay,jairaj88@example.net,Madhyamgram,Karnataka,1977-04-20,Standard,2022-04-22
C009338,Neel,Chander,atwalrudra@example.net,Bhind,Odisha,1986-11-13,Standard,2025-08-21
C009339,Jhalak,Chander,znadig@example.net,Raichur,Odisha,1963-07-14,Premium,2022-03-20
C009340,Kritika,Nadig,pdalal@example.net,Berhampur,Manipur,1999-07-11,Premium,2026-05-10
C009341,Siya,Yadav,gkannan@example.org,Bikaner,Uttarakhand,1946-12-26,Business,2024-11-19
C009342,Jagat,Gera,ucchal60@example.org,Bardhaman,Assam,2003-04-29,Standard,2026-04-15
C009343,Vihaan,Jha,manthan04@example.org,Gudivada,Arunachal Pradesh,1983-08-09,Standard,2024-04-19
C009344,Ria,Mandal,isharastogi@example.org,Ujjain,Gujarat,1948-10-30,Standard,2025-03-05
C009345,Vincent,Varghese,abhavsar@example.com,Ghaziabad,Nagaland,1966-08-11,Premium,2023-07-19
C009346,Chatura,Tandon,pdugal@example.net,Silchar,Tamil Nadu,2000-09-13,Premium,2026-07-12
C009347,Alexander,Prabhu,jraju@example.com,Jalna,Sikkim,1966-02-02,Standard,2023-10-08
C009348,Hemal,Chad,xkurian@example.org,Vasai-Virar,Andhra Pradesh,1998-07-01,Business,2023-11-30
C009349,Quincy,Ganguly,yatinagrawal@example.net,Farrukhabad,Punjab,1992-08-20,Premium,2026-03-24
C009350,Nihal,Batta,chanakya74@example.com,Ujjain,Himachal Pradesh,1980-03-25,Business,2022-12-06
C009351,Chandani,Mand,viraj77@example.org,Kulti,Kerala,2000-03-05,Business,2023-01-09
C009352,Ayushman,Ramaswamy,yastiwalia@example.org,Madanapalle,West Bengal,1954-03-01,Premium,2022-05-08
C009353,Bhavika,Bahri,nmand@example.com,Thrissur,Kerala,1965-11-07,Business,2022-09-20
C009354,Kalpit,Gokhale,calebkaur@example.net,Belgaum,Madhya Pradesh,1980-03-16,Premium,2025-01-05
C009355,Atharv,Ravi,shankardhriti@example.com,Bhavnagar,Sikkim,1957-01-07,Standard,2022-08-24
C009356,Rudra,Sekhon,tbahri@example.com,Vellore,Telangana,1956-05-14,Standard,2022-10-14
C009357,Amol,Bava,rohan77@example.org,Dewas,Karnataka,1950-12-12,Business,2025-05-21
C009358,Yahvi,Rajan,mayadalal@example.net,Jorhat,Andhra Pradesh,1955-07-07,Standard,2023-12-22
C009359,Faqid,Savant,dubeneel@example.org,Udaipur,Manipur,1996-04-28,Standard,2025-06-28
C009360,Rajeshri,Shetty,varenya02@example.net,Baranagar,Karnataka,1993-03-01,Business,2024-01-18
C009361,Kritika,Pandit,vedantratta@example.net,Dharmavaram,Kerala,2000-03-08,Standard,2025-07-15
C009362,Janani,Andra,samuelnaik@example.com,Hajipur,Tripura,1952-11-24,Premium,2021-08-14
C009363,Udarsh,Andra,niteshdatta@example.org,Rourkela,Rajasthan,1948-04-26,Premium,2025-08-04
C009364,Dakshesh,Dar,gautamsachar@example.net,Shivpuri,Assam,1947-05-03,Standard,2024-02-28
C009365,Anirudh,Bawa,kantosha@example.net,Anantapur,Andhra Pradesh,1947-04-01,Premium,2023-03-15
C009366,Hema,Sani,andrew30@example.com,Patna,Uttar Pradesh,1960-11-06,Standard,2022-03-18
C009367,Fariq,Rajan,gaganshetty@example.net,Tirupati,Manipur,1961-05-10,Premium,2023-03-15
C009368,Nilima,Shah,guhaethan@example.org,Howrah,Sikkim,1973-09-03,Standard,2023-03-19
C009369,Gautam,Rout,thomas01@example.com,Vijayawada,Assam,1998-01-27,Premium,2024-04-26
C009370,Jagvi,Setty,tmorar@example.net,Mathura,Jharkhand,1996-10-07,Premium,2024-08-04
C009371,Gauri,Sura,devika27@example.org,Ballia,West Bengal,1994-06-18,Premium,2024-05-24
C009372,Indali,Jaggi,kmutti@example.org,Tirupati,Odisha,1970-01-25,Standard,2022-05-04
C009373,Watika,Kala,amblehemangini@example.org,Belgaum,Kerala,1956-01-28,Premium,2023-11-13
C009374,Rohan,Mallick,soodchandani@example.net,Phagwara,West Bengal,1985-11-14,Standard,2024-07-25
C009375,Samuel,Madan,mohammedsubramanian@example.net,Guntur,Karnataka,1990-11-07,Premium,2026-04-25
C009376,Hitesh,Memon,pahal69@example.net,Shimoga,Telangana,1949-03-02,Standard,2023-11-06
C009377,Zaitra,Gara,vrindarandhawa@example.com,Rourkela,Tripura,1994-12-23,Premium,2025-09-14
C009378,Dakshesh,Bhatia,boraishwar@example.net,Khandwa,Sikkim,1983-01-17,Standard,2025-02-15
C009379,Pahal,Dube,frederick02@example.org,Karawal Nagar,Kerala,1983-04-28,Standard,2023-06-17
C009380,Rushil,Korpal,ddutt@example.org,Gandhidham,Madhya Pradesh,1950-10-28,Premium,2024-07-20
C009381,Inaya,Sagar,indali59@example.net,Bhusawal,Mizoram,1950-02-22,Business,2022-12-04
C009382,Faras,Handa,bhavanigrover@example.net,Hajipur,Telangana,2000-10-29,Premium,2024-01-31
C009383,Pratyush,Munshi,gaurangchaudhuri@example.com,Warangal,Tripura,1968-10-06,Standard,2025-03-12
C009384,Darpan,Gole,jkurian@example.org,Farrukhabad,Rajasthan,1978-02-22,Business,2022-10-08
C009385,Aadi,Sachdev,ganganori@example.com,Kavali,Jharkhand,1986-07-22,Premium,2021-08-07
C009386,Michael,Doshi,joshua18@example.net,Etawah,Manipur,1977-01-09,Premium,2022-12-23
C009387,Faraj,Bhakta,ebose@example.com,Ahmednagar,Madhya Pradesh,1977-04-10,Business,2024-11-11
C009388,Faqid,Pathak,raoorinder@example.org,Tirunelveli,Chhattisgarh,1992-09-14,Standard,2025-05-04
C009389,Ladli,Barad,kamya10@example.org,Thoothukudi,Arunachal Pradesh,1946-07-11,Standard,2022-01-24
C009390,Siddharth,Sastry,vidhisrinivas@example.com,Panchkula,Mizoram,2006-02-16,Business,2026-05-11
C009391,Ekanta,Deo,aagate@example.com,Durgapur,Odisha,1950-08-02,Premium,2023-07-11
C009392,Meera,Dyal,lavanya06@example.net,Bardhaman,Maharashtra,1952-07-30,Standard,2024-01-07
C009393,Raghav,Banik,poojachada@example.net,Hajipur,Chhattisgarh,1992-03-13,Business,2026-05-19
C009394,Indali,Kanda,kabirdayal@example.org,Bhavnagar,Gujarat,1946-02-09,Business,2026-07-07
C009395,Neha,Chokshi,darshramesh@example.org,Thrissur,Telangana,2005-10-12,Standard,2023-02-01
C009396,Aarini,Dugal,zsethi@example.net,Srikakulam,Karnataka,1960-07-15,Standard,2024-03-07
C009397,Qushi,Maharaj,gagansama@example.org,Singrauli,Maharashtra,1960-03-11,Standard,2022-12-16
C009398,Jagvi,Issac,qarin46@example.net,Tadepalligudem,Kerala,1982-11-01,Business,2025-01-23
C009399,Gautam,Seshadri,bhatiadevika@example.org,Uluberia,Bihar,1947-03-06,Premium,2022-01-21
C009400,Sai,Gill,simonchar@example.org,Kozhikode,Jharkhand,1983-03-18,Premium,2021-08-22
C009401,Joshua,Parmer,qadim05@example.org,Tezpur,West Bengal,2003-10-15,Business,2026-06-03
C009402,Jason,Gola,bahadurjitsolanki@example.org,Pudukkottai,Maharashtra,1951-11-16,Standard,2021-09-02
C009403,Mitali,Talwar,charlesparsa@example.org,Bhimavaram,Gujarat,1946-06-24,Premium,2023-09-18
C009404,Isaac,Sarkar,abeerborra@example.org,Motihari,Haryana,1979-12-26,Standard,2024-02-11
C009405,Bhavya,Padmanabhan,dorareyansh@example.com,Mau,Tamil Nadu,1960-10-06,Business,2023-01-02
C009406,Ojasvi,Sahni,yatankhurana@example.com,Karaikudi,Nagaland,1950-02-09,Standard,2023-09-19
C009407,Yashica,Radhakrishnan,wridesh16@example.org,Arrah,Bihar,1947-06-20,Premium,2025-09-16
C009408,Dev,Khatri,fravi@example.org,Kumbakonam,Arunachal Pradesh,1952-08-02,Business,2023-01-22
C009409,Kalpit,Pathak,zaid57@example.org,Rewa,Arunachal Pradesh,1953-12-30,Business,2022-06-15
C009410,Jagat,Wadhwa,aishani49@example.com,Patna,Haryana,2001-12-04,Business,2024-05-23
C009411,Liam,Srinivas,waliturvi@example.org,Jhansi,Kerala,1990-10-13,Standard,2022-01-22
C009412,Zayan,Khanna,godaakshay@example.org,Guna,Rajasthan,1999-11-04,Standard,2024-09-08
C009413,Vivaan,Gaba,hganesh@example.com,Hapur,Sikkim,1965-05-10,Standard,2023-08-26
C009414,Jagdish,Shere,badalvedhika@example.org,Rourkela,Gujarat,1958-12-17,Premium,2022-01-08
C009415,Krisha,Balakrishnan,srivastavautkarsh@example.com,Bhubaneswar,Rajasthan,1997-07-01,Standard,2023-06-27
C009416,Zehaan,Gour,,Katni,Haryana,1983-03-12,Business,2025-01-02
C009417,Tripti,Prasad,inayabarad@example.org,Bilaspur,Karnataka,1983-03-06,Business,2023-05-23
C009418,Anay,Golla,iwali@example.net,Miryalaguda,Assam,1960-04-29,Business,2023-08-19
C009419,Jalsa,Kumar,paivritti@example.org,Davanagere,Tripura,1993-08-11,Premium,2025-02-12
C009420,Watika,Thaker,guhabrijesh@example.net,Maheshtala,Goa,1966-07-20,Standard,2021-10-26
C009421,Azaan,Mohanty,singhalreyansh@example.net,Phagwara,Gujarat,1959-04-07,Premium,2022-12-14
C009422,Chandran,Walia,prashadranbir@example.com,Bhimavaram,Assam,2006-01-23,Standard,2025-02-17
C009423,Hitesh,Gokhale,aradhana08@example.org,Avadi,Arunachal Pradesh,1948-10-09,Standard,2025-11-26
C009424,Faras,Bhalla,settymanan@example.com,Tiruchirappalli,Manipur,2003-12-01,Premium,2023-02-20
C009425,Yuvraj,Sheth,bandiarjun@example.com,Tiruvottiyur,Punjab,1953-07-18,Business,2025-11-15
C009426,Gaurang,Sood,zayan22@example.com,Amritsar,Jharkhand,1987-09-25,Standard,2025-01-25
C009427,Ishwar,Nadkarni,jkala@example.net,Amritsar,Rajasthan,1979-08-05,Standard,2022-05-27
C009428,Jalsa,Rajan,shaamrita@example.com,Mumbai,Arunachal Pradesh,1992-06-20,Premium,2022-02-25
C009429,Elijah,Shroff,eshana77@example.org,Jodhpur,Gujarat,1950-02-27,Business,2022-10-03
C009430,Ekiya,Chaudry,bhanumatibali@example.com,Meerut,Gujarat,1989-02-23,Business,2025-03-10
C009431,Wriddhish,Ram,sarthakkhatri@example.org,Durg,Karnataka,1956-01-20,Business,2024-12-04
C009432,Lakshmi,Thakur,isavant@example.com,Pimpri-Chinchwad,Uttar Pradesh,2006-05-18,Premium,2022-07-06
C009433,Peter,Raju,kundahiral@example.org,Naihati,Nagaland,2008-04-06,Premium,2023-07-07
C009434,Faqid,Cheema,nmaster@example.com,Saharanpur,Goa,1979-03-21,Standard,2023-03-31
C009435,Dakshesh,Talwar,vedantanand@example.net,Thanjavur,Chhattisgarh,1989-03-20,Premium,2023-03-11
C009436,Umang,Dalal,dyaloeshi@example.net,Darbhanga,Sikkim,1984-09-25,Standard,2025-04-25
C009437,Lipika,Dasgupta,gaurinarang@example.net,Phagwara,Madhya Pradesh,1967-02-20,Business,2025-04-17
C009438,Ikshita,Ramachandran,udarshnarayanan@example.com,Bihar Sharif,Sikkim,1967-01-23,Standard,2022-08-03
C009439,Nakul,Dyal,kamala66@example.com,Kavali,Bihar,1960-01-31,Business,2024-10-26
C009440,Omisha,Agate,vigeta@example.net,Sirsa,Odisha,1970-09-01,Business,2021-10-22
C009441,Oviya,Wable,zilmilraja@example.org,Saharanpur,Uttarakhand,1948-02-12,Business,2023-11-16
C009442,Lucky,Andra,suravi@example.com,Madanapalle,Bihar,2000-12-13,Premium,2022-05-06
C009443,Ekaja,More,zmadan@example.org,Fatehpur,Tripura,1967-07-18,Standard,2022-02-23
C009444,Jagvi,Kale,harsh48@example.com,Jalandhar,Punjab,1965-08-13,Business,2023-06-23
C009445,Lakshit,Kohli,banjeetdeshpande@example.net,Belgaum,West Bengal,1978-03-17,Standard,2025-01-08
C009446,Yagnesh,Sama,avni83@example.com,Dibrugarh,Goa,1968-03-10,Business,2021-11-27
C009447,Ekalinga,Tata,ishwar00@example.com,Proddatur,Andhra Pradesh,1981-03-10,Standard,2023-01-12
C009448,Brijesh,Warrior,kiaandayal@example.org,Rajkot,Karnataka,2004-01-06,Premium,2024-10-21
C009449,Balhaar,Pillai,madhaviparmar@example.org,Singrauli,Odisha,1969-03-28,Standard,2021-12-24
C009450,Zansi,Soman,balaamaira@example.com,Nagpur,Bihar,1960-04-19,Business,2023-12-28
C009451,Osha,Thaman,mminhas@example.com,Vijayawada,Bihar,2001-11-08,Business,2024-10-23
C009452,Falguni,More,avnisibal@example.net,Vasai-Virar,Maharashtra,1965-06-21,Business,2023-10-13
C009453,Dakshesh,Bhalla,manilavanya@example.org,Raurkela Industrial Township,Andhra Pradesh,1991-03-16,Premium,2021-08-21
C009454,Chameli,Dash,uom@example.net,Madhyamgram,Meghalaya,1947-12-15,Business,2023-10-20
C009455,Chandani,Bajwa,harish40@example.net,Patiala,Maharashtra,1993-05-31,Premium,2022-03-19
C009456,Leela,Chawla,vihaan19@example.com,Vasai-Virar,Karnataka,1973-05-20,Standard,2023-04-03
C009457,Yadavi,Jani,dugalyagnesh@example.com,Bulandshahr,Jharkhand,1992-12-30,Business,2024-03-09
C009458,Ekaraj,Bera,ojasvi11@example.org,Kochi,Madhya Pradesh,1953-06-02,Standard,2025-05-23
C009459,Geetika,Chadha,tthaman@example.net,Raurkela Industrial Township,Uttarakhand,1998-06-26,Business,2025-11-18
C009460,Kai,Narayanan,daniel46@example.net,Chittoor,Sikkim,1988-04-28,Premium,2023-08-23
C009461,Hema,Gulati,idayal@example.net,Satara,Jharkhand,1965-01-15,Premium,2026-04-16
C009462,Gopal,Behl,vartygaurang@example.org,Nagaon,Jharkhand,1969-04-07,Premium,2025-03-01
C009463,Saksham,Seth,bahadurjitnagarajan@example.org,Guwahati,Sikkim,2001-02-02,Premium,2024-03-03
C009464,Nisha,Dugar,karnikdamyanti@example.org,Bihar Sharif,Gujarat,1970-04-21,Business,2025-03-29
C009465,Meera,Dar,kharepranav@example.org,Maheshtala,Andhra Pradesh,1989-10-24,Standard,2021-08-17
C009466,Vasatika,Dara,bhargavaanthony@example.com,Guntakal,Bihar,1957-12-15,Standard,2025-04-16
C009467,Michael,Hegde,banjeet08@example.org,Chinsurah,Sikkim,1997-11-08,Business,2025-11-28
C009468,Hiral,Boase,qchahal@example.net,Hubli–Dharwad,Karnataka,1998-11-17,Business,2024-07-01
C009469,Utkarsh,Seshadri,battazayan@example.com,Ambala,Tamil Nadu,2000-05-10,Business,2024-04-17
C009470,Wyatt,Mody,dyaleta@example.net,Alappuzha,Tamil Nadu,1969-01-18,Premium,2025-01-19
C009471,Sai,Sidhu,ypalla@example.com,Hajipur,Tamil Nadu,2006-12-16,Business,2022-07-19
C009472,Damini,Sura,simonnori@example.org,Bhavnagar,Jharkhand,1966-07-18,Premium,2022-09-26
C009473,Kavya,Shankar,jatinkanda@example.org,Gandhidham,Arunachal Pradesh,1988-01-05,Standard,2026-05-06
C009474,Yutika,Halder,mahalurmi@example.net,Bidar,Arunachal Pradesh,1974-05-08,Business,2023-01-16
C009475,Gautam,Gour,ommanya@example.org,Karaikudi,Goa,2002-11-19,Business,2025-09-06
C009476,Aarav,Gade,bgaba@example.org,Bareilly,Chhattisgarh,1949-05-03,Business,2023-07-29
C009477,Lavanya,Sanghvi,vhans@example.org,Siwan,West Bengal,1991-09-19,Business,2022-08-23
C009478,Viraj,Goda,galasiddharth@example.com,Malegaon,Haryana,2003-01-06,Premium,2026-05-14
C009479,Zehaan,Kala,charles48@example.org,Jammu,Jharkhand,1968-07-10,Premium,2026-07-22
C009480,Abhiram,Srinivas,senguptayahvi@example.com,Dibrugarh,West Bengal,1982-08-08,Premium,2022-12-11
C009481,Anvi,Golla,indali71@example.org,Jamnagar,Chhattisgarh,2001-06-25,Standard,2026-07-22
C009482,Vinaya,Om,upkaarsangha@example.org,Shahjahanpur,Madhya Pradesh,1982-01-11,Premium,2024-07-14
C009483,Chaaya,Sankar,dakshesh62@example.com,Delhi,Madhya Pradesh,1965-03-11,Premium,2024-05-02
C009484,Hardik,Merchant,balendra66@example.net,Sambalpur,Assam,1962-09-21,Standard,2023-06-10
C009485,Rayaan,Madan,hbala@example.org,Tiruchirappalli,Jharkhand,1992-04-21,Premium,2021-10-18
C009486,Abha,Varty,bennimrat@example.org,Dewas,Madhya Pradesh,1955-11-23,premium,2024-01-13
C009487,Pushti,Bhardwaj,ekantakanda@example.com,Ratlam,Goa,1960-12-04,Premium,2022-01-18
C009488,Bhavani,Dhillon,pushtipatla@example.org,Kadapa,Kerala,1993-11-17,Premium,2025-10-15
C009489,Nikita,Upadhyay,floke@example.net,Surendranagar Dudhrej,Punjab,1946-10-22,Business,2024-07-23
C009490,Wriddhish,Buch,agour@example.net,Singrauli,Goa,1989-03-15,Premium,2024-05-22
C009491,Hritik,Hayre,hvarty@example.org,Mathura,Punjab,1958-07-11,Standard,2022-09-24
C009492,Arin,Bhakta,rvarma@example.org,Ahmedabad,Nagaland,1955-10-29,Premium,2023-12-21
C009493,Azaan,Ahuja,agatedevansh@example.org,Orai,Madhya Pradesh,1979-03-27,Business,2024-03-18
C009494,Alka,Yohannan,natarajanhemani@example.org,Howrah,Kerala,1962-04-26,Premium,2023-05-05
C009495,Isaiah,Merchant,baralutkarsh@example.com,Bhilwara,Telangana,1970-05-05,Standard,2025-05-29
C009496,Ekani,Gour,dayamaimangat@example.org,Delhi,Kerala,1994-03-16,Premium,2025-01-31
C009497,Idika,Nayar,hdhar@example.org,Amroha,Tamil Nadu,2007-12-24,Business,2024-01-11
C009498,Raagini,Ben,michael47@example.org,Nellore,Telangana,1999-01-01,Premium,2025-02-12
C009499,Idika,Kumer,raorohan@example.com,Kota,Tamil Nadu,1959-03-28,Premium,2024-09-07
C009500,Ekapad,Dada,sinhaudarsh@example.com,Adoni,Maharashtra,1992-07-17,Business,2023-07-14
C009501,Gagan,Maharaj,tara64@example.net,Panipat,Nagaland,1997-01-05,Standard,2026-05-17
C009502,Thomas,Sidhu,fsarma@example.net,Bokaro,Manipur,1956-10-01,Business,2025-09-02
C009503,Lavanya,Brar,zaid90@example.net,Morena,Maharashtra,1955-03-08,Standard,2024-05-19
C009504,Pranav,Sandal,schhabra@example.org,Raichur,Maharashtra,1990-08-12,Standard,2022-08-22
C009505,Brinda,Chatterjee,bailjyoti@example.com,Satna,Himachal Pradesh,2007-09-22,Standard,2021-09-24
C009506,Champak,Mutti,garadevika@example.com,Hajipur,Odisha,1959-11-22,Standard,2024-09-18
C009507,Veda,Chahal,biyengar@example.com,Aizawl,Chhattisgarh,1985-12-27,Standard,2025-12-18
C009508,Falguni,Shankar,tristan27@example.org,Allahabad,Andhra Pradesh,1959-03-14,Premium,2022-08-13
C009509,Omya,Mannan,pranit11@example.org,Pimpri-Chinchwad,Mizoram,2000-07-20,Business,2023-11-17
C009510,Nihal,Malhotra,fdhaliwal@example.com,Tiruppur,Meghalaya,1995-11-30,Standard,2026-07-06
C009511,Jackson,Jaggi,anirudhchandra@example.net,Danapur,Manipur,1958-04-14,Premium,2023-04-20
C009512,Arin,Chada,reddyyamini@example.org,Miryalaguda,Sikkim,1971-08-07,Standard,2025-05-17
C009513,Timothy,Subramaniam,meghanawali@example.org,Bally,Jharkhand,1950-11-13,Premium,2024-08-28
C009514,Osha,Guha,jackson12@example.com,Buxar,Jharkhand,2002-12-07,Business,2024-09-08
C009515,Quincy,Nair,aachal37@example.net,Tiruppur,Kerala,1997-10-09,Premium,2024-02-19
C009516,Siddharth,Dass,champakkashyap@example.net,Aurangabad,Maharashtra,1992-04-30,Standard,2023-01-10
C009517,Janaki,Srinivasan,aachal76@example.net,Miryalaguda,Gujarat,1948-02-15,Standard,2023-10-26
C009518,Vritti,Warrior,hwali@example.org,Karimnagar,Gujarat,1981-05-13,Business,2022-05-16
C009519,Jason,Cherian,siya23@example.net,Sirsa,Kerala,1965-05-18,Premium,2021-10-02
C009520,Jacob,Vohra,arunimamander@example.org,Kottayam,Jharkhand,1967-11-21,Premium,2022-12-13
C009521,Nathan,Bail,orinder58@example.net,Bidhannagar,Nagaland,1997-08-25,Business,2023-06-01
C009522,Girindra,Chatterjee,revabal@example.net,Kamarhati,Maharashtra,1989-01-21,Business,2023-09-08
C009523,Yochana,Sabharwal,upasnasahota@example.org,Kakinada,Maharashtra,2003-09-09,Standard,2024-09-11
C009524,Pushti,Iyer,advika70@example.com,Bhiwandi,Tripura,1955-10-15,Business,2025-07-03
C009525,Dalbir,Kamdar,aayush34@example.net,Sambhal,Andhra Pradesh,1962-10-12,Standard,2023-12-25
C009526,Baljiwan,Jhaveri,shahzayan@example.net,Danapur,Andhra Pradesh,1964-05-02,Standard,2023-06-08
C009527,Harinakshi,Om,yutikavasa@example.com,Shimoga,West Bengal,1984-06-14,Premium,2023-12-02
C009528,Gavin,Agrawal,chandranmohini@example.org,Hosur,Arunachal Pradesh,2007-09-12,Premium,2023-09-12
C009529,Reyansh,Rattan,avni20@example.org,Kottayam,Madhya Pradesh,1982-03-19,Business,2022-01-09
C009530,Balvan,Srinivasan,nicholasvyas@example.org,Proddatur,Jharkhand,1994-04-12,Business,2025-01-14
C009531,Diya,D’Alia,yashasvi30@example.org,Raipur,Assam,1969-05-05,Premium,2022-01-23
C009532,Harinakshi,Sarin,jeevikapau@example.net,Nagercoil,Meghalaya,1984-03-07,Business,2025-11-09
C009533,Sai,Gole,vsidhu@example.net,Gurgaon,Telangana,1967-01-29,Premium,2026-07-21
C009534,Jackson,Thakur,jeremiah48@example.net,Navi Mumbai,Gujarat,1955-05-01,Standard,2023-10-09
C009535,Waida,Saha,neha24@example.org,Thane,Jharkhand,2005-05-26,Premium,2024-08-16
C009536,Lakshmi,Dugal,tborra@example.org,Kanpur,Assam,1952-11-25,Standard,2025-01-06
C009537,Liam,Natt,pushti20@example.net,Bidhannagar,Telangana,1982-01-27,Business,2024-04-09
C009538,Yochana,Bhakta,manderjagvi@example.com,Bhusawal,Himachal Pradesh,1990-11-28,Premium,2022-05-09
C009539,Bhavna,Sha,llall@example.org,Kolkata,Kerala,1987-06-21,Standard,2026-02-17
C009540,Nathan,Soni,aayushuppal@example.com,Dharmavaram,Nagaland,1946-09-21,Business,2025-03-21
C009541,Janaki,Chhabra,gbera@example.org,Haldia,Odisha,1997-01-24,Premium,2021-12-31
C009542,Falan,Bansal,,Thane,Gujarat,1981-12-17,Standard,2021-10-08
C009543,Anusha,Muni,gangasubramanian@example.org,Gwalior,Karnataka,2007-06-03,Business,2025-08-09
C009544,Nidra,Dey,upkaar52@example.org,Sagar,Odisha,1954-07-20,Premium,2023-04-09
C009545,Indira,Anand,nigamnakul@example.com,Bahraich,Uttar Pradesh,1969-05-31,Premium,2022-04-26
C009546,Advay,Mistry,kaikurian@example.net,Baranagar,Telangana,1988-03-11,Business,2026-07-17
C009547,Chakrika,Atwal,upkaarray@example.com,Guntakal,Tamil Nadu,1989-01-27,Standard,2024-04-18
C009548,Yashoda,Gade,sachdevfrederick@example.org,Patna,Rajasthan,1970-08-03,Premium,2021-08-13
C009549,Arunima,Prakash,hardik29@example.org,Chandrapur,Tamil Nadu,1974-06-20,Standard,2025-07-14
C009550,Sneha,Patla,bbath@example.com,Jamshedpur,Bihar,1957-06-25,Standard,2023-11-25
C009551,Falak,Narain,ikbalkapoor@example.net,Bhavnagar,Bihar,1973-12-17,Business,2023-05-29
C009552,Patrick,Bail,libniagrawal@example.net,Madhyamgram,Jharkhand,1972-05-02,Business,2023-11-04
C009553,Oeshi,Yogi,fchander@example.org,Pune,Maharashtra,1981-02-04,Standard,2022-12-15
C009554,Triya,Divan,bmukhopadhyay@example.org,Mumbai,Maharashtra,1991-07-02,Premium,2026-04-28
C009555,Divya,Dave,dixitreva@example.org,Proddatur,Maharashtra,2005-10-22,Standard,2025-07-01
C009556,Balveer,Barad,gaganvenkataraman@example.org,Morena,Madhya Pradesh,1977-12-01,Standard,2026-05-31
C009557,Nidhi,Bava,oommengopal@example.net,Alwar,Chhattisgarh,1955-06-16,Standard,2023-10-24
C009558,Anika,Garg,balaanjali@example.org,Yamunanagar,Nagaland,1958-04-05,Standard,2022-08-10
C009559,Qasim,Contractor,nandahredhaan@example.net,Bahraich,Odisha,1975-03-11,Standard,2023-11-14
C009560,Sarthak,Parekh,awali@example.org,North Dumdum,Madhya Pradesh,1990-04-29,Standard,2025-04-18
C009561,Pahal,Bhattacharyya,dixithardik@example.com,Ramagundam,Sikkim,1976-07-20,Premium,2022-07-05
C009562,Baghyawati,Mutti,ethangola@example.com,Sambalpur,Bihar,1974-09-24,Premium,2024-08-17
C009563,Benjamin,Salvi,zinal23@example.org,Tezpur,Kerala,1967-08-18,Premium,2023-10-02
C009564,Zarna,Singh,bedixalak@example.com,Bhiwandi,Meghalaya,1988-11-19,Business,2024-02-28
C009565,Hitesh,Sridhar,gautamireddy@example.com,Khammam,Haryana,2001-06-18,Business,2023-04-13
C009566,Vaishnavi,Sanghvi,achand@example.org,Bhopal,Jharkhand,1985-12-26,Standard,2021-12-30
C009567,Ekiya,Tak,umangaggarwal@example.net,Fatehpur,Gujarat,1957-09-07,Premium,2026-02-12
C009568,Kiaan,Kala,faris18@example.net,Moradabad,Himachal Pradesh,1955-06-20,Business,2023-05-16
C009569,Matthew,Bir,imarandalia@example.com,Siwan,Maharashtra,1997-05-20,Standard,2025-11-28
C009570,Tanvi,Chandra,bbadami@example.net,Proddatur,West Bengal,1992-03-21,Business,2024-07-15
C009571,Brijesh,Borde,itripathi@example.org,Aligarh,Madhya Pradesh,2001-05-31,Premium,2022-11-20
C009572,Falguni,Krishnamurthy,deogirish@example.net,Ozhukarai,Himachal Pradesh,1954-01-26,Business,2023-09-02
C009573,Vinaya,Nair,eshanaloyal@example.net,Kota,Haryana,1952-11-08,Business,2025-02-11
C009574,Fiyaz,Thaker,tiwaribhavna@example.org,Bidhannagar,Tripura,1957-07-04,Business,2023-08-06
C009575,Lajita,Ratti,ishaangarde@example.net,Rampur,Kerala,1959-02-24,Business,2025-05-02
C009576,Hemal,Arora,champakatwal@example.com,Sambhal,Tamil Nadu,1957-05-17,Premium,2025-05-19
C009577,Yashvi,Guha,kavyagrover@example.net,Meerut,Chhattisgarh,1989-04-25,Business,2026-01-18
C009578,Mitesh,Halder,amol05@example.org,Deoghar,Jharkhand,1982-07-15,Standard,2026-02-01
C009579,Chameli,Goswami,dayamaianand@example.org,Ramgarh,Haryana,1974-02-20,Business,2026-06-01
C009580,Lopa,Sha,vedikakumar@example.net,Madurai,Jharkhand,1980-02-05,Premium,2022-11-11
C009581,Varenya,Bhatia,aborra@example.net,Deoghar,Sikkim,1994-10-12,Premium,2024-02-13
C009582,Rishi,Kashyap,gagan62@example.net,Bhagalpur,Tripura,1974-05-07,Standard,2022-04-20
C009583,Xalak,Brar,baljiwanmital@example.org,Panihati,Punjab,1989-11-27,Business,2023-12-12
C009584,Suhani,Wason,murtygeetika@example.net,Nagaon,Sikkim,2003-04-13,Premium,2025-10-22
C009585,Balvan,Parsa,brana@example.org,Kollam,Tamil Nadu,1978-11-18,Premium,2024-11-22
C009586,David,Minhas,sahamanthan@example.net,Visakhapatnam,Madhya Pradesh,1970-04-16,Standard,2024-01-25
C009587,Aishani,Patla,mahikanadig@example.com,Phusro,Maharashtra,1977-09-26,Business,2026-07-11
C009588,Watika,Anne,seshadriekbal@example.com,Dehri,Himachal Pradesh,1968-04-08,Business,2021-11-30
C009589,Wazir,Pal,yashodaaggarwal@example.com,Kumbakonam,Andhra Pradesh,1977-09-15,Business,2024-03-30
C009590,Manthan,Dhingra,fiyaz60@example.org,Muzaffarnagar,Gujarat,1980-10-20,Business,2023-02-07
C009591,Charles,Morar,ridhi96@example.com,Bijapur,Gujarat,1963-02-28,Premium,2025-08-19
C009592,Udant,Ratta,godaradha@example.net,Solapur,Himachal Pradesh,2000-04-24,Premium,2022-01-12
C009593,Umang,Boase,henry23@example.net,Shivpuri,Tripura,1950-10-16,Business,2024-06-08
C009594,Thomas,Gulati,aarnavgill@example.org,Phagwara,Manipur,2006-10-23,Standard,2026-06-05
C009595,Bhavani,Sethi,hayertamanna@example.org,Patiala,Jharkhand,1968-01-28,Business,2026-04-27
C009596,Ekiya,Krishna,swamywishi@example.net,Karaikudi,Bihar,1970-12-29,Premium,2023-09-09
C009597,Rudra,Ramanathan,abhimanyusunder@example.com,Pali,Uttar Pradesh,1980-07-08,Business,2023-09-13
C009598,Maya,Lata,wsheth@example.org,Erode,Assam,1993-09-24,Premium,2023-11-24
C009599,Sachi,Divan,obatta@example.com,Panvel,Assam,1966-06-26,Business,2025-11-01
C009600,Samesh,Rana,ehans@example.net,Warangal,Telangana,2005-06-02,Premium,2022-11-09
C009601,Udarsh,Bedi,lsridhar@example.org,Karawal Nagar,Tripura,1965-01-05,Business,2025-01-12
C009602,Dhruv,Mann,elijah97@example.net,Imphal,Meghalaya,1958-08-06,Premium,2023-12-25
C009603,Udarsh,Wason,amaira78@example.com,Kumbakonam,Sikkim,1989-04-23,Premium,2024-06-07
C009604,Chaman,Thakur,pauzansi@example.net,Sri Ganganagar,Haryana,1946-11-05,Standard,2021-11-17
C009605,Ishaan,Bora,ydewan@example.net,Tiruvottiyur,Mizoram,1983-04-18,Standard,2024-01-01
C009606,Chandresh,Nadkarni,viraj67@example.net,Barasat,Himachal Pradesh,1994-08-28,Standard,2023-05-01
C009607,Omisha,Naidu,omistry@example.net,Coimbatore,Rajasthan,1964-08-10,Business,2022-01-12
C009608,Udant,Chandra,kray@example.com,Howrah,Arunachal Pradesh,1967-08-04,Standard,2023-09-28
C009609,Sai,Dora,choudhurygautami@example.com,Chandigarh,Sikkim,1947-02-11,Premium,2025-06-15
C009610,Tarak,Loke,upadhyaynaveen@example.com,Arrah,Karnataka,1947-09-13,Standard,2025-11-21
C009611,Diya,Dash,aachalchowdhury@example.net,Nandyal,Sikkim,1955-04-15,Business,2025-12-27
C009612,Nidra,Kari,kbali@example.org,Karawal Nagar,Meghalaya,1976-09-01,Business,2024-04-23
C009613,Amaira,Dugar,basakmaya@example.org,North Dumdum,Bihar,1945-09-17,Standard,2024-12-23
C009614,Widisha,Vora,panini70@example.org,Karimnagar,Manipur,1963-11-08,Standard,2025-02-25
C009615,Diya,Chahal,faraj05@example.net,Raipur,Nagaland,1978-11-26,Standard,2022-06-28
C009616,Nakul,Dey,mgoswami@example.org,Amroha,Goa,1970-06-24,Business,2024-10-01
C009617,Dipta,Krishnan,ybhargava@example.com,Mira-Bhayandar,Tripura,1959-09-05,Business,2022-09-04
C009618,Hemani,Saini,halderraksha@example.com,Uluberia,Bihar,1950-12-18,Premium,2025-01-22
C009619,Damini,Sahni,ekaraj28@example.com,Patna,Kerala,1982-01-11,Business,2022-03-07
C009620,Adweta,Jaggi,inaya22@example.net,Kottayam,Uttarakhand,1996-10-24,Premium,2023-01-01
C009621,Yauvani,Chacko,mason27@example.org,Barasat,West Bengal,1981-01-20,Business,2024-12-20
C009622,Chandani,Date,ksanghvi@example.org,Mumbai,Kerala,1968-02-23,Business,2025-11-10
C009623,Dayita,Mitter,omkaar06@example.com,Sultan Pur Majra,Mizoram,1957-06-09,Standard,2024-11-03
C009624,Saksham,Deshpande,banerjeevasudha@example.net,Eluru,Himachal Pradesh,1965-02-04,Premium,2022-06-22
C009625,Sudiksha,Rajagopalan,sankargauri@example.net,Naihati,Himachal Pradesh,1951-01-31,Business,2024-10-30
C009626,Vyanjana,Nair,tchokshi@example.com,Tezpur,Meghalaya,1946-11-22,Business,2025-08-08
C009627,Jeevika,Ghosh,ekanimanne@example.com,Loni,Sikkim,1976-01-17,Business,2021-11-12
C009628,Gabriel,Mitter,aarini69@example.com,Sri Ganganagar,Jharkhand,1980-06-26,Standard,2023-11-14
C009629,Aarush,Ray,aishanibal@example.org,Jalna,Telangana,1960-06-11,Premium,2024-08-09
C009630,Frederick,Contractor,slad@example.org,Ahmedabad,Andhra Pradesh,1949-09-06,Standard,2021-11-17
C009631,Raksha,Bakshi,vkale@example.net,Varanasi,Mizoram,1980-10-19,Standard,2024-05-19
C009632,Advika,Chatterjee,yashsaini@example.com,Salem,Sikkim,1978-01-31,Standard,2024-06-04
C009633,Christopher,Khosla,dalalzaitra@example.net,Saharanpur,Madhya Pradesh,2006-07-09,Business,2026-06-11
C009634,Aayush,Pall,adwetadubey@example.net,Serampore,Uttar Pradesh,1995-04-09,Standard,2026-01-12
C009635,Ekiya,Soman,wchaudry@example.com,Patna,Uttarakhand,2003-01-19,Standard,2022-06-30
C009636,Jagrati,Ganesh,mohinikala@example.org,Varanasi,Goa,1960-05-16,Business,2026-02-16
C009637,Vedant,Murthy,wriddhish13@example.com,Karimnagar,Goa,1983-04-12,Business,2023-04-01
C009638,Nathan,Kurian,yoshitamall@example.org,Satara,Meghalaya,1954-02-28,Business,2025-01-06
C009639,Mitali,Badami,dugarekavir@example.org,Panihati,Haryana,1964-07-12,Standard,2024-01-29
C009640,Xalak,Acharya,csandal@example.net,Surendranagar Dudhrej,Kerala,1961-07-08,Premium,2026-04-11
C009641,Faqid,Chander,hsahni@example.org,Tirunelveli,Kerala,1997-02-07,Premium,2022-06-07
C009642,Advay,Manne,esem@example.org,Nizamabad,Chhattisgarh,1996-02-29,Business,2023-10-31
C009643,Qarin,Gulati,chaudharyunnati@example.com,Raebareli,Meghalaya,1987-03-12,Business,2022-09-22
C009644,Logan,Vaidya,hemang40@example.com,Agartala,Madhya Pradesh,1949-02-26,Premium,2025-01-03
C009645,Aarav,Bandi,paninitank@example.net,Gaya,Bihar,1994-12-06,Business,2023-06-19
C009646,Adweta,Deo,crajagopal@example.org,Saharsa,Manipur,1957-06-09,Standard,2024-11-12
C009647,Ayushman,Roy,vidhi70@example.com,Gangtok,Punjab,1959-09-27,Business,2021-09-01
C009648,Shivansh,Master,ayush06@example.org,Naihati,Kerala,2002-06-20,Premium,2023-10-06
C009649,Yauvani,Raval,yminhas@example.com,Bidar,Rajasthan,1982-08-05,Business,2023-12-18
C009650,Balveer,Tripathi,,Vadodara,Himachal Pradesh,2008-06-06,Business,2023-12-23
C009651,Shaurya,Pandey,eesha72@example.org,Madhyamgram,Gujarat,1976-02-11,Standard,2023-07-18
C009652,Kabir,Dutta,hamsinichaudhary@example.net,Nagaon,Odisha,1973-12-28,Business,2021-08-18
C009653,Lavanya,Vora,fitanprabhakar@example.net,Pimpri-Chinchwad,Telangana,2005-05-24,Standard,2022-11-20
C009654,Yatin,Sant,faqidaurora@example.net,Bally,Haryana,1975-04-07,Business,2025-09-04
C009655,Upkaar,Wason,zayyansahota@example.org,Amaravati,Bihar,1962-12-23,Premium,2023-07-05
C009656,Lipika,Dhawan,veerraj@example.org,Kirari Suleman Nagar,Meghalaya,1964-01-15,business,2025-08-09
C009657,Matthew,Sathe,oganguly@example.net,Narasaraopet,Uttar Pradesh,1967-09-24,Premium,2026-01-12
C009658,Chasmum,Dixit,thakurtarak@example.com,Gudivada,Rajasthan,1984-05-24,Premium,2024-11-28
C009659,Sachi,Jayaraman,dnarayanan@example.org,Mira-Bhayandar,Tripura,1985-12-27,Premium,2026-02-14
C009660,Daksha,Magar,ljha@example.org,Gandhidham,Karnataka,1972-01-18,Business,2023-07-05
C009661,Dipta,Pradhan,imaran29@example.com,Motihari,Assam,1996-11-30,Business,2024-10-18
C009662,Anjali,Bawa,zshetty@example.com,Bahraich,Punjab,1950-09-14,Premium,2024-03-11
C009663,Janya,Acharya,oviya91@example.org,Burhanpur,Uttarakhand,1968-01-22,Standard,2024-03-24
C009664,Ethan,Deo,ybhatti@example.com,Nangloi Jat,Punjab,1980-08-11,Premium,2024-10-22
C009665,Dev,Hayre,tanish15@example.com,Ramgarh,Uttarakhand,1966-08-11,Premium,2024-04-10
C009666,Jatin,Bala,rajaayush@example.org,Bhilai,Andhra Pradesh,1973-06-10,Premium,2022-06-23
C009667,Vanya,Sani,ubanik@example.org,New Delhi,Jharkhand,1954-12-22,Business,2024-04-24
C009668,Yadavi,Roy,abhamore@example.com,Sonipat,Arunachal Pradesh,1973-01-12,Premium,2026-03-16
C009669,Isaiah,Prashad,saxenafalguni@example.net,Korba,Tamil Nadu,1964-02-07,Standard,2022-09-14
C009670,Zarna,Bala,rsarin@example.org,Madanapalle,Tripura,2005-12-21,Premium,2025-07-05
C009671,Wriddhish,Mane,chanayashodhara@example.org,Bhubaneswar,Bihar,2007-05-15,Business,2022-08-28
C009672,Arya,Tiwari,jagdishsura@example.net,Agartala,Arunachal Pradesh,1960-06-09,Premium,2024-01-23
C009673,Oeshi,Sandal,wazirthakkar@example.org,Vasai-Virar,Maharashtra,1962-02-28,Premium,2026-01-20
C009674,Xavier,Biswas,madhavichatterjee@example.org,Akola,Chhattisgarh,1970-07-10,Business,2023-01-23
C009675,Jason,Badal,ghoseoni@example.org,Hazaribagh,Goa,1955-07-19,Standard,2023-11-21
C009676,Lopa,Maharaj,hdyal@example.com,Jaipur,Tamil Nadu,1962-01-24,Standard,2023-08-18
C009677,Meera,Rastogi,hardikbasu@example.com,Firozabad,Uttarakhand,1996-08-28,Standard,2025-11-08
C009678,Vasatika,Kadakia,,Jamalpur,Manipur,1976-01-21,Premium,2023-07-06
C009679,Bhavani,Hayer,wgaba@example.com,Bhind,West Bengal,1975-12-12,Business,2022-04-29
C009680,Warinder,Munshi,xbarad@example.org,Shivpuri,Rajasthan,2006-08-15,Premium,2026-01-07
C009681,Laban,Kapur,aahana66@example.com,Nizamabad,Manipur,1955-11-25,Standard,2022-03-28
C009682,Ekansh,Atwal,bachittar82@example.net,Salem,Mizoram,1951-09-26,Standard,2022-03-14
C009683,Bhavika,Tella,leenakadakia@example.org,Rewa,Madhya Pradesh,1978-11-25,Standard,2026-05-06
C009684,Naveen,Joshi,anjali09@example.net,Tiruvottiyur,Tamil Nadu,2000-07-21,Premium,2024-12-04
C009685,Samesh,Bhat,gcherian@example.org,Sasaram,Karnataka,1980-04-23,Premium,2025-05-30
C009686,Tanay,Issac,rkulkarni@example.com,Latur,Kerala,1969-04-29,Business,2023-10-22
C009687,Jagvi,Atwal,wgarde@example.com,Machilipatnam,Uttar Pradesh,1975-08-01,Premium,2024-12-08
C009688,Watika,Lala,taraxavier@example.org,Phagwara,Himachal Pradesh,2004-05-05,Standard,2026-04-09
C009689,Ucchal,Chaudhary,bhaktajai@example.org,Shimoga,Karnataka,1948-12-10,Standard,2026-06-17
C009690,Jason,Kala,darikakeer@example.net,Madanapalle,Andhra Pradesh,1986-01-27,Standard,2024-02-21
C009691,Jeevika,Bhakta,kadakiajeremiah@example.org,Nadiad,Manipur,1957-01-11,Standard,2022-04-19
C009692,Madhav,Gulati,baghyawati70@example.net,Ramagundam,Goa,1987-10-23,Premium,2024-10-15
C009693,Ayushman,Krishnan,bajwayashica@example.net,Mumbai,Madhya Pradesh,1962-04-24,Business,2026-07-12
C009694,Yagnesh,Karan,jai12@example.net,Panipat,Nagaland,1972-08-28,Premium,2026-05-26
C009695,Yahvi,Golla,lsami@example.com,Avadi,Uttar Pradesh,1956-01-23,Premium,2023-01-10
C009696,Isha,Luthra,naiduwarinder@example.org,Bulandshahr,Uttar Pradesh,1994-05-25,Premium,2023-03-18
C009697,Maya,Parmer,netrashere@example.net,Rajpur Sonarpur,Rajasthan,1950-09-25,Premium,2023-10-13
C009698,Naksh,Narula,oommenandrew@example.org,Gaya,Mizoram,1949-07-06,Business,2026-07-04
C009699,Unni,Maharaj,hemal66@example.org,Berhampore,Maharashtra,1957-03-05,Business,2021-08-28
C009700,Udyati,Patel,xavier87@example.org,Tirunelveli,Chhattisgarh,1966-12-28,Premium,2026-02-12
C009701,Ira,Sunder,nmunshi@example.org,Aurangabad,Rajasthan,1955-05-05,Standard,2026-07-09
C009702,Isaac,Sahota,jaidugar@example.org,Nadiad,Himachal Pradesh,1981-01-07,Standard,2025-04-23
C009703,Yuvraj,Parmar,umallick@example.net,Sri Ganganagar,Maharashtra,1969-04-30,Premium,2024-12-21
C009704,Sneha,Kalla,zcheema@example.com,Pondicherry,Uttar Pradesh,1987-04-29,Premium,2021-09-23
C009705,Zarna,Wable,farhan80@example.org,Pimpri-Chinchwad,West Bengal,1959-12-26,Business,2024-06-05
C009706,Krishna,Ghose,abeer69@example.com,Bhiwani,Uttarakhand,1988-07-05,Premium,2023-01-31
C009707,Harita,Tata,warjassekhon@example.org,Gulbarga,Goa,1994-09-12,Standard,2022-05-20
C009708,Nachiket,Dutt,ekota@example.com,Ozhukarai,Madhya Pradesh,1950-10-03,Business,2021-12-10
C009709,Abeer,Chandran,dhargagan@example.net,Kanpur,Uttarakhand,1959-08-16,Standard,2022-03-02
C009710,Ranbir,Dass,madhavi74@example.com,Kharagpur,Tamil Nadu,1972-06-05,Standard,2023-08-03
C009711,Ekalinga,Anand,banjeetbatra@example.net,Tiruppur,Meghalaya,2002-01-17,Standard,2023-09-06
C009712,Gaurika,Sha,thomas62@example.org,Bokaro,Goa,1968-09-24,Standard,2022-01-15
C009713,Rishi,Roy,agatewyatt@example.com,Malegaon,Jharkhand,1969-06-01,Standard,2025-08-04
C009714,Advaith,Dey,igarde@example.net,Coimbatore,Mizoram,1998-12-02,Business,2023-01-02
C009715,Zinal,Gaba,geetika46@example.org,Baranagar,Gujarat,1957-05-19,Premium,2024-09-28
C009716,Banjeet,Wagle,zehaan93@example.net,Shimoga,Manipur,2007-07-11,Standard,2024-08-08
C009717,Shivansh,Samra,asur@example.net,Jodhpur,Mizoram,1989-12-03,Standard,2025-09-13
C009718,Daksha,Rajan,dugardarika@example.net,Machilipatnam,Assam,1979-09-15,Business,2021-11-03
C009719,Girindra,Purohit,mahikarajagopal@example.net,Davanagere,Odisha,1997-03-15,Business,2022-09-08
C009720,Vihaan,Pant,ikbal32@example.com,Kharagpur,Himachal Pradesh,2004-05-01,Standard,2022-10-10
C009721,Manbir,Ratti,ira03@example.com,Tadipatri,Mizoram,1998-05-02,Standard,2025-12-31
C009722,Tanish,Mukherjee,soodgarima@example.org,Jamshedpur,Goa,1989-10-18,Standard,2022-10-30
C009723,Tanvi,Shan,qarinnarula@example.net,Varanasi,Uttar Pradesh,1988-10-07,Standard,2021-09-19
C009724,Vihaan,Chacko,victordubey@example.org,Kharagpur,Bihar,1962-10-08,Business,2025-10-10
C009725,Chaaya,Borah,bhavika37@example.com,Jamshedpur,Haryana,1959-09-20,Business,2024-02-15
C009726,Xavier,Yadav,devika81@example.com,Rourkela,Mizoram,1985-09-13,Standard,2024-05-11
C009727,Bhavini,Chacko,ybumb@example.net,Durgapur,West Bengal,1982-06-14,Business,2025-01-10
C009728,Bimala,Gokhale,yashawinirandhawa@example.org,Morena,Karnataka,1956-06-20,Standard,2022-08-04
C009729,Ishita,Sharma,sundaramdamyanti@example.org,Alappuzha,Sikkim,1980-08-09,Standard,2024-06-03
C009730,Robert,Hegde,charitanayar@example.com,Tiruchirappalli,Sikkim,1984-05-16,Standard,2025-02-26
C009731,Tara,Kara,chaitalymitter@example.org,Bhilai,Jharkhand,1981-06-29,Business,2026-06-22
C009732,Yuvraj,Pau,ishaan51@example.net,Nagercoil,Haryana,1972-06-30,Premium,2021-09-05
C009733,Jagdish,Iyer,radhika58@example.org,Solapur,Himachal Pradesh,1955-07-14,Standard,2021-10-21
C009734,Tristan,Wason,kadechandresh@example.com,Khammam,Chhattisgarh,1969-10-01,Premium,2023-08-01
C009735,Qushi,Sagar,etadara@example.com,Morbi,Bihar,1994-02-24,Standard,2024-02-08
C009736,Aryan,Loyal,ekavir10@example.org,Morena,Mizoram,1994-03-02,Standard,2024-07-13
C009737,Daniel,Sarma,jagvichandra@example.com,Pudukkottai,Madhya Pradesh,1980-01-30,Premium,2024-11-16
C009738,Gautam,Patla,mohinigade@example.com,Thiruvananthapuram,Bihar,1947-04-25,Premium,2024-02-09
C009739,Chatresh,Vala,ishadhawan@example.org,Kottayam,Rajasthan,1968-02-28,Premium,2022-05-03
C009740,Chatresh,Singh,apteudyati@example.net,Gangtok,Odisha,2003-04-05,Standard,2022-03-29
C009741,Dalaja,Lalla,xthakkar@example.net,Jabalpur,Madhya Pradesh,2007-05-16,Business,2023-04-01
C009742,Unni,Bhatti,mason02@example.net,Bhusawal,Andhra Pradesh,2008-07-10,Premium,2024-05-16
C009743,Chakrika,Naidu,gsachdeva@example.com,Jehanabad,Manipur,1961-10-31,Standard,2022-05-07
C009744,Atharv,Reddy,ektasaxena@example.org,Rohtak,Rajasthan,1976-02-26,Premium,2021-08-31
C009745,Vaishnavi,Murthy,kashish93@example.com,Bardhaman,Jharkhand,1988-05-18,Standard,2024-09-19
C009746,Sachi,Kamdar,luckybhagat@example.com,Ajmer,Madhya Pradesh,2005-12-31,Standard,2021-11-16
C009747,Barkha,Dey,bhatvrishti@example.net,Sangli-Miraj & Kupwad,Manipur,1951-12-09,Business,2024-12-31
C009748,Vansha,Bhatia,rganesh@example.org,Durgapur,Tripura,2002-08-30,Standard,2026-01-30
C009749,Zilmil,Batra,harrisonsrinivasan@example.com,Bilaspur,Bihar,1965-02-18,Premium,2024-08-31
C009750,Avi,Goda,esandhu@example.org,Kozhikode,Arunachal Pradesh,1985-02-21,Standard,2023-12-02
C009751,Harita,Borra,menonharish@example.net,Pallavaram,Kerala,1965-10-17,Business,2025-12-19
C009752,Abhimanyu,Badami,elijahchawla@example.net,Etawah,Uttarakhand,1959-01-15,Standard,2022-11-02
C009753,Sai,Konda,oakosha@example.com,Berhampore,Manipur,1959-04-16,Premium,2022-07-22
C009754,Sai,Sheth,dalbir98@example.com,Asansol,Bihar,1976-08-15,premium,2025-01-15
C009755,Janya,Vyas,goleeta@example.net,Panipat,Mizoram,1999-05-06,Business,2022-03-14
C009756,Zarna,Cherian,simonjha@example.net,Gwalior,Jharkhand,1981-10-07,Standard,2023-11-23
C009757,Onkar,Zachariah,hkanda@example.com,Shahjahanpur,Nagaland,1987-10-20,Premium,2025-09-16
C009758,Tripti,Kala,mkeer@example.org,Ghaziabad,Madhya Pradesh,2007-07-05,Standard,2024-09-09
C009759,Shaurya,Sem,zansi08@example.org,Eluru,Odisha,1989-05-04,Premium,2023-12-11
C009760,Faris,Issac,riya11@example.org,Shahjahanpur,Uttarakhand,1974-02-07,Standard,2022-07-11
C009761,Pooja,Thaman,xdate@example.net,Barasat,Assam,1973-07-14,Premium,2025-12-10
C009762,Dakshesh,Manda,yashawini87@example.net,Raipur,Gujarat,1972-04-05,Premium,2022-03-16
C009763,Jeet,Kata,arorakamya@example.com,Bilaspur,Punjab,1979-05-21,Standard,2025-07-25
C009764,Aarav,Master,nagarajanvamakshi@example.net,Siliguri,Uttar Pradesh,1990-05-14,Business,2026-04-23
C009765,Upkaar,Bhatia,zachariahkamya@example.com,Farrukhabad,West Bengal,1978-12-24,Business,2023-04-17
C009766,Vansha,Vora,simon70@example.com,Bhusawal,Gujarat,1966-09-16,Standard,2026-04-26
C009767,Isaac,Shan,rdayal@example.org,Jamalpur,Tamil Nadu,1992-06-25,Premium,2024-06-05
C009768,Faqid,Muni,anirudh05@example.org,Nizamabad,Chhattisgarh,1990-01-21,Premium,2025-08-05
C009769,Bachittar,Desai,rmahal@example.org,Mahbubnagar,Maharashtra,2004-12-13,Premium,2026-02-24
C009770,Ganga,Gala,amairamanda@example.com,Tiruvottiyur,Himachal Pradesh,1991-10-31,Business,2025-02-22
C009771,Lopa,Patla,arya00@example.com,Bikaner,Nagaland,1974-03-30,Business,2024-05-19
C009772,Umang,Rege,kibemaanas@example.org,Loni,Karnataka,1981-03-14,Standard,2024-08-20
C009773,Vinaya,Khurana,ztailor@example.org,Ambattur,Chhattisgarh,1952-12-06,Standard,2025-06-11
C009774,Manthan,Apte,avi29@example.org,Shimla,Kerala,1961-01-04,Premium,2021-10-29
C009775,Bina,Palla,ekaja05@example.org,Cuttack,Manipur,1997-12-02,Business,2022-10-27
C009776,Maanav,Tella,murthybrijesh@example.net,Nangloi Jat,Karnataka,1947-07-02,Business,2025-05-02
C009777,Niharika,Patla,hvarkey@example.com,Varanasi,Arunachal Pradesh,1946-07-21,Standard,2023-08-16
C009778,Naksh,Som,braryuvraj@example.com,Proddatur,Kerala,1968-10-10,Business,2022-06-13
C009779,Aarna,Rattan,jdugar@example.org,Tiruppur,Nagaland,1958-11-11,Standard,2026-05-29
C009780,Farhan,Ratta,unnati67@example.net,Coimbatore,Uttar Pradesh,1963-02-14,Standard,2024-01-08
C009781,Bhavini,Sangha,qkhanna@example.net,Bidhannagar,Sikkim,2000-01-27,Standard,2026-07-13
C009782,Urvashi,Nagi,keerranveer@example.net,Vijayawada,Jharkhand,1981-06-17,Standard,2022-05-10
C009783,Teerth,Bahri,dominic34@example.net,Proddatur,Karnataka,2002-03-26,Premium,2022-04-19
C009784,Jagvi,Upadhyay,amurthy@example.org,Dharmavaram,Punjab,2006-03-02,Standard,2023-10-06
C009785,Jagdish,Sood,mrama@example.org,Chittoor,Jharkhand,1980-11-21,Business,2026-06-30
C009786,Pratyush,Muni,ganeshgeetika@example.org,Surat,Nagaland,1966-01-30,Premium,2025-05-22
C009787,Lajita,Dhillon,bhavya17@example.net,Khammam,Tripura,1956-12-05,Premium,2022-10-10
C009788,Sara,Dhingra,vkumar@example.net,Kadapa,Manipur,1946-11-07,Standard,2025-05-04
C009789,Fitan,Sabharwal,bimala79@example.org,Pallavaram,Manipur,1975-02-15,Business,2025-07-03
C009790,Priya,Bala,khalsayashodhara@example.com,Raiganj,Goa,1978-03-18,Business,2022-06-08
C009791,Aryan,Setty,jhachakradhar@example.org,Hindupur,West Bengal,1965-02-27,Business,2024-10-27
C009792,Mohammed,Issac,chanaguneet@example.org,Siwan,West Bengal,1971-07-26,Business,2025-03-28
C009793,Robert,Kohli,anthonymunshi@example.net,Kumbakonam,Meghalaya,2003-03-30,Premium,2025-04-26
C009794,Indira,Tiwari,avarkey@example.org,Sikar,Telangana,2003-09-03,Standard,2023-07-01
C009795,Chakradhar,Kar,rachitanatt@example.net,Satara,Manipur,1967-05-11,Premium,2026-01-23
C009796,Tanay,Muni,xdayal@example.com,Bilaspur,Assam,1952-12-11,Business,2026-05-30
C009797,Anirudh,Butala,upmaprakash@example.org,Sultan Pur Majra,Punjab,1977-07-28,Standard,2024-12-10
C009798,Ekta,Khatri,aadi12@example.org,Hospet,Nagaland,1999-12-14,Premium,2025-12-13
C009799,Daksh,Dalal,bgala@example.net,Pimpri-Chinchwad,Tamil Nadu,1955-02-17,Business,2022-03-23
C009800,Nandini,Karan,bhavsarparth@example.net,Bulandshahr,Meghalaya,1979-01-18,Premium,2022-10-24
C009801,Chanchal,Kaul,okapadia@example.net,Orai,Uttarakhand,1947-08-22,Premium,2023-02-27
C009802,Ishita,Prasad,raopooja@example.com,Mangalore,Mizoram,1983-07-03,Business,2025-08-01
C009803,Akshay,Cherian,cdevan@example.net,Alwar,Himachal Pradesh,2004-12-16,Standard,2022-12-27
C009804,Jyoti,Mitter,pushtibatra@example.com,Mahbubnagar,Tamil Nadu,1991-07-14,Business,2023-01-06
C009805,Dhruv,Peri,diya88@example.org,Karnal,Assam,1960-11-25,Premium,2021-11-19
C009806,Ria,Bandi,moremanan@example.net,Sambhal,Chhattisgarh,2006-11-08,Standard,2025-10-18
C009807,Ekta,Lad,ugill@example.net,Lucknow,Meghalaya,1987-07-05,Business,2025-12-06
C009808,Waida,Walla,isaacsharaf@example.org,Hapur,Uttar Pradesh,1979-03-05,Standard,2023-12-20
C009809,Thomas,Tak,leela49@example.com,Shimoga,Andhra Pradesh,1981-09-25,Premium,2022-02-11
C009810,Lakshmi,Nagy,fsarma@example.org,Silchar,Rajasthan,1995-03-03,Business,2025-07-12
C009811,Anika,Hari,jacobchopra@example.org,Jalandhar,Uttarakhand,2006-04-18,Standard,2024-07-01
C009812,Mahika,Mitra,adwetananda@example.org,Durgapur,Maharashtra,1952-09-12,Standard,2025-02-10
C009813,Garima,Sachar,vrishtiiyer@example.net,Surat,Tripura,2002-12-31,Standard,2023-03-31
C009814,Ranveer,Chokshi,hemangininatt@example.com,Danapur,Bihar,1949-05-05,Premium,2021-09-10
C009815,Rudra,Warrior,memonchatura@example.org,Gudivada,Kerala,1961-05-24,Business,2023-02-28
C009816,Zaid,Krishnamurthy,tanvi07@example.org,Jaunpur,Andhra Pradesh,2007-06-12,Premium,2025-10-13
C009817,Jackson,Gala,bhavinisuri@example.net,Firozabad,Odisha,1987-11-21,Premium,2023-11-18
C009818,Vrishti,Rajagopalan,owen31@example.com,Kumbakonam,Andhra Pradesh,1957-06-14,Premium,2024-04-17
C009819,Nikita,Sekhon,ganga59@example.org,Jaipur,Haryana,1970-01-14,Business,2023-08-19
C009820,Waida,Swaminathan,gandhilila@example.org,Chinsurah,Haryana,1977-03-12,Premium,2026-02-07
C009821,Hemal,Jha,soodbanjeet@example.com,Surendranagar Dudhrej,Odisha,1954-08-01,Business,2023-05-24
C009822,Indali,Chadha,amannan@example.org,Thanjavur,Andhra Pradesh,1994-08-10,Business,2021-09-08
C009823,Nihal,Dasgupta,labanbhardwaj@example.com,Bhilai,Andhra Pradesh,1997-06-08,Premium,2025-03-29
C009824,Lakshit,Goswami,ishaan95@example.net,Bhusawal,Manipur,1995-09-16,Standard,2025-05-23
C009825,Jai,Pal,ychauhan@example.org,Jaipur,West Bengal,1971-11-14,Standard,2022-11-26
C009826,Gauri,Shukla,tarak57@example.org,Katni,Goa,1951-05-20,Standard,2024-08-18
C009827,Chavvi,Nanda,isaac68@example.net,Bhalswa Jahangir Pur,Nagaland,1986-06-18,Standard,2021-11-14
C009828,Odika,Varty,michael92@example.net,Bongaigaon,Rajasthan,1954-05-23,Business,2024-12-10
C009829,Odika,Batra,oviya78@example.com,Rajahmundry,Sikkim,1963-10-10,Premium,2025-10-09
C009830,Gopal,Narang,rachitazacharia@example.net,Burhanpur,Haryana,1948-08-24,Standard,2022-08-11
C009831,Yatan,Golla,harrison59@example.com,Agartala,Uttar Pradesh,2005-03-28,Standard,2021-11-24
C009832,Aayush,Roy,panchalvasana@example.org,Mau,Telangana,2000-10-17,Premium,2023-03-18
C009833,Ronith,Oak,murthyjairaj@example.org,Deoghar,Punjab,1978-03-23,Premium,2023-08-27
C009834,Shaurya,Khosla,harshil73@example.org,Loni,Kerala,1973-07-07,Standard,2025-10-12
C009835,Ojas,Saini,mkadakia@example.org,Alwar,Manipur,2008-01-03,Business,2022-12-06
C009836,Bhavna,Sanghvi,nandini42@example.org,Bhalswa Jahangir Pur,Punjab,1962-12-22,Standard,2023-03-29
C009837,Ekantika,Thaman,lukeupadhyay@example.net,Maheshtala,West Bengal,1990-02-21,Business,2023-08-06
C009838,Gavin,Chada,harshdatta@example.net,Hyderabad,Tripura,1984-08-31,Standard,2022-08-01
C009839,George,Balay,ujhaveri@example.net,Gulbarga,Karnataka,1957-06-29,Business,2024-09-25
C009840,Zansi,Khatri,kamaladubey@example.net,Bilaspur,Rajasthan,1994-06-20,Standard,2023-12-09
C009841,Wahab,Kata,goswamichavvi@example.org,Allahabad,Uttarakhand,1999-01-12,Business,2025-04-04
C009842,Odika,Uppal,warjas11@example.org,Jammu,Tripura,1959-03-16,Premium,2025-03-07
C009843,Prisha,Mohanty,upasna05@example.com,Kochi,Chhattisgarh,1963-04-05,Premium,2026-07-18
C009844,Logan,Purohit,dev79@example.org,Maheshtala,Madhya Pradesh,1980-05-27,Standard,2024-08-15
C009845,Chakradev,Bedi,jasmit91@example.com,Bathinda,Assam,1982-04-16,Premium,2026-04-15
C009846,Jagat,Loke,abeer98@example.net,Tenali,Rajasthan,1996-07-09,Business,2025-06-18
C009847,Robert,Sampath,joshua75@example.org,Agra,Tamil Nadu,1946-06-03,Standard,2025-01-29
C009848,Widisha,Chakraborty,umang45@example.com,Loni,Telangana,1978-10-23,Business,2025-03-06
C009849,Ekani,Tailor,adwetakhosla@example.net,Khammam,Goa,2002-05-18,Standard,2024-12-21
C009850,Jagvi,Buch,brahmbhatttanmayi@example.com,Meerut,Rajasthan,2003-11-15,Standard,2023-04-06
C009851,Ayush,Bal,kpandit@example.org,Korba,Himachal Pradesh,1974-07-09,Premium,2026-02-24
C009852,Madhavi,Bhakta,goswamiamol@example.net,Kollam,Haryana,1970-07-15,Premium,2022-08-23
C009853,Geetika,Kurian,mmann@example.org,Hospet,Goa,2006-02-06,Premium,2023-05-14
C009854,Hemangini,Pingle,aachal79@example.net,Nangloi Jat,Nagaland,1995-04-28,Premium,2025-11-10
C009855,Xiti,Arya,anthony53@example.net,Loni,Himachal Pradesh,1963-08-24,Business,2024-12-15
C009856,Indira,Rama,facharya@example.org,Ghaziabad,Manipur,1963-02-15,Standard,2024-06-28
C009857,Kamala,Bajwa,sundaramhema@example.com,Muzaffarpur,Tripura,1980-05-14,Premium,2025-09-09
C009858,Janaki,Shere,sakshamgill@example.net,Ahmednagar,Nagaland,1952-09-04,Premium,2023-05-15
C009859,Ryan,Behl,manneekalinga@example.net,Panipat,West Bengal,1960-11-16,Business,2022-04-21
C009860,Vanya,Tara,madhavisankaran@example.net,Machilipatnam,Telangana,1978-09-17,Standard,2022-10-23
C009861,Naveen,Jain,yatin98@example.com,Gangtok,Uttarakhand,1978-02-25,Standard,2025-07-02
C009862,Damini,Prabhakar,aishanidhar@example.com,Bhavnagar,Meghalaya,1964-05-24,Premium,2024-06-15
C009863,Quincy,Nagar,qadim14@example.org,Karnal,Arunachal Pradesh,2002-08-23,Business,2021-11-07
C009864,Jhalak,Sethi,nbava@example.org,Pune,Sikkim,1963-01-30,Business,2023-01-23
C009865,Isha,Sarma,maanavjani@example.org,Agartala,Chhattisgarh,1998-12-19,Premium,2022-11-12
C009866,Rachana,Bava,hredhaanrastogi@example.com,Danapur,Uttar Pradesh,1963-09-22,Standard,2025-07-04
C009867,Irya,Merchant,devikarout@example.org,Bhagalpur,Assam,2003-12-10,Standard,2025-01-02
C009868,Ranveer,Khalsa,ycontractor@example.org,Jammu,Himachal Pradesh,2005-11-20,Standard,2025-12-07
C009869,Tarak,Borde,radhikabava@example.net,Ramgarh,Madhya Pradesh,1994-03-29,Standard,2025-06-13
C009870,Nandini,Thaman,dadadhruv@example.org,Thrissur,Madhya Pradesh,1984-04-13,Standard,2022-11-21
C009871,Darpan,Gopal,puriekaja@example.com,Guna,Nagaland,1999-10-10,Standard,2021-12-19
C009872,Adya,Prashad,yauvanidey@example.org,Chittoor,Tripura,1970-06-17,Business,2021-12-18
C009873,Abhimanyu,Kala,daksha73@example.net,Srikakulam,Uttar Pradesh,1985-05-18,Premium,2024-11-22
C009874,Yashica,Pal,max88@example.org,Amroha,Uttar Pradesh,2006-06-26,Premium,2024-03-09
C009875,Urvashi,Savant,owendua@example.net,Sagar,Andhra Pradesh,1983-07-06,Standard,2025-09-20
C009876,Hemal,Atwal,fariqbhatia@example.com,Dewas,Punjab,1962-06-16,Standard,2022-01-30
C009877,Abdul,Deol,ebandi@example.org,Bidhannagar,Assam,1972-11-23,Standard,2023-03-30
C009878,Dipta,Desai,meghana96@example.com,Bhalswa Jahangir Pur,Himachal Pradesh,1968-01-24,Standard,2022-10-18
C009879,Eta,Narayan,ubawa@example.com,Thanjavur,Haryana,1971-02-21,Premium,2024-03-08
C009880,Indira,Raghavan,ishani53@example.net,Kumbakonam,Arunachal Pradesh,1973-03-16,Standard,2022-06-28
C009881,Owen,Natarajan,semharita@example.com,Kalyan-Dombivli,Tripura,1947-03-27,Premium,2022-10-20
C009882,Parth,Narasimhan,contractorunnati@example.org,Chennai,Uttarakhand,1982-04-13,Standard,2024-12-13
C009883,Praneel,Bhattacharyya,gaurang69@example.org,Ghaziabad,Assam,1971-01-29,Standard,2026-03-03
C009884,Bhavika,Varty,vedabakshi@example.com,Karnal,Haryana,1975-12-26,Standard,2023-12-26
C009885,Idika,Khalsa,gmisra@example.org,Junagadh,Gujarat,1988-05-01,Standard,2021-12-10
C009886,Falguni,Reddy,netrachoudhury@example.net,Mahbubnagar,Punjab,2002-07-04,Standard,2023-06-18
C009887,Falak,Goyal,chasmummahal@example.net,Karimnagar,Himachal Pradesh,1967-05-27,Standard,2023-06-06
C009888,Urishilla,Setty,ishanvi83@example.net,Ballia,Karnataka,1999-05-13,Standard,2022-08-30
C009889,Suhani,Bajaj,atiaurora@example.com,Nangloi Jat,Tamil Nadu,1946-12-24,Premium,2025-01-25
C009890,Yug,Mutti,bobalgeorge@example.com,Munger,Mizoram,1962-06-23,Standard,2025-01-14
C009891,Xalak,Nori,hemangtiwari@example.net,Bidar,Jharkhand,1986-07-03,Business,2023-12-26
C009892,Dominic,Memon,kabir64@example.net,Chandrapur,Madhya Pradesh,1992-04-08,Standard,2024-05-02
C009893,Harinakshi,Lata,malhotrapeter@example.com,Rourkela,Uttarakhand,1977-10-28,Standard,2025-02-07
C009894,Unnati,Krishnamurthy,isaac45@example.org,Ichalkaranji,Manipur,1979-01-08,Premium,2024-04-10
C009895,Yahvi,Randhawa,xavierkapoor@example.org,Faridabad,Tripura,2002-04-13,Business,2025-07-28
C009896,Ishita,Mohan,shenoyishanvi@example.org,Jammu,Nagaland,2001-11-13,Business,2025-12-08
C009897,Lakshmi,Saxena,indrajit65@example.org,Bilaspur,Nagaland,2002-12-13,standard,2025-05-26
C009898,Chanakya,Wali,jeremiah16@example.com,Panchkula,West Bengal,1998-09-29,Business,2022-11-18
C009899,Upma,Issac,owen77@example.net,Farrukhabad,Andhra Pradesh,1971-08-01,Business,2025-08-06
C009900,Kritika,Krishna,zsura@example.org,Korba,Mizoram,1998-10-22,Standard,2023-11-09
C009901,Yadavi,Sani,azad55@example.com,Vasai-Virar,Chhattisgarh,1983-02-06,Standard,2021-09-14
C009902,Nakul,Naidu,walladevika@example.net,Srinagar,Rajasthan,1989-08-04,Business,2024-01-12
C009903,Kala,Kumer,rajeshri21@example.com,Tadipatri,Manipur,1946-07-25,Premium,2024-07-01
C009904,Pooja,Sekhon,vedantkashyap@example.net,Kochi,Tripura,2000-02-03,Business,2022-09-07
C009905,Ekanta,Halder,agastya82@example.com,Aizawl,Meghalaya,2008-03-04,Standard,2022-03-28
C009906,Zilmil,Gour,sathvik11@example.org,Tenali,Meghalaya,1950-07-29,Business,2023-12-06
C009907,Guneet,Batra,bawaonkar@example.org,Haridwar,Manipur,1975-06-07,Business,2022-08-09
C009908,Gautami,Naik,xmanda@example.org,New Delhi,Bihar,1989-01-02,Business,2024-06-02
C009909,Xiti,Bajaj,agastyathaker@example.net,Dibrugarh,Goa,1985-04-23,Business,2025-07-18
C009910,Jalsa,Pingle,pchahal@example.com,Unnao,Uttarakhand,1978-06-01,Premium,2022-08-27
C009911,Manbir,Narula,bassiradha@example.com,Ratlam,Rajasthan,1954-12-10,Standard,2025-06-16
C009912,Suhani,Soni,mchandra@example.com,Amritsar,Chhattisgarh,1996-02-04,Business,2024-09-28
C009913,Aarush,Mandal,leena14@example.com,Thiruvananthapuram,Madhya Pradesh,1997-02-14,Standard,2023-02-28
C009914,Nachiket,Chander,nakul42@example.net,Muzaffarnagar,Nagaland,2006-09-20,Business,2024-04-09
C009915,Chaman,Raja,basuojasvi@example.org,Jamalpur,Assam,1994-06-02,Standard,2022-03-12
C009916,Prisha,Trivedi,virajsodhi@example.org,Mumbai,Assam,1998-03-21,Standard,2022-12-19
C009917,Faraj,Brahmbhatt,tdugar@example.net,Tiruchirappalli,Meghalaya,1997-07-19,Standard,2025-03-11
C009918,Bakhshi,Munshi,bchanda@example.org,Machilipatnam,Bihar,2000-11-19,Standard,2025-03-01
C009919,Vedika,Gara,triptiiyer@example.com,Sagar,Rajasthan,1972-04-10,Standard,2025-07-24
C009920,Mahika,Om,farhan24@example.org,Bilaspur,Chhattisgarh,2002-11-19,Business,2025-05-30
C009921,Yochana,Naidu,wakeeta90@example.com,Kulti,Maharashtra,2004-10-31,business,2023-10-24
C009922,Chaitanya,Panchal,eesha70@example.net,Satara,Goa,1949-04-24,Standard,2025-11-27
C009923,Rehaan,Prakash,fsom@example.org,Mau,Bihar,1964-11-27,Standard,2025-05-03
C009924,Ayush,Nath,contractorekanta@example.net,Bhopal,Telangana,1947-08-21,Standard,2023-08-25
C009925,Amaira,Rege,manbirmall@example.net,Bidhannagar,Rajasthan,1957-05-13,Premium,2024-06-09
C009926,Damyanti,Wable,tarashivani@example.com,Malegaon,Kerala,2000-12-04,Standard,2024-04-25
C009927,Chakradhar,Varughese,nganesh@example.com,Jodhpur,Rajasthan,1986-08-05,Premium,2021-10-08
C009928,Ridhi,Gade,kamya68@example.org,Ramgarh,Maharashtra,2005-02-04,Premium,2022-03-12
C009929,Girik,Grover,chadhemal@example.com,Jamnagar,Uttarakhand,1967-07-11,Premium,2025-05-30
C009930,Jyoti,Solanki,nidramahajan@example.net,Jorhat,Bihar,1991-11-09,Standard,2025-05-10
C009931,Yamini,Arya,chakrikasarin@example.org,Thoothukudi,Uttarakhand,1998-11-09,business,2023-11-03
C009932,Rudra,Nath,natarajanlucky@example.com,Asansol,Manipur,2005-11-24,Business,2022-07-18
C009933,Rajata,Narain,bachittar97@example.org,Lucknow,Mizoram,1985-08-14,Standard,2022-07-05
C009934,Hardik,Srinivasan,kamya17@example.com,Kharagpur,Meghalaya,1972-07-14,Premium,2024-10-17
C009935,Onveer,Mahal,sankaranjyoti@example.net,Madanapalle,Maharashtra,1985-08-24,Standard,2022-11-26
C009936,Dominic,Randhawa,gmukhopadhyay@example.com,Nanded,Telangana,1984-02-06,Standard,2026-05-04
C009937,Darika,Ghosh,dhruv42@example.net,Adoni,Himachal Pradesh,1961-10-04,Standard,2022-03-02
C009938,Aarini,Nazareth,thakerpallavi@example.com,Ghaziabad,Mizoram,1975-01-05,Standard,2026-06-22
C009939,Reva,Wadhwa,vanyamohanty@example.com,Nizamabad,Gujarat,1947-08-10,Premium,2023-03-27
C009940,Harini,Sankar,hardikdhar@example.com,Ambarnath,Uttarakhand,1947-12-14,Premium,2023-02-25
C009941,Falan,Singh,parthbalan@example.org,Mango,West Bengal,1963-06-08,Business,2022-10-13
C009942,Logan,Wali,ramavinaya@example.com,Aurangabad,Maharashtra,1989-06-18,Business,2024-11-08
C009943,Luke,Agate,adyaiyer@example.org,Mirzapur,Maharashtra,1999-01-28,Premium,2024-02-23
C009944,Vasana,Malhotra,jaggiadvika@example.com,Jorhat,Tamil Nadu,2002-10-19,Standard,2022-08-02
C009945,Ikbal,Ramesh,divansamarth@example.org,Bally,Meghalaya,1975-07-25,Standard,2024-10-29
C009946,Frado,Bail,daliaadvik@example.com,Bareilly,Odisha,1958-08-06,Premium,2024-03-27
C009947,Upma,Saraf,manderanay@example.net,Yamunanagar,Uttar Pradesh,1975-02-20,Standard,2022-09-17
C009948,Zashil,Rastogi,ikshita66@example.net,Rourkela,Tripura,1976-09-06,Business,2022-01-20
C009949,Waida,Tandon,jayaramanradha@example.com,Kamarhati,Odisha,1974-03-02,Business,2026-07-31
C009950,Ishita,Upadhyay,sramesh@example.org,Raebareli,Kerala,1982-06-30,Standard,2023-04-15
C009951,Damyanti,Sane,ramanathanwarjas@example.net,Morbi,Tamil Nadu,2004-11-20,Business,2025-11-21
C009952,Nitesh,Bhandari,anvi84@example.net,Nagpur,Haryana,1962-03-16,Business,2022-02-19
C009953,Qarin,Sandal,farajgokhale@example.net,Thanjavur,Manipur,1979-03-26,Premium,2022-09-12
C009954,Yachana,Raj,ekantikamody@example.org,Bally,Arunachal Pradesh,1945-11-05,Premium,2024-02-11
C009955,Aishani,Rajagopal,raychandresh@example.net,Proddatur,Arunachal Pradesh,1994-08-05,Standard,2024-04-13
C009956,Shaurya,Deep,mason02@example.net,South Dumdum,Kerala,1998-03-15,Business,2022-12-06
C009957,Bishakha,Rao,timothy64@example.org,Haldia,Himachal Pradesh,1952-09-17,Standard,2025-09-10
C009958,Radha,Madan,oliver93@example.net,Srikakulam,Kerala,2004-07-29,Premium,2024-10-03
C009959,Shaurya,Kala,deisaac@example.com,Pune,Manipur,1967-04-06,Premium,2023-07-09
C009960,Ati,Bajaj,ranbirmann@example.net,Bathinda,Kerala,1948-09-30,Premium,2023-01-14
C009961,Brinda,Chaudhary,mohansamar@example.net,Dehradun,Meghalaya,1998-07-23,Premium,2022-03-17
C009962,Warjas,Nagy,vigsimon@example.org,Kolhapur,Arunachal Pradesh,2005-10-16,Premium,2023-07-15
C009963,Vrinda,Chada,oommenwilliam@example.com,Bidar,Nagaland,1984-10-24,Standard,2022-08-17
C009964,Baljiwan,Kalla,zkibe@example.org,Purnia,Gujarat,1963-10-15,Business,2023-07-19
C009965,Yashica,Srinivas,xuppal@example.org,Junagadh,Odisha,1971-03-25,Premium,2025-10-06
C009966,Dipta,Balay,mohammednigam@example.org,South Dumdum,Madhya Pradesh,1961-06-04,Standard,2026-03-23
C009967,Chaitanya,Parsa,libnichaudhry@example.net,Purnia,Himachal Pradesh,1984-04-04,Premium,2024-08-14
C009968,Yoshita,Aurora,bhanumati68@example.net,Ahmedabad,Uttarakhand,1968-11-13,Business,2024-01-07
C009969,Anjali,Saran,lmangat@example.net,Jammu,Chhattisgarh,1977-06-04,Premium,2021-09-08
C009970,Mohini,Vaidya,fariqbuch@example.com,Pallavaram,Telangana,1969-07-06,Premium,2025-03-30
C009971,Naksh,Bassi,uramakrishnan@example.net,Pondicherry,Andhra Pradesh,1982-07-08,Premium,2025-08-02
C009972,Samaksh,Dhingra,william21@example.net,Srinagar,Odisha,1981-10-16,Business,2023-08-07
C009973,Faris,Patla,jandra@example.net,Kochi,Gujarat,1998-01-20,Premium,2023-09-08
C009974,Kashish,Jayaraman,mkoshy@example.com,Korba,Andhra Pradesh,1990-11-16,Standard,2023-06-18
C009975,Ekani,Chaudhary,vnayak@example.com,Ajmer,Arunachal Pradesh,1954-12-16,Business,2022-12-11
C009976,Jagat,Bath,jhalakdave@example.net,Madurai,Tripura,1977-01-30,Standard,2025-10-23
C009977,Tanmayi,Sibal,yatan95@example.org,Kolkata,Kerala,2003-01-23,Business,2025-07-14
C009978,Harish,Tara,waida04@example.com,Naihati,Maharashtra,1966-05-12,Premium,2024-08-20
C009979,Damyanti,Lala,sampathvamakshi@example.com,Asansol,Sikkim,1959-01-07,Premium,2023-02-28
C009980,Aayush,Sahota,atipathak@example.com,Jammu,Odisha,2000-07-10,Standard,2022-04-22
C009981,Balhaar,Kurian,pratyushchoudhry@example.net,Patna,Karnataka,2007-03-18,Standard,2024-06-20
C009982,Riya,Pillay,laurora@example.net,Yamunanagar,Nagaland,1956-09-27,Premium,2026-01-24
C009983,Samesh,Jhaveri,kibeomaja@example.net,Bhopal,Tamil Nadu,1960-09-16,Business,2023-08-06
C009984,Rachit,Agate,harini97@example.net,Hajipur,Maharashtra,1998-02-27,Premium,2026-08-04
C009985,Logan,Koshy,maniojasvi@example.net,Tirunelveli,Telangana,1983-07-16,Premium,2023-04-25
C009986,Dalbir,Rastogi,inaya69@example.org,Etawah,Sikkim,1976-11-07,Standard,2023-05-09
C009987,Tripti,Ghosh,jason96@example.net,Bally,Manipur,1960-02-18,Premium,2025-12-29
C009988,Suhani,D’Alia,hansnidhi@example.com,Tiruchirappalli,Punjab,1962-12-03,Standard,2022-09-22
C009989,Samaksh,Goel,gsrinivasan@example.org,Gaya,Maharashtra,1973-11-01,Business,2025-06-13
C009990,Anay,Gour,harsh53@example.org,Shahjahanpur,Mizoram,1986-09-22,Premium,2022-04-21
C009991,Chandresh,Contractor,vyanjana72@example.net,Hospet,Odisha,2005-01-14,Standard,2023-07-25
C009992,Tanvi,Kapoor,sarafayush@example.org,Deoghar,Punjab,1949-10-16,Business,2024-04-10
C009993,Mekhala,Agrawal,caleb79@example.com,Indore,Punjab,1955-01-28,Premium,2026-02-14
C009994,Anthony,Sachdev,benjaminnarang@example.com,Deoghar,Mizoram,1977-11-30,Premium,2023-07-10
C009995,Raksha,Sunder,shivani78@example.com,Agartala,Sikkim,1970-01-22,Standard,2023-12-14
C009996,Vidhi,Kannan,emalhotra@example.net,Kishanganj,Punjab,1950-06-15,Premium,2021-08-13
C009997,Ojas,Agate,xbhalla@example.com,Mahbubnagar,Uttarakhand,1994-09-11,Premium,2021-10-18
C009998,Gauri,Khanna,damyanti33@example.com,Dharmavaram,Sikkim,1949-09-07,Premium,2023-11-12
C009999,Lopa,Pal,parth66@example.net,Danapur,Odisha,1967-12-15,Business,2026-01-18
C010000,Orinder,Hans,ychoudhry@example.net,Bidhannagar,Tripura,1959-03-07,Premium,2023-12-04
C003473,Zashil,Grover,fdubey@example.org,Patna,Gujarat,1987-06-16,Standard,2025-08-09
C005096,Girish,Bhatti,rsarin@example.com,Raiganj,Chhattisgarh,1969-03-14,Standard,2024-06-01
C009505,Brinda,Chatterjee,bailjyoti@example.com,Satna,Himachal Pradesh,2007-09-22,Standard,2021-09-24
C005787,Garima,Nadig,aarini77@example.com,Haridwar,Mizoram,2001-12-12,Standard,2022-10-11
C008759,Ronith,Minhas,kulkarnianvi@example.net,Saharanpur,Chhattisgarh,1958-11-19,Business,2021-08-21
C007208,Umang,Deshmukh,krishbaria@example.org,Panvel,Odisha,1986-04-07,Standard,2023-07-21
C001563,Ekbal,Bhandari,tripathiishanvi@example.net,Jalna,Rajasthan,1981-10-25,Business,2022-10-05
C003579,Jagat,Sawhney,atikorpal@example.org,Purnia,Himachal Pradesh,1999-03-26,Business,2022-10-15
C002547,Lavanya,Sibal,udarsh66@example.com,Kozhikode,Rajasthan,1952-08-02,Premium,2022-08-12
C006164,Bhavna,Prabhu,lraghavan@example.org,Rourkela,Tamil Nadu,1959-08-21,Standard,2021-10-08
C005165,Neelima,Prabhakar,zayanhegde@example.org,Kulti,Telangana,1960-05-31,Premium,2025-01-10
C003648,Bhavini,Som,owensahni@example.net,Jodhpur,Gujarat,1977-02-24,Premium,2022-02-13
C007947,Gaurika,Zachariah,calebparikh@example.net,Nanded,Goa,2001-06-06,Premium,2024-06-07
C005634,Samaksh,Dewan,mallickarin@example.com,Vijayanagaram,Chhattisgarh,1985-11-05,Premium,2022-01-04
C007972,Upma,Rama,nadkarniisha@example.com,Panihati,Nagaland,1962-07-08,Standard,2023-02-28
C000927,Ekantika,Bava,brijesh15@example.net,Bongaigaon,Assam,1994-02-14,Premium,2024-01-23
C003315,Dalbir,Lanka,isehgal@example.net,Proddatur,Punjab,1969-10-26,Standard,2025-04-29
C001577,Gunbir,Nair,utkarshsingh@example.com,Srinagar,Kerala,1977-10-10,Premium,2022-02-20
C005809,Tamanna,Saraf,dluthra@example.net,Rewa,Odisha,1989-05-03,Business,2021-12-14
C006947,Geetika,Balasubramanian,vbiswas@example.com,Sirsa,Meghalaya,1973-07-08,Business,2024-04-28
C003454,Robert,Chatterjee,kaulpallavi@example.com,Machilipatnam,Himachal Pradesh,1979-04-25,Business,2024-06-15
C000464,Tarak,Luthra,hchandran@example.net,Nangloi Jat,Kerala,1982-04-24,Premium,2023-05-24
C004419,Nidra,Chaudhary,tarabhavna@example.net,Kalyan-Dombivli,Punjab,1981-07-05,Business,2024-07-16
C000089,Saksham,Agate,atichakrabarti@example.org,Ludhiana,Arunachal Pradesh,2007-08-31,Business,2026-04-15
C004265,Nitesh,Chander,ngara@example.net,Amritsar,West Bengal,1961-12-03,Standard,2024-06-16
C007305,Bina,Dass,wriddhish89@example.net,Tumkur,West Bengal,1984-09-19,Premium,2021-09-10
C009188,Sanya,Pradhan,siya77@example.net,Thanjavur,Assam,1958-08-25,Premium,2022-01-04
C005293,Aishani,Sidhu,shenoyyatin@example.org,Bhalswa Jahangir Pur,Madhya Pradesh,1956-05-31,Business,2021-11-05
C009936,Dominic,Randhawa,gmukhopadhyay@example.com,Nanded,Telangana,1984-02-06,Standard,2026-05-04
C002544,Kiaan,Kunda,varenya66@example.org,Guna,Meghalaya,1990-04-23,Business,2024-01-05
C006309,Shaurya,Luthra,manbir49@example.net,Bharatpur,Jharkhand,1968-12-11,Standard,2023-07-09
C005952,Oni,Chatterjee,ekiyakurian@example.com,Guntur,Odisha,1998-08-04,Standard,2026-04-04
C002157,Kabir,Mallick,dewanekaraj@example.org,Jamnagar,Telangana,1965-06-20,Business,2023-05-10
C006303,Irya,Lad,,Jaipur,Maharashtra,1970-03-29,Standard,2021-12-16
C000987,Megha,Kunda,balhaar22@example.net,Chittoor,Arunachal Pradesh,1965-10-30,Business,2024-07-31
C002710,Riya,Golla,rgade@example.org,Hapur,Odisha,1952-05-15,Premium,2024-11-27
C008545,Lopa,Sridhar,watikasharma@example.org,Tezpur,Tamil Nadu,1967-07-30,Business,2022-01-02
C001461,Yutika,Varma,yoshitapandit@example.org,Bulandshahr,Rajasthan,1954-02-13,Business,2025-12-23
C009344,Ria,Mandal,isharastogi@example.org,Ujjain,Gujarat,1948-10-30,Standard,2025-03-05
C000694,Megha,Seth,pallranveer@example.com,Madanapalle,Maharashtra,1949-08-04,Business,2026-01-02
C007463,Ansh,Patel,kalefaris@example.org,Singrauli,Jharkhand,1989-12-29,Premium,2021-08-31
C000539,Aryan,Kakar,agandhi@example.com,Saharsa,Uttar Pradesh,1983-01-19,Standard,2025-06-16
C007405,Damyanti,Bal,berarudra@example.net,Jammu,Kerala,1993-12-08,Standard,2023-04-09
C003938,Hemangini,Handa,bhanumati56@example.net,Guntakal,Himachal Pradesh,1996-08-09,Premium,2025-09-27
C006175,Ridhi,Chana,riya71@example.com,Jodhpur,Sikkim,1993-02-08,Business,2021-11-15
C001421,Harrison,Solanki,lnagi@example.net,Kakinada,Nagaland,1985-11-01,Standard,2023-03-05
C003924,Michael,Memon,kpurohit@example.net,Berhampore,Maharashtra,1979-11-11,Business,2025-08-11
C007223,Shivani,Venkataraman,godanitesh@example.net,Kochi,Telangana,1946-05-11,Business,2023-10-08
C000076,Kalpit,Prasad,xkar@example.com,Hazaribagh,Telangana,1954-06-08,Business,2023-06-12
C007297,Jagvi,Atwal,sehgalirya@example.org,Uluberia,Jharkhand,1972-10-07,Business,2026-07-07
C007366,Anamika,Padmanabhan,yashvi45@example.com,Jorhat,Rajasthan,1977-02-08,Premium,2024-04-15
C001340,Jai,Balay,patrick48@example.net,Bhilai,Andhra Pradesh,1997-01-28,Business,2023-06-09
C008136,Ekani,Kapadia,virkmaya@example.org,Panvel,Uttarakhand,1979-05-27,Premium,2026-07-29
C005613,Charvi,Vohra,thakkaraarna@example.net,Ahmedabad,Mizoram,2005-04-08,Premium,2023-09-11
C001035,Chaman,Devi,pushti49@example.org,Farrukhabad,Rajasthan,1966-10-05,Business,2022-10-19
C002308,Udarsh,Johal,chavvi97@example.net,Kadapa,Andhra Pradesh,1959-12-21,Standard,2022-03-11
C009423,Hitesh,Gokhale,aradhana08@example.org,Avadi,Arunachal Pradesh,1948-10-09,Standard,2025-11-26
C003866,Parth,Dasgupta,deyabdul@example.org,Unnao,Bihar,1955-06-21,Premium,2023-04-18
C008594,Gaurav,Sarraf,nmistry@example.net,Belgaum,Karnataka,2007-01-20,Standard,2025-07-14
C002912,Nihal,Pandit,koshymeghana@example.org,Srikakulam,Nagaland,1984-12-31,Premium,2022-09-25
C004855,Banjeet,Prasad,vohrashivansh@example.com,Bidar,Jharkhand,1980-01-19,Premium,2025-10-01
C000390,Azaan,Lala,kevin74@example.net,Kirari Suleman Nagar,Manipur,1961-12-18,Business,2024-09-19
C000878,Rachit,Sen,dakshalad@example.org,Ulhasnagar,Arunachal Pradesh,1954-01-27,Standard,2022-09-30
C005131,Nitesh,Sangha,ekaniloke@example.com,Aizawl,Rajasthan,2005-02-21,Standard,2021-08-09
C002997,Mitesh,Memon,rohanbedi@example.com,Kollam,Andhra Pradesh,1952-03-02,Business,2022-10-16
C009137,Vivaan,Kaur,kondachaitaly@example.org,Bhilai,Telangana,1986-03-01,Standard,2025-03-10
C009717,Shivansh,Samra,asur@example.net,Jodhpur,Mizoram,1989-12-03,Standard,2025-09-13
C003479,Hemangini,Shanker,ckapur@example.org,Ozhukarai,Gujarat,2001-11-29,Business,2023-12-10
C001854,Tanay,Vaidya,anirudhsur@example.com,Noida,Mizoram,1984-08-11,Premium,2025-03-13
C006314,Darika,Gandhi,ybose@example.org,Jhansi,Sikkim,2004-09-18,Business,2023-04-14
C001369,Jagdish,Maharaj,rudra19@example.org,Bihar Sharif,Bihar,1969-05-07,Premium,2021-11-01
C000302,Jyoti,Ben,horachandran@example.org,Pudukkottai,Meghalaya,1954-09-14,Premium,2023-11-09
C009925,Amaira,Rege,manbirmall@example.net,Bidhannagar,Rajasthan,1957-05-13,Premium,2024-06-09
C000988,Indrajit,Bajaj,handachaitaly@example.net,Darbhanga,Odisha,2002-12-12,Business,2025-10-07
C009594,Thomas,Gulati,aarnavgill@example.org,Phagwara,Manipur,2006-10-23,Standard,2026-06-05
C006133,Yachana,Ganesh,horaanjali@example.org,Durg,Tripura,2005-05-24,Business,2022-09-15
C005552,Kamala,Kapadia,mallbina@example.org,Durgapur,Sikkim,1956-03-01,Business,2022-09-03
C004576,Anusha,Bhatt,oliverkota@example.com,Nellore,Mizoram,1994-07-01,Standard,2024-09-20
C001707,Ikshita,Kohli,obahl@example.org,Eluru,Maharashtra,1962-06-01,Premium,2025-11-30
C001825,Raksha,Bal,lohit76@example.com,Dewas,Karnataka,1956-10-07,Business,2023-05-17
C004597,Frado,Kade,lajita79@example.net,Anand,Meghalaya,1981-04-22,Standard,2022-07-04
C009180,Onkar,Nazareth,lavanyagupta@example.net,Ramgarh,Meghalaya,1973-08-02,Business,2024-06-06
C002586,Laban,Savant,wkaul@example.net,Kharagpur,Mizoram,1991-09-16,Premium,2022-05-22
C004149,Gautami,Boase,agarwalsai@example.com,Gurgaon,Maharashtra,2002-01-01,Premium,2023-09-01
C005248,Abdul,Rana,kundasiddharth@example.net,Ramgarh,Mizoram,1984-03-15,Standard,2024-12-31
C002378,Zansi,Garde,radhika02@example.com,Karaikudi,Mizoram,2003-03-23,Standard,2022-06-02
C009877,Abdul,Deol,ebandi@example.org,Bidhannagar,Assam,1972-11-23,Standard,2023-03-30
C009073,Rehaan,Chaudhuri,baliyashasvi@example.com,Morena,Tamil Nadu,1984-12-16,Standard,2022-03-10
C000900,Ekavir,Anne,aarini48@example.com,Dehri,Rajasthan,1968-01-29,Standard,2022-10-29
C009166,Eiravati,Sahota,yasti91@example.org,Nagercoil,Kerala,1981-10-12,Business,2023-01-14
C007299,Tanvi,Mahal,jverma@example.org,Imphal,Telangana,1980-10-15,Premium,2026-06-05
C003018,Aarini,Batta,nigamharinakshi@example.org,Bettiah,Maharashtra,1964-04-08,Standard,2023-02-17
C009656,Lipika,Dhawan,veerraj@example.org,Kirari Suleman Nagar,Meghalaya,1964-01-15,business,2025-08-09
C006270,Gauri,Bassi,mekhalatank@example.org,Durg,Madhya Pradesh,1990-09-02,Business,2024-03-03
C001553,Keya,Vyas,kondamax@example.org,Hindupur,Telangana,1969-06-11,Premium,2025-05-05
C009636,Jagrati,Ganesh,mohinikala@example.org,Varanasi,Goa,1960-05-16,Business,2026-02-16
C009574,Fiyaz,Thaker,tiwaribhavna@example.org,Bidhannagar,Tripura,1957-07-04,Business,2023-08-06
C008756,Vinaya,Murthy,harinakshi67@example.net,Anand,Haryana,1998-09-10,Standard,2022-11-15
C008535,Tejas,Kadakia,tankaarini@example.net,Bhatpara,Himachal Pradesh,1950-08-03,Premium,2026-05-05
C003194,Omkaar,Sawhney,vrindawali@example.com,Kamarhati,Himachal Pradesh,1946-07-28,Standard,2022-07-11
